contentId,creatorId,title,lengthSec,format,platform,createdAt
"c1","creator_1","Synthetic Item 1",361,"video","youtube","2025-01-01"
"c2","creator_2","Synthetic Item 2",62,"article","blog","2025-01-01"
"c3","creator_3","Synthetic Item 3",63,"short","instagram","2025-01-01"
"c4","creator_4","Synthetic Item 4",64,"podcast","tiktok","2025-01-01"
"c5","creator_5","Synthetic Item 5",65,"live","twitch","2025-01-01"
"c6","creator_6","Synthetic Item 6",66,"video","spotify","2025-01-01"
"c7","creator_7","Synthetic Item 7",67,"article","youtube","2025-01-01"
"c8","creator_8","Synthetic Item 8",68,"short","blog","2025-01-01"
"c9","creator_9","Synthetic Item 9",69,"podcast","instagram","2025-01-01"
"c10","creator_10","Synthetic Item 10",70,"live","tiktok","2025-01-01"
"c11","creator_11","Synthetic Item 11",71,"video","twitch","2025-01-01"
"c12","creator_12","Synthetic Item 12",72,"article","spotify","2025-01-01"
"c13","creator_13","Synthetic Item 13",73,"short","youtube","2025-01-01"
"c14","creator_14","Synthetic Item 14",74,"podcast","blog","2025-01-01"
"c15","creator_15","Synthetic Item 15",75,"live","instagram","2025-01-01"
"c16","creator_16","Synthetic Item 16",76,"video","tiktok","2025-01-01"
"c17","creator_17","Synthetic Item 17",77,"article","twitch","2025-01-01"
"c18","creator_18","Synthetic Item 18",78,"short","spotify","2025-01-01"
"c19","creator_19","Synthetic Item 19",79,"podcast","youtube","2025-01-01"
"c20","creator_20","Synthetic Item 20",80,"live","blog","2025-01-01"
"c21","creator_21","Synthetic Item 21",81,"video","instagram","2025-01-01"
"c22","creator_22","Synthetic Item 22",82,"article","tiktok","2025-01-01"
"c23","creator_23","Synthetic Item 23",83,"short","twitch","2025-01-01"
"c24","creator_24","Synthetic Item 24",84,"podcast","spotify","2025-01-01"
"c25","creator_25","Synthetic Item 25",85,"live","youtube","2025-01-01"
"c26","creator_26","Synthetic Item 26",86,"video","blog","2025-01-01"
"c27","creator_27","Synthetic Item 27",87,"article","instagram","2025-01-01"
"c28","creator_28","Synthetic Item 28",88,"short","tiktok","2025-01-01"
"c29","creator_29","Synthetic Item 29",89,"podcast","twitch","2025-01-01"
"c30","creator_30","Synthetic Item 30",90,"live","spotify","2025-01-01"
"c31","creator_31","Synthetic Item 31",91,"video","youtube","2025-01-01"
"c32","creator_32","Synthetic Item 32",92,"article","blog","2025-01-01"
"c33","creator_33","Synthetic Item 33",93,"short","instagram","2025-01-01"
"c34","creator_34","Synthetic Item 34",94,"podcast","tiktok","2025-01-01"
"c35","creator_35","Synthetic Item 35",95,"live","twitch","2025-01-01"
"c36","creator_36","Synthetic Item 36",96,"video","spotify","2025-01-01"
"c37","creator_37","Synthetic Item 37",97,"article","youtube","2025-01-01"
"c38","creator_38","Synthetic Item 38",98,"short","blog","2025-01-01"
"c39","creator_39","Synthetic Item 39",99,"podcast","instagram","2025-01-01"
"c40","creator_40","Synthetic Item 40",100,"live","tiktok","2025-01-01"
"c41","creator_41","Synthetic Item 41",101,"video","twitch","2025-01-01"
"c42","creator_42","Synthetic Item 42",102,"article","spotify","2025-01-01"
"c43","creator_43","Synthetic Item 43",103,"short","youtube","2025-01-01"
"c44","creator_44","Synthetic Item 44",104,"podcast","blog","2025-01-01"
"c45","creator_45","Synthetic Item 45",105,"live","instagram","2025-01-01"
"c46","creator_46","Synthetic Item 46",106,"video","tiktok","2025-01-01"
"c47","creator_47","Synthetic Item 47",107,"article","twitch","2025-01-01"
"c48","creator_48","Synthetic Item 48",108,"short","spotify","2025-01-01"
"c49","creator_49","Synthetic Item 49",109,"podcast","youtube","2025-01-01"
"c50","creator_50","Synthetic Item 50",110,"live","blog","2025-01-01"
"c51","creator_1","Synthetic Item 51",111,"video","instagram","2025-01-01"
"c52","creator_2","Synthetic Item 52",112,"article","tiktok","2025-01-01"
"c53","creator_3","Synthetic Item 53",113,"short","twitch","2025-01-01"
"c54","creator_4","Synthetic Item 54",114,"podcast","spotify","2025-01-01"
"c55","creator_5","Synthetic Item 55",115,"live","youtube","2025-01-01"
"c56","creator_6","Synthetic Item 56",116,"video","blog","2025-01-01"
"c57","creator_7","Synthetic Item 57",117,"article","instagram","2025-01-01"
"c58","creator_8","Synthetic Item 58",118,"short","tiktok","2025-01-01"
"c59","creator_9","Synthetic Item 59",119,"podcast","twitch","2025-01-01"
"c60","creator_10","Synthetic Item 60",120,"live","spotify","2025-01-01"
"c61","creator_11","Synthetic Item 61",121,"video","youtube","2025-01-01"
"c62","creator_12","Synthetic Item 62",122,"article","blog","2025-01-01"
"c63","creator_13","Synthetic Item 63",123,"short","instagram","2025-01-01"
"c64","creator_14","Synthetic Item 64",124,"podcast","tiktok","2025-01-01"
"c65","creator_15","Synthetic Item 65",125,"live","twitch","2025-01-01"
"c66","creator_16","Synthetic Item 66",126,"video","spotify","2025-01-01"
"c67","creator_17","Synthetic Item 67",127,"article","youtube","2025-01-01"
"c68","creator_18","Synthetic Item 68",128,"short","blog","2025-01-01"
"c69","creator_19","Synthetic Item 69",129,"podcast","instagram","2025-01-01"
"c70","creator_20","Synthetic Item 70",130,"live","tiktok","2025-01-01"
"c71","creator_21","Synthetic Item 71",131,"video","twitch","2025-01-01"
"c72","creator_22","Synthetic Item 72",132,"article","spotify","2025-01-01"
"c73","creator_23","Synthetic Item 73",133,"short","youtube","2025-01-01"
"c74","creator_24","Synthetic Item 74",134,"podcast","blog","2025-01-01"
"c75","creator_25","Synthetic Item 75",135,"live","instagram","2025-01-01"
"c76","creator_26","Synthetic Item 76",136,"video","tiktok","2025-01-01"
"c77","creator_27","Synthetic Item 77",137,"article","twitch","2025-01-01"
"c78","creator_28","Synthetic Item 78",138,"short","spotify","2025-01-01"
"c79","creator_29","Synthetic Item 79",139,"podcast","youtube","2025-01-01"
"c80","creator_30","Synthetic Item 80",140,"live","blog","2025-01-01"
"c81","creator_31","Synthetic Item 81",141,"video","instagram","2025-01-01"
"c82","creator_32","Synthetic Item 82",142,"article","tiktok","2025-01-01"
"c83","creator_33","Synthetic Item 83",143,"short","twitch","2025-01-01"
"c84","creator_34","Synthetic Item 84",144,"podcast","spotify","2025-01-01"
"c85","creator_35","Synthetic Item 85",145,"live","youtube","2025-01-01"
"c86","creator_36","Synthetic Item 86",146,"video","blog","2025-01-01"
"c87","creator_37","Synthetic Item 87",147,"article","instagram","2025-01-01"
"c88","creator_38","Synthetic Item 88",148,"short","tiktok","2025-01-01"
"c89","creator_39","Synthetic Item 89",149,"podcast","twitch","2025-01-01"
"c90","creator_40","Synthetic Item 90",150,"live","spotify","2025-01-01"
"c91","creator_41","Synthetic Item 91",151,"video","youtube","2025-01-01"
"c92","creator_42","Synthetic Item 92",152,"article","blog","2025-01-01"
"c93","creator_43","Synthetic Item 93",153,"short","instagram","2025-01-01"
"c94","creator_44","Synthetic Item 94",154,"podcast","tiktok","2025-01-01"
"c95","creator_45","Synthetic Item 95",155,"live","twitch","2025-01-01"
"c96","creator_46","Synthetic Item 96",156,"video","spotify","2025-01-01"
"c97","creator_47","Synthetic Item 97",157,"article","youtube","2025-01-01"
"c98","creator_48","Synthetic Item 98",158,"short","blog","2025-01-01"
"c99","creator_49","Synthetic Item 99",159,"podcast","instagram","2025-01-01"
"c100","creator_50","Synthetic Item 100",160,"live","tiktok","2025-01-01"
"c101","creator_1","Synthetic Item 101",161,"video","twitch","2025-01-01"
"c102","creator_2","Synthetic Item 102",162,"article","spotify","2025-01-01"
"c103","creator_3","Synthetic Item 103",163,"short","youtube","2025-01-01"
"c104","creator_4","Synthetic Item 104",164,"podcast","blog","2025-01-01"
"c105","creator_5","Synthetic Item 105",165,"live","instagram","2025-01-01"
"c106","creator_6","Synthetic Item 106",166,"video","tiktok","2025-01-01"
"c107","creator_7","Synthetic Item 107",167,"article","twitch","2025-01-01"
"c108","creator_8","Synthetic Item 108",168,"short","spotify","2025-01-01"
"c109","creator_9","Synthetic Item 109",169,"podcast","youtube","2025-01-01"
"c110","creator_10","Synthetic Item 110",170,"live","blog","2025-01-01"
"c111","creator_11","Synthetic Item 111",171,"video","instagram","2025-01-01"
"c112","creator_12","Synthetic Item 112",172,"article","tiktok","2025-01-01"
"c113","creator_13","Synthetic Item 113",173,"short","twitch","2025-01-01"
"c114","creator_14","Synthetic Item 114",174,"podcast","spotify","2025-01-01"
"c115","creator_15","Synthetic Item 115",175,"live","youtube","2025-01-01"
"c116","creator_16","Synthetic Item 116",176,"video","blog","2025-01-01"
"c117","creator_17","Synthetic Item 117",177,"article","instagram","2025-01-01"
"c118","creator_18","Synthetic Item 118",178,"short","tiktok","2025-01-01"
"c119","creator_19","Synthetic Item 119",179,"podcast","twitch","2025-01-01"
"c120","creator_20","Synthetic Item 120",180,"live","spotify","2025-01-01"
"c121","creator_21","Synthetic Item 121",181,"video","youtube","2025-01-01"
"c122","creator_22","Synthetic Item 122",182,"article","blog","2025-01-01"
"c123","creator_23","Synthetic Item 123",183,"short","instagram","2025-01-01"
"c124","creator_24","Synthetic Item 124",184,"podcast","tiktok","2025-01-01"
"c125","creator_25","Synthetic Item 125",185,"live","twitch","2025-01-01"
"c126","creator_26","Synthetic Item 126",186,"video","spotify","2025-01-01"
"c127","creator_27","Synthetic Item 127",187,"article","youtube","2025-01-01"
"c128","creator_28","Synthetic Item 128",188,"short","blog","2025-01-01"
"c129","creator_29","Synthetic Item 129",189,"podcast","instagram","2025-01-01"
"c130","creator_30","Synthetic Item 130",190,"live","tiktok","2025-01-01"
"c131","creator_31","Synthetic Item 131",191,"video","twitch","2025-01-01"
"c132","creator_32","Synthetic Item 132",192,"article","spotify","2025-01-01"
"c133","creator_33","Synthetic Item 133",193,"short","youtube","2025-01-01"
"c134","creator_34","Synthetic Item 134",194,"podcast","blog","2025-01-01"
"c135","creator_35","Synthetic Item 135",195,"live","instagram","2025-01-01"
"c136","creator_36","Synthetic Item 136",196,"video","tiktok","2025-01-01"
"c137","creator_37","Synthetic Item 137",197,"article","twitch","2025-01-01"
"c138","creator_38","Synthetic Item 138",198,"short","spotify","2025-01-01"
"c139","creator_39","Synthetic Item 139",199,"podcast","youtube","2025-01-01"
"c140","creator_40","Synthetic Item 140",200,"live","blog","2025-01-01"
"c141","creator_41","Synthetic Item 141",201,"video","instagram","2025-01-01"
"c142","creator_42","Synthetic Item 142",202,"article","tiktok","2025-01-01"
"c143","creator_43","Synthetic Item 143",203,"short","twitch","2025-01-01"
"c144","creator_44","Synthetic Item 144",204,"podcast","spotify","2025-01-01"
"c145","creator_45","Synthetic Item 145",205,"live","youtube","2025-01-01"
"c146","creator_46","Synthetic Item 146",206,"video","blog","2025-01-01"
"c147","creator_47","Synthetic Item 147",207,"article","instagram","2025-01-01"
"c148","creator_48","Synthetic Item 148",208,"short","tiktok","2025-01-01"
"c149","creator_49","Synthetic Item 149",209,"podcast","twitch","2025-01-01"
"c150","creator_50","Synthetic Item 150",210,"live","spotify","2025-01-01"
"c151","creator_1","Synthetic Item 151",211,"video","youtube","2025-01-01"
"c152","creator_2","Synthetic Item 152",212,"article","blog","2025-01-01"
"c153","creator_3","Synthetic Item 153",213,"short","instagram","2025-01-01"
"c154","creator_4","Synthetic Item 154",214,"podcast","tiktok","2025-01-01"
"c155","creator_5","Synthetic Item 155",215,"live","twitch","2025-01-01"
"c156","creator_6","Synthetic Item 156",216,"video","spotify","2025-01-01"
"c157","creator_7","Synthetic Item 157",217,"article","youtube","2025-01-01"
"c158","creator_8","Synthetic Item 158",218,"short","blog","2025-01-01"
"c159","creator_9","Synthetic Item 159",219,"podcast","instagram","2025-01-01"
"c160","creator_10","Synthetic Item 160",220,"live","tiktok","2025-01-01"
"c161","creator_11","Synthetic Item 161",221,"video","twitch","2025-01-01"
"c162","creator_12","Synthetic Item 162",222,"article","spotify","2025-01-01"
"c163","creator_13","Synthetic Item 163",223,"short","youtube","2025-01-01"
"c164","creator_14","Synthetic Item 164",224,"podcast","blog","2025-01-01"
"c165","creator_15","Synthetic Item 165",225,"live","instagram","2025-01-01"
"c166","creator_16","Synthetic Item 166",226,"video","tiktok","2025-01-01"
"c167","creator_17","Synthetic Item 167",227,"article","twitch","2025-01-01"
"c168","creator_18","Synthetic Item 168",228,"short","spotify","2025-01-01"
"c169","creator_19","Synthetic Item 169",229,"podcast","youtube","2025-01-01"
"c170","creator_20","Synthetic Item 170",230,"live","blog","2025-01-01"
"c171","creator_21","Synthetic Item 171",231,"video","instagram","2025-01-01"
"c172","creator_22","Synthetic Item 172",232,"article","tiktok","2025-01-01"
"c173","creator_23","Synthetic Item 173",233,"short","twitch","2025-01-01"
"c174","creator_24","Synthetic Item 174",234,"podcast","spotify","2025-01-01"
"c175","creator_25","Synthetic Item 175",235,"live","youtube","2025-01-01"
"c176","creator_26","Synthetic Item 176",236,"video","blog","2025-01-01"
"c177","creator_27","Synthetic Item 177",237,"article","instagram","2025-01-01"
"c178","creator_28","Synthetic Item 178",238,"short","tiktok","2025-01-01"
"c179","creator_29","Synthetic Item 179",239,"podcast","twitch","2025-01-01"
"c180","creator_30","Synthetic Item 180",240,"live","spotify","2025-01-01"
"c181","creator_31","Synthetic Item 181",241,"video","youtube","2025-01-01"
"c182","creator_32","Synthetic Item 182",242,"article","blog","2025-01-01"
"c183","creator_33","Synthetic Item 183",243,"short","instagram","2025-01-01"
"c184","creator_34","Synthetic Item 184",244,"podcast","tiktok","2025-01-01"
"c185","creator_35","Synthetic Item 185",245,"live","twitch","2025-01-01"
"c186","creator_36","Synthetic Item 186",246,"video","spotify","2025-01-01"
"c187","creator_37","Synthetic Item 187",247,"article","youtube","2025-01-01"
"c188","creator_38","Synthetic Item 188",248,"short","blog","2025-01-01"
"c189","creator_39","Synthetic Item 189",249,"podcast","instagram","2025-01-01"
"c190","creator_40","Synthetic Item 190",250,"live","tiktok","2025-01-01"
"c191","creator_41","Synthetic Item 191",251,"video","twitch","2025-01-01"
"c192","creator_42","Synthetic Item 192",252,"article","spotify","2025-01-01"
"c193","creator_43","Synthetic Item 193",253,"short","youtube","2025-01-01"
"c194","creator_44","Synthetic Item 194",254,"podcast","blog","2025-01-01"
"c195","creator_45","Synthetic Item 195",255,"live","instagram","2025-01-01"
"c196","creator_46","Synthetic Item 196",256,"video","tiktok","2025-01-01"
"c197","creator_47","Synthetic Item 197",257,"article","twitch","2025-01-01"
"c198","creator_48","Synthetic Item 198",258,"short","spotify","2025-01-01"
"c199","creator_49","Synthetic Item 199",259,"podcast","youtube","2025-01-01"
"c200","creator_50","Synthetic Item 200",260,"live","blog","2025-01-01"
"c201","creator_1","Synthetic Item 201",261,"video","instagram","2025-01-01"
"c202","creator_2","Synthetic Item 202",262,"article","tiktok","2025-01-01"
"c203","creator_3","Synthetic Item 203",263,"short","twitch","2025-01-01"
"c204","creator_4","Synthetic Item 204",264,"podcast","spotify","2025-01-01"
"c205","creator_5","Synthetic Item 205",265,"live","youtube","2025-01-01"
"c206","creator_6","Synthetic Item 206",266,"video","blog","2025-01-01"
"c207","creator_7","Synthetic Item 207",267,"article","instagram","2025-01-01"
"c208","creator_8","Synthetic Item 208",268,"short","tiktok","2025-01-01"
"c209","creator_9","Synthetic Item 209",269,"podcast","twitch","2025-01-01"
"c210","creator_10","Synthetic Item 210",270,"live","spotify","2025-01-01"
"c211","creator_11","Synthetic Item 211",271,"video","youtube","2025-01-01"
"c212","creator_12","Synthetic Item 212",272,"article","blog","2025-01-01"
"c213","creator_13","Synthetic Item 213",273,"short","instagram","2025-01-01"
"c214","creator_14","Synthetic Item 214",274,"podcast","tiktok","2025-01-01"
"c215","creator_15","Synthetic Item 215",275,"live","twitch","2025-01-01"
"c216","creator_16","Synthetic Item 216",276,"video","spotify","2025-01-01"
"c217","creator_17","Synthetic Item 217",277,"article","youtube","2025-01-01"
"c218","creator_18","Synthetic Item 218",278,"short","blog","2025-01-01"
"c219","creator_19","Synthetic Item 219",279,"podcast","instagram","2025-01-01"
"c220","creator_20","Synthetic Item 220",280,"live","tiktok","2025-01-01"
"c221","creator_21","Synthetic Item 221",281,"video","twitch","2025-01-01"
"c222","creator_22","Synthetic Item 222",282,"article","spotify","2025-01-01"
"c223","creator_23","Synthetic Item 223",283,"short","youtube","2025-01-01"
"c224","creator_24","Synthetic Item 224",284,"podcast","blog","2025-01-01"
"c225","creator_25","Synthetic Item 225",285,"live","instagram","2025-01-01"
"c226","creator_26","Synthetic Item 226",286,"video","tiktok","2025-01-01"
"c227","creator_27","Synthetic Item 227",287,"article","twitch","2025-01-01"
"c228","creator_28","Synthetic Item 228",288,"short","spotify","2025-01-01"
"c229","creator_29","Synthetic Item 229",289,"podcast","youtube","2025-01-01"
"c230","creator_30","Synthetic Item 230",290,"live","blog","2025-01-01"
"c231","creator_31","Synthetic Item 231",291,"video","instagram","2025-01-01"
"c232","creator_32","Synthetic Item 232",292,"article","tiktok","2025-01-01"
"c233","creator_33","Synthetic Item 233",293,"short","twitch","2025-01-01"
"c234","creator_34","Synthetic Item 234",294,"podcast","spotify","2025-01-01"
"c235","creator_35","Synthetic Item 235",295,"live","youtube","2025-01-01"
"c236","creator_36","Synthetic Item 236",296,"video","blog","2025-01-01"
"c237","creator_37","Synthetic Item 237",297,"article","instagram","2025-01-01"
"c238","creator_38","Synthetic Item 238",298,"short","tiktok","2025-01-01"
"c239","creator_39","Synthetic Item 239",299,"podcast","twitch","2025-01-01"
"c240","creator_40","Synthetic Item 240",300,"live","spotify","2025-01-01"
"c241","creator_41","Synthetic Item 241",301,"video","youtube","2025-01-01"
"c242","creator_42","Synthetic Item 242",302,"article","blog","2025-01-01"
"c243","creator_43","Synthetic Item 243",303,"short","instagram","2025-01-01"
"c244","creator_44","Synthetic Item 244",304,"podcast","tiktok","2025-01-01"
"c245","creator_45","Synthetic Item 245",305,"live","twitch","2025-01-01"
"c246","creator_46","Synthetic Item 246",306,"video","spotify","2025-01-01"
"c247","creator_47","Synthetic Item 247",307,"article","youtube","2025-01-01"
"c248","creator_48","Synthetic Item 248",308,"short","blog","2025-01-01"
"c249","creator_49","Synthetic Item 249",309,"podcast","instagram","2025-01-01"
"c250","creator_50","Synthetic Item 250",310,"live","tiktok","2025-01-01"
"c251","creator_1","Synthetic Item 251",311,"video","twitch","2025-01-01"
"c252","creator_2","Synthetic Item 252",312,"article","spotify","2025-01-01"
"c253","creator_3","Synthetic Item 253",313,"short","youtube","2025-01-01"
"c254","creator_4","Synthetic Item 254",314,"podcast","blog","2025-01-01"
"c255","creator_5","Synthetic Item 255",315,"live","instagram","2025-01-01"
"c256","creator_6","Synthetic Item 256",316,"video","tiktok","2025-01-01"
"c257","creator_7","Synthetic Item 257",317,"article","twitch","2025-01-01"
"c258","creator_8","Synthetic Item 258",318,"short","spotify","2025-01-01"
"c259","creator_9","Synthetic Item 259",319,"podcast","youtube","2025-01-01"
"c260","creator_10","Synthetic Item 260",320,"live","blog","2025-01-01"
"c261","creator_11","Synthetic Item 261",321,"video","instagram","2025-01-01"
"c262","creator_12","Synthetic Item 262",322,"article","tiktok","2025-01-01"
"c263","creator_13","Synthetic Item 263",323,"short","twitch","2025-01-01"
"c264","creator_14","Synthetic Item 264",324,"podcast","spotify","2025-01-01"
"c265","creator_15","Synthetic Item 265",325,"live","youtube","2025-01-01"
"c266","creator_16","Synthetic Item 266",326,"video","blog","2025-01-01"
"c267","creator_17","Synthetic Item 267",327,"article","instagram","2025-01-01"
"c268","creator_18","Synthetic Item 268",328,"short","tiktok","2025-01-01"
"c269","creator_19","Synthetic Item 269",329,"podcast","twitch","2025-01-01"
"c270","creator_20","Synthetic Item 270",330,"live","spotify","2025-01-01"
"c271","creator_21","Synthetic Item 271",331,"video","youtube","2025-01-01"
"c272","creator_22","Synthetic Item 272",332,"article","blog","2025-01-01"
"c273","creator_23","Synthetic Item 273",333,"short","instagram","2025-01-01"
"c274","creator_24","Synthetic Item 274",334,"podcast","tiktok","2025-01-01"
"c275","creator_25","Synthetic Item 275",335,"live","twitch","2025-01-01"
"c276","creator_26","Synthetic Item 276",336,"video","spotify","2025-01-01"
"c277","creator_27","Synthetic Item 277",337,"article","youtube","2025-01-01"
"c278","creator_28","Synthetic Item 278",338,"short","blog","2025-01-01"
"c279","creator_29","Synthetic Item 279",339,"podcast","instagram","2025-01-01"
"c280","creator_30","Synthetic Item 280",340,"live","tiktok","2025-01-01"
"c281","creator_31","Synthetic Item 281",341,"video","twitch","2025-01-01"
"c282","creator_32","Synthetic Item 282",342,"article","spotify","2025-01-01"
"c283","creator_33","Synthetic Item 283",343,"short","youtube","2025-01-01"
"c284","creator_34","Synthetic Item 284",344,"podcast","blog","2025-01-01"
"c285","creator_35","Synthetic Item 285",345,"live","instagram","2025-01-01"
"c286","creator_36","Synthetic Item 286",346,"video","tiktok","2025-01-01"
"c287","creator_37","Synthetic Item 287",347,"article","twitch","2025-01-01"
"c288","creator_38","Synthetic Item 288",348,"short","spotify","2025-01-01"
"c289","creator_39","Synthetic Item 289",349,"podcast","youtube","2025-01-01"
"c290","creator_40","Synthetic Item 290",350,"live","blog","2025-01-01"
"c291","creator_41","Synthetic Item 291",351,"video","instagram","2025-01-01"
"c292","creator_42","Synthetic Item 292",352,"article","tiktok","2025-01-01"
"c293","creator_43","Synthetic Item 293",353,"short","twitch","2025-01-01"
"c294","creator_44","Synthetic Item 294",354,"podcast","spotify","2025-01-01"
"c295","creator_45","Synthetic Item 295",355,"live","youtube","2025-01-01"
"c296","creator_46","Synthetic Item 296",356,"video","blog","2025-01-01"
"c297","creator_47","Synthetic Item 297",357,"article","instagram","2025-01-01"
"c298","creator_48","Synthetic Item 298",358,"short","tiktok","2025-01-01"
"c299","creator_49","Synthetic Item 299",359,"podcast","twitch","2025-01-01"
"c300","creator_50","Synthetic Item 300",360,"live","spotify","2025-01-01"
"c301","creator_1","Synthetic Item 301",361,"video","youtube","2025-01-01"
"c302","creator_2","Synthetic Item 302",362,"article","blog","2025-01-01"
"c303","creator_3","Synthetic Item 303",363,"short","instagram","2025-01-01"
"c304","creator_4","Synthetic Item 304",364,"podcast","tiktok","2025-01-01"
"c305","creator_5","Synthetic Item 305",365,"live","twitch","2025-01-01"
"c306","creator_6","Synthetic Item 306",366,"video","spotify","2025-01-01"
"c307","creator_7","Synthetic Item 307",367,"article","youtube","2025-01-01"
"c308","creator_8","Synthetic Item 308",368,"short","blog","2025-01-01"
"c309","creator_9","Synthetic Item 309",369,"podcast","instagram","2025-01-01"
"c310","creator_10","Synthetic Item 310",370,"live","tiktok","2025-01-01"
"c311","creator_11","Synthetic Item 311",371,"video","twitch","2025-01-01"
"c312","creator_12","Synthetic Item 312",372,"article","spotify","2025-01-01"
"c313","creator_13","Synthetic Item 313",373,"short","youtube","2025-01-01"
"c314","creator_14","Synthetic Item 314",374,"podcast","blog","2025-01-01"
"c315","creator_15","Synthetic Item 315",375,"live","instagram","2025-01-01"
"c316","creator_16","Synthetic Item 316",376,"video","tiktok","2025-01-01"
"c317","creator_17","Synthetic Item 317",377,"article","twitch","2025-01-01"
"c318","creator_18","Synthetic Item 318",378,"short","spotify","2025-01-01"
"c319","creator_19","Synthetic Item 319",379,"podcast","youtube","2025-01-01"
"c320","creator_20","Synthetic Item 320",380,"live","blog","2025-01-01"
"c321","creator_21","Synthetic Item 321",381,"video","instagram","2025-01-01"
"c322","creator_22","Synthetic Item 322",382,"article","tiktok","2025-01-01"
"c323","creator_23","Synthetic Item 323",383,"short","twitch","2025-01-01"
"c324","creator_24","Synthetic Item 324",384,"podcast","spotify","2025-01-01"
"c325","creator_25","Synthetic Item 325",385,"live","youtube","2025-01-01"
"c326","creator_26","Synthetic Item 326",386,"video","blog","2025-01-01"
"c327","creator_27","Synthetic Item 327",387,"article","instagram","2025-01-01"
"c328","creator_28","Synthetic Item 328",388,"short","tiktok","2025-01-01"
"c329","creator_29","Synthetic Item 329",389,"podcast","twitch","2025-01-01"
"c330","creator_30","Synthetic Item 330",390,"live","spotify","2025-01-01"
"c331","creator_31","Synthetic Item 331",391,"video","youtube","2025-01-01"
"c332","creator_32","Synthetic Item 332",392,"article","blog","2025-01-01"
"c333","creator_33","Synthetic Item 333",393,"short","instagram","2025-01-01"
"c334","creator_34","Synthetic Item 334",394,"podcast","tiktok","2025-01-01"
"c335","creator_35","Synthetic Item 335",395,"live","twitch","2025-01-01"
"c336","creator_36","Synthetic Item 336",396,"video","spotify","2025-01-01"
"c337","creator_37","Synthetic Item 337",397,"article","youtube","2025-01-01"
"c338","creator_38","Synthetic Item 338",398,"short","blog","2025-01-01"
"c339","creator_39","Synthetic Item 339",399,"podcast","instagram","2025-01-01"
"c340","creator_40","Synthetic Item 340",400,"live","tiktok","2025-01-01"
"c341","creator_41","Synthetic Item 341",401,"video","twitch","2025-01-01"
"c342","creator_42","Synthetic Item 342",402,"article","spotify","2025-01-01"
"c343","creator_43","Synthetic Item 343",403,"short","youtube","2025-01-01"
"c344","creator_44","Synthetic Item 344",404,"podcast","blog","2025-01-01"
"c345","creator_45","Synthetic Item 345",405,"live","instagram","2025-01-01"
"c346","creator_46","Synthetic Item 346",406,"video","tiktok","2025-01-01"
"c347","creator_47","Synthetic Item 347",407,"article","twitch","2025-01-01"
"c348","creator_48","Synthetic Item 348",408,"short","spotify","2025-01-01"
"c349","creator_49","Synthetic Item 349",409,"podcast","youtube","2025-01-01"
"c350","creator_50","Synthetic Item 350",410,"live","blog","2025-01-01"
"c351","creator_1","Synthetic Item 351",411,"video","instagram","2025-01-01"
"c352","creator_2","Synthetic Item 352",412,"article","tiktok","2025-01-01"
"c353","creator_3","Synthetic Item 353",413,"short","twitch","2025-01-01"
"c354","creator_4","Synthetic Item 354",414,"podcast","spotify","2025-01-01"
"c355","creator_5","Synthetic Item 355",415,"live","youtube","2025-01-01"
"c356","creator_6","Synthetic Item 356",416,"video","blog","2025-01-01"
"c357","creator_7","Synthetic Item 357",417,"article","instagram","2025-01-01"
"c358","creator_8","Synthetic Item 358",418,"short","tiktok","2025-01-01"
"c359","creator_9","Synthetic Item 359",419,"podcast","twitch","2025-01-01"
"c360","creator_10","Synthetic Item 360",420,"live","spotify","2025-01-01"
"c361","creator_11","Synthetic Item 361",421,"video","youtube","2025-01-01"
"c362","creator_12","Synthetic Item 362",422,"article","blog","2025-01-01"
"c363","creator_13","Synthetic Item 363",423,"short","instagram","2025-01-01"
"c364","creator_14","Synthetic Item 364",424,"podcast","tiktok","2025-01-01"
"c365","creator_15","Synthetic Item 365",425,"live","twitch","2025-01-01"
"c366","creator_16","Synthetic Item 366",426,"video","spotify","2025-01-01"
"c367","creator_17","Synthetic Item 367",427,"article","youtube","2025-01-01"
"c368","creator_18","Synthetic Item 368",428,"short","blog","2025-01-01"
"c369","creator_19","Synthetic Item 369",429,"podcast","instagram","2025-01-01"
"c370","creator_20","Synthetic Item 370",430,"live","tiktok","2025-01-01"
"c371","creator_21","Synthetic Item 371",431,"video","twitch","2025-01-01"
"c372","creator_22","Synthetic Item 372",432,"article","spotify","2025-01-01"
"c373","creator_23","Synthetic Item 373",433,"short","youtube","2025-01-01"
"c374","creator_24","Synthetic Item 374",434,"podcast","blog","2025-01-01"
"c375","creator_25","Synthetic Item 375",435,"live","instagram","2025-01-01"
"c376","creator_26","Synthetic Item 376",436,"video","tiktok","2025-01-01"
"c377","creator_27","Synthetic Item 377",437,"article","twitch","2025-01-01"
"c378","creator_28","Synthetic Item 378",438,"short","spotify","2025-01-01"
"c379","creator_29","Synthetic Item 379",439,"podcast","youtube","2025-01-01"
"c380","creator_30","Synthetic Item 380",440,"live","blog","2025-01-01"
"c381","creator_31","Synthetic Item 381",441,"video","instagram","2025-01-01"
"c382","creator_32","Synthetic Item 382",442,"article","tiktok","2025-01-01"
"c383","creator_33","Synthetic Item 383",443,"short","twitch","2025-01-01"
"c384","creator_34","Synthetic Item 384",444,"podcast","spotify","2025-01-01"
"c385","creator_35","Synthetic Item 385",445,"live","youtube","2025-01-01"
"c386","creator_36","Synthetic Item 386",446,"video","blog","2025-01-01"
"c387","creator_37","Synthetic Item 387",447,"article","instagram","2025-01-01"
"c388","creator_38","Synthetic Item 388",448,"short","tiktok","2025-01-01"
"c389","creator_39","Synthetic Item 389",449,"podcast","twitch","2025-01-01"
"c390","creator_40","Synthetic Item 390",450,"live","spotify","2025-01-01"
"c391","creator_41","Synthetic Item 391",451,"video","youtube","2025-01-01"
"c392","creator_42","Synthetic Item 392",452,"article","blog","2025-01-01"
"c393","creator_43","Synthetic Item 393",453,"short","instagram","2025-01-01"
"c394","creator_44","Synthetic Item 394",454,"podcast","tiktok","2025-01-01"
"c395","creator_45","Synthetic Item 395",455,"live","twitch","2025-01-01"
"c396","creator_46","Synthetic Item 396",456,"video","spotify","2025-01-01"
"c397","creator_47","Synthetic Item 397",457,"article","youtube","2025-01-01"
"c398","creator_48","Synthetic Item 398",458,"short","blog","2025-01-01"
"c399","creator_49","Synthetic Item 399",459,"podcast","instagram","2025-01-01"
"c400","creator_50","Synthetic Item 400",460,"live","tiktok","2025-01-01"
"c401","creator_1","Synthetic Item 401",461,"video","twitch","2025-01-01"
"c402","creator_2","Synthetic Item 402",462,"article","spotify","2025-01-01"
"c403","creator_3","Synthetic Item 403",463,"short","youtube","2025-01-01"
"c404","creator_4","Synthetic Item 404",464,"podcast","blog","2025-01-01"
"c405","creator_5","Synthetic Item 405",465,"live","instagram","2025-01-01"
"c406","creator_6","Synthetic Item 406",466,"video","tiktok","2025-01-01"
"c407","creator_7","Synthetic Item 407",467,"article","twitch","2025-01-01"
"c408","creator_8","Synthetic Item 408",468,"short","spotify","2025-01-01"
"c409","creator_9","Synthetic Item 409",469,"podcast","youtube","2025-01-01"
"c410","creator_10","Synthetic Item 410",470,"live","blog","2025-01-01"
"c411","creator_11","Synthetic Item 411",471,"video","instagram","2025-01-01"
"c412","creator_12","Synthetic Item 412",472,"article","tiktok","2025-01-01"
"c413","creator_13","Synthetic Item 413",473,"short","twitch","2025-01-01"
"c414","creator_14","Synthetic Item 414",474,"podcast","spotify","2025-01-01"
"c415","creator_15","Synthetic Item 415",475,"live","youtube","2025-01-01"
"c416","creator_16","Synthetic Item 416",476,"video","blog","2025-01-01"
"c417","creator_17","Synthetic Item 417",477,"article","instagram","2025-01-01"
"c418","creator_18","Synthetic Item 418",478,"short","tiktok","2025-01-01"
"c419","creator_19","Synthetic Item 419",479,"podcast","twitch","2025-01-01"
"c420","creator_20","Synthetic Item 420",480,"live","spotify","2025-01-01"
"c421","creator_21","Synthetic Item 421",481,"video","youtube","2025-01-01"
"c422","creator_22","Synthetic Item 422",482,"article","blog","2025-01-01"
"c423","creator_23","Synthetic Item 423",483,"short","instagram","2025-01-01"
"c424","creator_24","Synthetic Item 424",484,"podcast","tiktok","2025-01-01"
"c425","creator_25","Synthetic Item 425",485,"live","twitch","2025-01-01"
"c426","creator_26","Synthetic Item 426",486,"video","spotify","2025-01-01"
"c427","creator_27","Synthetic Item 427",487,"article","youtube","2025-01-01"
"c428","creator_28","Synthetic Item 428",488,"short","blog","2025-01-01"
"c429","creator_29","Synthetic Item 429",489,"podcast","instagram","2025-01-01"
"c430","creator_30","Synthetic Item 430",490,"live","tiktok","2025-01-01"
"c431","creator_31","Synthetic Item 431",491,"video","twitch","2025-01-01"
"c432","creator_32","Synthetic Item 432",492,"article","spotify","2025-01-01"
"c433","creator_33","Synthetic Item 433",493,"short","youtube","2025-01-01"
"c434","creator_34","Synthetic Item 434",494,"podcast","blog","2025-01-01"
"c435","creator_35","Synthetic Item 435",495,"live","instagram","2025-01-01"
"c436","creator_36","Synthetic Item 436",496,"video","tiktok","2025-01-01"
"c437","creator_37","Synthetic Item 437",497,"article","twitch","2025-01-01"
"c438","creator_38","Synthetic Item 438",498,"short","spotify","2025-01-01"
"c439","creator_39","Synthetic Item 439",499,"podcast","youtube","2025-01-01"
"c440","creator_40","Synthetic Item 440",500,"live","blog","2025-01-01"
"c441","creator_41","Synthetic Item 441",501,"video","instagram","2025-01-01"
"c442","creator_42","Synthetic Item 442",502,"article","tiktok","2025-01-01"
"c443","creator_43","Synthetic Item 443",503,"short","twitch","2025-01-01"
"c444","creator_44","Synthetic Item 444",504,"podcast","spotify","2025-01-01"
"c445","creator_45","Synthetic Item 445",505,"live","youtube","2025-01-01"
"c446","creator_46","Synthetic Item 446",506,"video","blog","2025-01-01"
"c447","creator_47","Synthetic Item 447",507,"article","instagram","2025-01-01"
"c448","creator_48","Synthetic Item 448",508,"short","tiktok","2025-01-01"
"c449","creator_49","Synthetic Item 449",509,"podcast","twitch","2025-01-01"
"c450","creator_50","Synthetic Item 450",510,"live","spotify","2025-01-01"
"c451","creator_1","Synthetic Item 451",511,"video","youtube","2025-01-01"
"c452","creator_2","Synthetic Item 452",512,"article","blog","2025-01-01"
"c453","creator_3","Synthetic Item 453",513,"short","instagram","2025-01-01"
"c454","creator_4","Synthetic Item 454",514,"podcast","tiktok","2025-01-01"
"c455","creator_5","Synthetic Item 455",515,"live","twitch","2025-01-01"
"c456","creator_6","Synthetic Item 456",516,"video","spotify","2025-01-01"
"c457","creator_7","Synthetic Item 457",517,"article","youtube","2025-01-01"
"c458","creator_8","Synthetic Item 458",518,"short","blog","2025-01-01"
"c459","creator_9","Synthetic Item 459",519,"podcast","instagram","2025-01-01"
"c460","creator_10","Synthetic Item 460",520,"live","tiktok","2025-01-01"
"c461","creator_11","Synthetic Item 461",521,"video","twitch","2025-01-01"
"c462","creator_12","Synthetic Item 462",522,"article","spotify","2025-01-01"
"c463","creator_13","Synthetic Item 463",523,"short","youtube","2025-01-01"
"c464","creator_14","Synthetic Item 464",524,"podcast","blog","2025-01-01"
"c465","creator_15","Synthetic Item 465",525,"live","instagram","2025-01-01"
"c466","creator_16","Synthetic Item 466",526,"video","tiktok","2025-01-01"
"c467","creator_17","Synthetic Item 467",527,"article","twitch","2025-01-01"
"c468","creator_18","Synthetic Item 468",528,"short","spotify","2025-01-01"
"c469","creator_19","Synthetic Item 469",529,"podcast","youtube","2025-01-01"
"c470","creator_20","Synthetic Item 470",530,"live","blog","2025-01-01"
"c471","creator_21","Synthetic Item 471",531,"video","instagram","2025-01-01"
"c472","creator_22","Synthetic Item 472",532,"article","tiktok","2025-01-01"
"c473","creator_23","Synthetic Item 473",533,"short","twitch","2025-01-01"
"c474","creator_24","Synthetic Item 474",534,"podcast","spotify","2025-01-01"
"c475","creator_25","Synthetic Item 475",535,"live","youtube","2025-01-01"
"c476","creator_26","Synthetic Item 476",536,"video","blog","2025-01-01"
"c477","creator_27","Synthetic Item 477",537,"article","instagram","2025-01-01"
"c478","creator_28","Synthetic Item 478",538,"short","tiktok","2025-01-01"
"c479","creator_29","Synthetic Item 479",539,"podcast","twitch","2025-01-01"
"c480","creator_30","Synthetic Item 480",540,"live","spotify","2025-01-01"
"c481","creator_31","Synthetic Item 481",541,"video","youtube","2025-01-01"
"c482","creator_32","Synthetic Item 482",542,"article","blog","2025-01-01"
"c483","creator_33","Synthetic Item 483",543,"short","instagram","2025-01-01"
"c484","creator_34","Synthetic Item 484",544,"podcast","tiktok","2025-01-01"
"c485","creator_35","Synthetic Item 485",545,"live","twitch","2025-01-01"
"c486","creator_36","Synthetic Item 486",546,"video","spotify","2025-01-01"
"c487","creator_37","Synthetic Item 487",547,"article","youtube","2025-01-01"
"c488","creator_38","Synthetic Item 488",548,"short","blog","2025-01-01"
"c489","creator_39","Synthetic Item 489",549,"podcast","instagram","2025-01-01"
"c490","creator_40","Synthetic Item 490",550,"live","tiktok","2025-01-01"
"c491","creator_41","Synthetic Item 491",551,"video","twitch","2025-01-01"
"c492","creator_42","Synthetic Item 492",552,"article","spotify","2025-01-01"
"c493","creator_43","Synthetic Item 493",553,"short","youtube","2025-01-01"
"c494","creator_44","Synthetic Item 494",554,"podcast","blog","2025-01-01"
"c495","creator_45","Synthetic Item 495",555,"live","instagram","2025-01-01"
"c496","creator_46","Synthetic Item 496",556,"video","tiktok","2025-01-01"
"c497","creator_47","Synthetic Item 497",557,"article","twitch","2025-01-01"
"c498","creator_48","Synthetic Item 498",558,"short","spotify","2025-01-01"
"c499","creator_49","Synthetic Item 499",559,"podcast","youtube","2025-01-01"
"c500","creator_50","Synthetic Item 500",560,"live","blog","2025-01-01"
"c501","creator_1","Synthetic Item 501",561,"video","instagram","2025-01-01"
"c502","creator_2","Synthetic Item 502",562,"article","tiktok","2025-01-01"
"c503","creator_3","Synthetic Item 503",563,"short","twitch","2025-01-01"
"c504","creator_4","Synthetic Item 504",564,"podcast","spotify","2025-01-01"
"c505","creator_5","Synthetic Item 505",565,"live","youtube","2025-01-01"
"c506","creator_6","Synthetic Item 506",566,"video","blog","2025-01-01"
"c507","creator_7","Synthetic Item 507",567,"article","instagram","2025-01-01"
"c508","creator_8","Synthetic Item 508",568,"short","tiktok","2025-01-01"
"c509","creator_9","Synthetic Item 509",569,"podcast","twitch","2025-01-01"
"c510","creator_10","Synthetic Item 510",570,"live","spotify","2025-01-01"
"c511","creator_11","Synthetic Item 511",571,"video","youtube","2025-01-01"
"c512","creator_12","Synthetic Item 512",572,"article","blog","2025-01-01"
"c513","creator_13","Synthetic Item 513",573,"short","instagram","2025-01-01"
"c514","creator_14","Synthetic Item 514",574,"podcast","tiktok","2025-01-01"
"c515","creator_15","Synthetic Item 515",575,"live","twitch","2025-01-01"
"c516","creator_16","Synthetic Item 516",576,"video","spotify","2025-01-01"
"c517","creator_17","Synthetic Item 517",577,"article","youtube","2025-01-01"
"c518","creator_18","Synthetic Item 518",578,"short","blog","2025-01-01"
"c519","creator_19","Synthetic Item 519",579,"podcast","instagram","2025-01-01"
"c520","creator_20","Synthetic Item 520",580,"live","tiktok","2025-01-01"
"c521","creator_21","Synthetic Item 521",581,"video","twitch","2025-01-01"
"c522","creator_22","Synthetic Item 522",582,"article","spotify","2025-01-01"
"c523","creator_23","Synthetic Item 523",583,"short","youtube","2025-01-01"
"c524","creator_24","Synthetic Item 524",584,"podcast","blog","2025-01-01"
"c525","creator_25","Synthetic Item 525",585,"live","instagram","2025-01-01"
"c526","creator_26","Synthetic Item 526",586,"video","tiktok","2025-01-01"
"c527","creator_27","Synthetic Item 527",587,"article","twitch","2025-01-01"
"c528","creator_28","Synthetic Item 528",588,"short","spotify","2025-01-01"
"c529","creator_29","Synthetic Item 529",589,"podcast","youtube","2025-01-01"
"c530","creator_30","Synthetic Item 530",590,"live","blog","2025-01-01"
"c531","creator_31","Synthetic Item 531",591,"video","instagram","2025-01-01"
"c532","creator_32","Synthetic Item 532",592,"article","tiktok","2025-01-01"
"c533","creator_33","Synthetic Item 533",593,"short","twitch","2025-01-01"
"c534","creator_34","Synthetic Item 534",594,"podcast","spotify","2025-01-01"
"c535","creator_35","Synthetic Item 535",595,"live","youtube","2025-01-01"
"c536","creator_36","Synthetic Item 536",596,"video","blog","2025-01-01"
"c537","creator_37","Synthetic Item 537",597,"article","instagram","2025-01-01"
"c538","creator_38","Synthetic Item 538",598,"short","tiktok","2025-01-01"
"c539","creator_39","Synthetic Item 539",599,"podcast","twitch","2025-01-01"
"c540","creator_40","Synthetic Item 540",600,"live","spotify","2025-01-01"
"c541","creator_41","Synthetic Item 541",601,"video","youtube","2025-01-01"
"c542","creator_42","Synthetic Item 542",602,"article","blog","2025-01-01"
"c543","creator_43","Synthetic Item 543",603,"short","instagram","2025-01-01"
"c544","creator_44","Synthetic Item 544",604,"podcast","tiktok","2025-01-01"
"c545","creator_45","Synthetic Item 545",605,"live","twitch","2025-01-01"
"c546","creator_46","Synthetic Item 546",606,"video","spotify","2025-01-01"
"c547","creator_47","Synthetic Item 547",607,"article","youtube","2025-01-01"
"c548","creator_48","Synthetic Item 548",608,"short","blog","2025-01-01"
"c549","creator_49","Synthetic Item 549",609,"podcast","instagram","2025-01-01"
"c550","creator_50","Synthetic Item 550",610,"live","tiktok","2025-01-01"
"c551","creator_1","Synthetic Item 551",611,"video","twitch","2025-01-01"
"c552","creator_2","Synthetic Item 552",612,"article","spotify","2025-01-01"
"c553","creator_3","Synthetic Item 553",613,"short","youtube","2025-01-01"
"c554","creator_4","Synthetic Item 554",614,"podcast","blog","2025-01-01"
"c555","creator_5","Synthetic Item 555",615,"live","instagram","2025-01-01"
"c556","creator_6","Synthetic Item 556",616,"video","tiktok","2025-01-01"
"c557","creator_7","Synthetic Item 557",617,"article","twitch","2025-01-01"
"c558","creator_8","Synthetic Item 558",618,"short","spotify","2025-01-01"
"c559","creator_9","Synthetic Item 559",619,"podcast","youtube","2025-01-01"
"c560","creator_10","Synthetic Item 560",620,"live","blog","2025-01-01"
"c561","creator_11","Synthetic Item 561",621,"video","instagram","2025-01-01"
"c562","creator_12","Synthetic Item 562",622,"article","tiktok","2025-01-01"
"c563","creator_13","Synthetic Item 563",623,"short","twitch","2025-01-01"
"c564","creator_14","Synthetic Item 564",624,"podcast","spotify","2025-01-01"
"c565","creator_15","Synthetic Item 565",625,"live","youtube","2025-01-01"
"c566","creator_16","Synthetic Item 566",626,"video","blog","2025-01-01"
"c567","creator_17","Synthetic Item 567",627,"article","instagram","2025-01-01"
"c568","creator_18","Synthetic Item 568",628,"short","tiktok","2025-01-01"
"c569","creator_19","Synthetic Item 569",629,"podcast","twitch","2025-01-01"
"c570","creator_20","Synthetic Item 570",630,"live","spotify","2025-01-01"
"c571","creator_21","Synthetic Item 571",631,"video","youtube","2025-01-01"
"c572","creator_22","Synthetic Item 572",632,"article","blog","2025-01-01"
"c573","creator_23","Synthetic Item 573",633,"short","instagram","2025-01-01"
"c574","creator_24","Synthetic Item 574",634,"podcast","tiktok","2025-01-01"
"c575","creator_25","Synthetic Item 575",635,"live","twitch","2025-01-01"
"c576","creator_26","Synthetic Item 576",636,"video","spotify","2025-01-01"
"c577","creator_27","Synthetic Item 577",637,"article","youtube","2025-01-01"
"c578","creator_28","Synthetic Item 578",638,"short","blog","2025-01-01"
"c579","creator_29","Synthetic Item 579",639,"podcast","instagram","2025-01-01"
"c580","creator_30","Synthetic Item 580",640,"live","tiktok","2025-01-01"
"c581","creator_31","Synthetic Item 581",641,"video","twitch","2025-01-01"
"c582","creator_32","Synthetic Item 582",642,"article","spotify","2025-01-01"
"c583","creator_33","Synthetic Item 583",643,"short","youtube","2025-01-01"
"c584","creator_34","Synthetic Item 584",644,"podcast","blog","2025-01-01"
"c585","creator_35","Synthetic Item 585",645,"live","instagram","2025-01-01"
"c586","creator_36","Synthetic Item 586",646,"video","tiktok","2025-01-01"
"c587","creator_37","Synthetic Item 587",647,"article","twitch","2025-01-01"
"c588","creator_38","Synthetic Item 588",648,"short","spotify","2025-01-01"
"c589","creator_39","Synthetic Item 589",649,"podcast","youtube","2025-01-01"
"c590","creator_40","Synthetic Item 590",650,"live","blog","2025-01-01"
"c591","creator_41","Synthetic Item 591",651,"video","instagram","2025-01-01"
"c592","creator_42","Synthetic Item 592",652,"article","tiktok","2025-01-01"
"c593","creator_43","Synthetic Item 593",653,"short","twitch","2025-01-01"
"c594","creator_44","Synthetic Item 594",654,"podcast","spotify","2025-01-01"
"c595","creator_45","Synthetic Item 595",655,"live","youtube","2025-01-01"
"c596","creator_46","Synthetic Item 596",656,"video","blog","2025-01-01"
"c597","creator_47","Synthetic Item 597",657,"article","instagram","2025-01-01"
"c598","creator_48","Synthetic Item 598",658,"short","tiktok","2025-01-01"
"c599","creator_49","Synthetic Item 599",659,"podcast","twitch","2025-01-01"
"c600","creator_50","Synthetic Item 600",660,"live","spotify","2025-01-01"
"c601","creator_1","Synthetic Item 601",661,"video","youtube","2025-01-01"
"c602","creator_2","Synthetic Item 602",662,"article","blog","2025-01-01"
"c603","creator_3","Synthetic Item 603",663,"short","instagram","2025-01-01"
"c604","creator_4","Synthetic Item 604",664,"podcast","tiktok","2025-01-01"
"c605","creator_5","Synthetic Item 605",665,"live","twitch","2025-01-01"
"c606","creator_6","Synthetic Item 606",666,"video","spotify","2025-01-01"
"c607","creator_7","Synthetic Item 607",667,"article","youtube","2025-01-01"
"c608","creator_8","Synthetic Item 608",668,"short","blog","2025-01-01"
"c609","creator_9","Synthetic Item 609",669,"podcast","instagram","2025-01-01"
"c610","creator_10","Synthetic Item 610",670,"live","tiktok","2025-01-01"
"c611","creator_11","Synthetic Item 611",671,"video","twitch","2025-01-01"
"c612","creator_12","Synthetic Item 612",672,"article","spotify","2025-01-01"
"c613","creator_13","Synthetic Item 613",673,"short","youtube","2025-01-01"
"c614","creator_14","Synthetic Item 614",674,"podcast","blog","2025-01-01"
"c615","creator_15","Synthetic Item 615",675,"live","instagram","2025-01-01"
"c616","creator_16","Synthetic Item 616",676,"video","tiktok","2025-01-01"
"c617","creator_17","Synthetic Item 617",677,"article","twitch","2025-01-01"
"c618","creator_18","Synthetic Item 618",678,"short","spotify","2025-01-01"
"c619","creator_19","Synthetic Item 619",679,"podcast","youtube","2025-01-01"
"c620","creator_20","Synthetic Item 620",680,"live","blog","2025-01-01"
"c621","creator_21","Synthetic Item 621",681,"video","instagram","2025-01-01"
"c622","creator_22","Synthetic Item 622",682,"article","tiktok","2025-01-01"
"c623","creator_23","Synthetic Item 623",683,"short","twitch","2025-01-01"
"c624","creator_24","Synthetic Item 624",684,"podcast","spotify","2025-01-01"
"c625","creator_25","Synthetic Item 625",685,"live","youtube","2025-01-01"
"c626","creator_26","Synthetic Item 626",686,"video","blog","2025-01-01"
"c627","creator_27","Synthetic Item 627",687,"article","instagram","2025-01-01"
"c628","creator_28","Synthetic Item 628",688,"short","tiktok","2025-01-01"
"c629","creator_29","Synthetic Item 629",689,"podcast","twitch","2025-01-01"
"c630","creator_30","Synthetic Item 630",690,"live","spotify","2025-01-01"
"c631","creator_31","Synthetic Item 631",691,"video","youtube","2025-01-01"
"c632","creator_32","Synthetic Item 632",692,"article","blog","2025-01-01"
"c633","creator_33","Synthetic Item 633",693,"short","instagram","2025-01-01"
"c634","creator_34","Synthetic Item 634",694,"podcast","tiktok","2025-01-01"
"c635","creator_35","Synthetic Item 635",695,"live","twitch","2025-01-01"
"c636","creator_36","Synthetic Item 636",696,"video","spotify","2025-01-01"
"c637","creator_37","Synthetic Item 637",697,"article","youtube","2025-01-01"
"c638","creator_38","Synthetic Item 638",698,"short","blog","2025-01-01"
"c639","creator_39","Synthetic Item 639",699,"podcast","instagram","2025-01-01"
"c640","creator_40","Synthetic Item 640",700,"live","tiktok","2025-01-01"
"c641","creator_41","Synthetic Item 641",701,"video","twitch","2025-01-01"
"c642","creator_42","Synthetic Item 642",702,"article","spotify","2025-01-01"
"c643","creator_43","Synthetic Item 643",703,"short","youtube","2025-01-01"
"c644","creator_44","Synthetic Item 644",704,"podcast","blog","2025-01-01"
"c645","creator_45","Synthetic Item 645",705,"live","instagram","2025-01-01"
"c646","creator_46","Synthetic Item 646",706,"video","tiktok","2025-01-01"
"c647","creator_47","Synthetic Item 647",707,"article","twitch","2025-01-01"
"c648","creator_48","Synthetic Item 648",708,"short","spotify","2025-01-01"
"c649","creator_49","Synthetic Item 649",709,"podcast","youtube","2025-01-01"
"c650","creator_50","Synthetic Item 650",710,"live","blog","2025-01-01"
"c651","creator_1","Synthetic Item 651",711,"video","instagram","2025-01-01"
"c652","creator_2","Synthetic Item 652",712,"article","tiktok","2025-01-01"
"c653","creator_3","Synthetic Item 653",713,"short","twitch","2025-01-01"
"c654","creator_4","Synthetic Item 654",714,"podcast","spotify","2025-01-01"
"c655","creator_5","Synthetic Item 655",715,"live","youtube","2025-01-01"
"c656","creator_6","Synthetic Item 656",716,"video","blog","2025-01-01"
"c657","creator_7","Synthetic Item 657",717,"article","instagram","2025-01-01"
"c658","creator_8","Synthetic Item 658",718,"short","tiktok","2025-01-01"
"c659","creator_9","Synthetic Item 659",719,"podcast","twitch","2025-01-01"
"c660","creator_10","Synthetic Item 660",720,"live","spotify","2025-01-01"
"c661","creator_11","Synthetic Item 661",721,"video","youtube","2025-01-01"
"c662","creator_12","Synthetic Item 662",722,"article","blog","2025-01-01"
"c663","creator_13","Synthetic Item 663",723,"short","instagram","2025-01-01"
"c664","creator_14","Synthetic Item 664",724,"podcast","tiktok","2025-01-01"
"c665","creator_15","Synthetic Item 665",725,"live","twitch","2025-01-01"
"c666","creator_16","Synthetic Item 666",726,"video","spotify","2025-01-01"
"c667","creator_17","Synthetic Item 667",727,"article","youtube","2025-01-01"
"c668","creator_18","Synthetic Item 668",728,"short","blog","2025-01-01"
"c669","creator_19","Synthetic Item 669",729,"podcast","instagram","2025-01-01"
"c670","creator_20","Synthetic Item 670",730,"live","tiktok","2025-01-01"
"c671","creator_21","Synthetic Item 671",731,"video","twitch","2025-01-01"
"c672","creator_22","Synthetic Item 672",732,"article","spotify","2025-01-01"
"c673","creator_23","Synthetic Item 673",733,"short","youtube","2025-01-01"
"c674","creator_24","Synthetic Item 674",734,"podcast","blog","2025-01-01"
"c675","creator_25","Synthetic Item 675",735,"live","instagram","2025-01-01"
"c676","creator_26","Synthetic Item 676",736,"video","tiktok","2025-01-01"
"c677","creator_27","Synthetic Item 677",737,"article","twitch","2025-01-01"
"c678","creator_28","Synthetic Item 678",738,"short","spotify","2025-01-01"
"c679","creator_29","Synthetic Item 679",739,"podcast","youtube","2025-01-01"
"c680","creator_30","Synthetic Item 680",740,"live","blog","2025-01-01"
"c681","creator_31","Synthetic Item 681",741,"video","instagram","2025-01-01"
"c682","creator_32","Synthetic Item 682",742,"article","tiktok","2025-01-01"
"c683","creator_33","Synthetic Item 683",743,"short","twitch","2025-01-01"
"c684","creator_34","Synthetic Item 684",744,"podcast","spotify","2025-01-01"
"c685","creator_35","Synthetic Item 685",745,"live","youtube","2025-01-01"
"c686","creator_36","Synthetic Item 686",746,"video","blog","2025-01-01"
"c687","creator_37","Synthetic Item 687",747,"article","instagram","2025-01-01"
"c688","creator_38","Synthetic Item 688",748,"short","tiktok","2025-01-01"
"c689","creator_39","Synthetic Item 689",749,"podcast","twitch","2025-01-01"
"c690","creator_40","Synthetic Item 690",750,"live","spotify","2025-01-01"
"c691","creator_41","Synthetic Item 691",751,"video","youtube","2025-01-01"
"c692","creator_42","Synthetic Item 692",752,"article","blog","2025-01-01"
"c693","creator_43","Synthetic Item 693",753,"short","instagram","2025-01-01"
"c694","creator_44","Synthetic Item 694",754,"podcast","tiktok","2025-01-01"
"c695","creator_45","Synthetic Item 695",755,"live","twitch","2025-01-01"
"c696","creator_46","Synthetic Item 696",756,"video","spotify","2025-01-01"
"c697","creator_47","Synthetic Item 697",757,"article","youtube","2025-01-01"
"c698","creator_48","Synthetic Item 698",758,"short","blog","2025-01-01"
"c699","creator_49","Synthetic Item 699",759,"podcast","instagram","2025-01-01"
"c700","creator_50","Synthetic Item 700",760,"live","tiktok","2025-01-01"
"c701","creator_1","Synthetic Item 701",761,"video","twitch","2025-01-01"
"c702","creator_2","Synthetic Item 702",762,"article","spotify","2025-01-01"
"c703","creator_3","Synthetic Item 703",763,"short","youtube","2025-01-01"
"c704","creator_4","Synthetic Item 704",764,"podcast","blog","2025-01-01"
"c705","creator_5","Synthetic Item 705",765,"live","instagram","2025-01-01"
"c706","creator_6","Synthetic Item 706",766,"video","tiktok","2025-01-01"
"c707","creator_7","Synthetic Item 707",767,"article","twitch","2025-01-01"
"c708","creator_8","Synthetic Item 708",768,"short","spotify","2025-01-01"
"c709","creator_9","Synthetic Item 709",769,"podcast","youtube","2025-01-01"
"c710","creator_10","Synthetic Item 710",770,"live","blog","2025-01-01"
"c711","creator_11","Synthetic Item 711",771,"video","instagram","2025-01-01"
"c712","creator_12","Synthetic Item 712",772,"article","tiktok","2025-01-01"
"c713","creator_13","Synthetic Item 713",773,"short","twitch","2025-01-01"
"c714","creator_14","Synthetic Item 714",774,"podcast","spotify","2025-01-01"
"c715","creator_15","Synthetic Item 715",775,"live","youtube","2025-01-01"
"c716","creator_16","Synthetic Item 716",776,"video","blog","2025-01-01"
"c717","creator_17","Synthetic Item 717",777,"article","instagram","2025-01-01"
"c718","creator_18","Synthetic Item 718",778,"short","tiktok","2025-01-01"
"c719","creator_19","Synthetic Item 719",779,"podcast","twitch","2025-01-01"
"c720","creator_20","Synthetic Item 720",780,"live","spotify","2025-01-01"
"c721","creator_21","Synthetic Item 721",781,"video","youtube","2025-01-01"
"c722","creator_22","Synthetic Item 722",782,"article","blog","2025-01-01"
"c723","creator_23","Synthetic Item 723",783,"short","instagram","2025-01-01"
"c724","creator_24","Synthetic Item 724",784,"podcast","tiktok","2025-01-01"
"c725","creator_25","Synthetic Item 725",785,"live","twitch","2025-01-01"
"c726","creator_26","Synthetic Item 726",786,"video","spotify","2025-01-01"
"c727","creator_27","Synthetic Item 727",787,"article","youtube","2025-01-01"
"c728","creator_28","Synthetic Item 728",788,"short","blog","2025-01-01"
"c729","creator_29","Synthetic Item 729",789,"podcast","instagram","2025-01-01"
"c730","creator_30","Synthetic Item 730",790,"live","tiktok","2025-01-01"
"c731","creator_31","Synthetic Item 731",791,"video","twitch","2025-01-01"
"c732","creator_32","Synthetic Item 732",792,"article","spotify","2025-01-01"
"c733","creator_33","Synthetic Item 733",793,"short","youtube","2025-01-01"
"c734","creator_34","Synthetic Item 734",794,"podcast","blog","2025-01-01"
"c735","creator_35","Synthetic Item 735",795,"live","instagram","2025-01-01"
"c736","creator_36","Synthetic Item 736",796,"video","tiktok","2025-01-01"
"c737","creator_37","Synthetic Item 737",797,"article","twitch","2025-01-01"
"c738","creator_38","Synthetic Item 738",798,"short","spotify","2025-01-01"
"c739","creator_39","Synthetic Item 739",799,"podcast","youtube","2025-01-01"
"c740","creator_40","Synthetic Item 740",800,"live","blog","2025-01-01"
"c741","creator_41","Synthetic Item 741",801,"video","instagram","2025-01-01"
"c742","creator_42","Synthetic Item 742",802,"article","tiktok","2025-01-01"
"c743","creator_43","Synthetic Item 743",803,"short","twitch","2025-01-01"
"c744","creator_44","Synthetic Item 744",804,"podcast","spotify","2025-01-01"
"c745","creator_45","Synthetic Item 745",805,"live","youtube","2025-01-01"
"c746","creator_46","Synthetic Item 746",806,"video","blog","2025-01-01"
"c747","creator_47","Synthetic Item 747",807,"article","instagram","2025-01-01"
"c748","creator_48","Synthetic Item 748",808,"short","tiktok","2025-01-01"
"c749","creator_49","Synthetic Item 749",809,"podcast","twitch","2025-01-01"
"c750","creator_50","Synthetic Item 750",810,"live","spotify","2025-01-01"
"c751","creator_1","Synthetic Item 751",811,"video","youtube","2025-01-01"
"c752","creator_2","Synthetic Item 752",812,"article","blog","2025-01-01"
"c753","creator_3","Synthetic Item 753",813,"short","instagram","2025-01-01"
"c754","creator_4","Synthetic Item 754",814,"podcast","tiktok","2025-01-01"
"c755","creator_5","Synthetic Item 755",815,"live","twitch","2025-01-01"
"c756","creator_6","Synthetic Item 756",816,"video","spotify","2025-01-01"
"c757","creator_7","Synthetic Item 757",817,"article","youtube","2025-01-01"
"c758","creator_8","Synthetic Item 758",818,"short","blog","2025-01-01"
"c759","creator_9","Synthetic Item 759",819,"podcast","instagram","2025-01-01"
"c760","creator_10","Synthetic Item 760",820,"live","tiktok","2025-01-01"
"c761","creator_11","Synthetic Item 761",821,"video","twitch","2025-01-01"
"c762","creator_12","Synthetic Item 762",822,"article","spotify","2025-01-01"
"c763","creator_13","Synthetic Item 763",823,"short","youtube","2025-01-01"
"c764","creator_14","Synthetic Item 764",824,"podcast","blog","2025-01-01"
"c765","creator_15","Synthetic Item 765",825,"live","instagram","2025-01-01"
"c766","creator_16","Synthetic Item 766",826,"video","tiktok","2025-01-01"
"c767","creator_17","Synthetic Item 767",827,"article","twitch","2025-01-01"
"c768","creator_18","Synthetic Item 768",828,"short","spotify","2025-01-01"
"c769","creator_19","Synthetic Item 769",829,"podcast","youtube","2025-01-01"
"c770","creator_20","Synthetic Item 770",830,"live","blog","2025-01-01"
"c771","creator_21","Synthetic Item 771",831,"video","instagram","2025-01-01"
"c772","creator_22","Synthetic Item 772",832,"article","tiktok","2025-01-01"
"c773","creator_23","Synthetic Item 773",833,"short","twitch","2025-01-01"
"c774","creator_24","Synthetic Item 774",834,"podcast","spotify","2025-01-01"
"c775","creator_25","Synthetic Item 775",835,"live","youtube","2025-01-01"
"c776","creator_26","Synthetic Item 776",836,"video","blog","2025-01-01"
"c777","creator_27","Synthetic Item 777",837,"article","instagram","2025-01-01"
"c778","creator_28","Synthetic Item 778",838,"short","tiktok","2025-01-01"
"c779","creator_29","Synthetic Item 779",839,"podcast","twitch","2025-01-01"
"c780","creator_30","Synthetic Item 780",840,"live","spotify","2025-01-01"
"c781","creator_31","Synthetic Item 781",841,"video","youtube","2025-01-01"
"c782","creator_32","Synthetic Item 782",842,"article","blog","2025-01-01"
"c783","creator_33","Synthetic Item 783",843,"short","instagram","2025-01-01"
"c784","creator_34","Synthetic Item 784",844,"podcast","tiktok","2025-01-01"
"c785","creator_35","Synthetic Item 785",845,"live","twitch","2025-01-01"
"c786","creator_36","Synthetic Item 786",846,"video","spotify","2025-01-01"
"c787","creator_37","Synthetic Item 787",847,"article","youtube","2025-01-01"
"c788","creator_38","Synthetic Item 788",848,"short","blog","2025-01-01"
"c789","creator_39","Synthetic Item 789",849,"podcast","instagram","2025-01-01"
"c790","creator_40","Synthetic Item 790",850,"live","tiktok","2025-01-01"
"c791","creator_41","Synthetic Item 791",851,"video","twitch","2025-01-01"
"c792","creator_42","Synthetic Item 792",852,"article","spotify","2025-01-01"
"c793","creator_43","Synthetic Item 793",853,"short","youtube","2025-01-01"
"c794","creator_44","Synthetic Item 794",854,"podcast","blog","2025-01-01"
"c795","creator_45","Synthetic Item 795",855,"live","instagram","2025-01-01"
"c796","creator_46","Synthetic Item 796",856,"video","tiktok","2025-01-01"
"c797","creator_47","Synthetic Item 797",857,"article","twitch","2025-01-01"
"c798","creator_48","Synthetic Item 798",858,"short","spotify","2025-01-01"
"c799","creator_49","Synthetic Item 799",859,"podcast","youtube","2025-01-01"
"c800","creator_50","Synthetic Item 800",860,"live","blog","2025-01-01"
"c801","creator_1","Synthetic Item 801",861,"video","instagram","2025-01-01"
"c802","creator_2","Synthetic Item 802",862,"article","tiktok","2025-01-01"
"c803","creator_3","Synthetic Item 803",863,"short","twitch","2025-01-01"
"c804","creator_4","Synthetic Item 804",864,"podcast","spotify","2025-01-01"
"c805","creator_5","Synthetic Item 805",865,"live","youtube","2025-01-01"
"c806","creator_6","Synthetic Item 806",866,"video","blog","2025-01-01"
"c807","creator_7","Synthetic Item 807",867,"article","instagram","2025-01-01"
"c808","creator_8","Synthetic Item 808",868,"short","tiktok","2025-01-01"
"c809","creator_9","Synthetic Item 809",869,"podcast","twitch","2025-01-01"
"c810","creator_10","Synthetic Item 810",870,"live","spotify","2025-01-01"
"c811","creator_11","Synthetic Item 811",871,"video","youtube","2025-01-01"
"c812","creator_12","Synthetic Item 812",872,"article","blog","2025-01-01"
"c813","creator_13","Synthetic Item 813",873,"short","instagram","2025-01-01"
"c814","creator_14","Synthetic Item 814",874,"podcast","tiktok","2025-01-01"
"c815","creator_15","Synthetic Item 815",875,"live","twitch","2025-01-01"
"c816","creator_16","Synthetic Item 816",876,"video","spotify","2025-01-01"
"c817","creator_17","Synthetic Item 817",877,"article","youtube","2025-01-01"
"c818","creator_18","Synthetic Item 818",878,"short","blog","2025-01-01"
"c819","creator_19","Synthetic Item 819",879,"podcast","instagram","2025-01-01"
"c820","creator_20","Synthetic Item 820",880,"live","tiktok","2025-01-01"
"c821","creator_21","Synthetic Item 821",881,"video","twitch","2025-01-01"
"c822","creator_22","Synthetic Item 822",882,"article","spotify","2025-01-01"
"c823","creator_23","Synthetic Item 823",883,"short","youtube","2025-01-01"
"c824","creator_24","Synthetic Item 824",884,"podcast","blog","2025-01-01"
"c825","creator_25","Synthetic Item 825",885,"live","instagram","2025-01-01"
"c826","creator_26","Synthetic Item 826",886,"video","tiktok","2025-01-01"
"c827","creator_27","Synthetic Item 827",887,"article","twitch","2025-01-01"
"c828","creator_28","Synthetic Item 828",888,"short","spotify","2025-01-01"
"c829","creator_29","Synthetic Item 829",889,"podcast","youtube","2025-01-01"
"c830","creator_30","Synthetic Item 830",890,"live","blog","2025-01-01"
"c831","creator_31","Synthetic Item 831",891,"video","instagram","2025-01-01"
"c832","creator_32","Synthetic Item 832",892,"article","tiktok","2025-01-01"
"c833","creator_33","Synthetic Item 833",893,"short","twitch","2025-01-01"
"c834","creator_34","Synthetic Item 834",894,"podcast","spotify","2025-01-01"
"c835","creator_35","Synthetic Item 835",895,"live","youtube","2025-01-01"
"c836","creator_36","Synthetic Item 836",896,"video","blog","2025-01-01"
"c837","creator_37","Synthetic Item 837",897,"article","instagram","2025-01-01"
"c838","creator_38","Synthetic Item 838",898,"short","tiktok","2025-01-01"
"c839","creator_39","Synthetic Item 839",899,"podcast","twitch","2025-01-01"
"c840","creator_40","Synthetic Item 840",900,"live","spotify","2025-01-01"
"c841","creator_41","Synthetic Item 841",901,"video","youtube","2025-01-01"
"c842","creator_42","Synthetic Item 842",902,"article","blog","2025-01-01"
"c843","creator_43","Synthetic Item 843",903,"short","instagram","2025-01-01"
"c844","creator_44","Synthetic Item 844",904,"podcast","tiktok","2025-01-01"
"c845","creator_45","Synthetic Item 845",905,"live","twitch","2025-01-01"
"c846","creator_46","Synthetic Item 846",906,"video","spotify","2025-01-01"
"c847","creator_47","Synthetic Item 847",907,"article","youtube","2025-01-01"
"c848","creator_48","Synthetic Item 848",908,"short","blog","2025-01-01"
"c849","creator_49","Synthetic Item 849",909,"podcast","instagram","2025-01-01"
"c850","creator_50","Synthetic Item 850",910,"live","tiktok","2025-01-01"
"c851","creator_1","Synthetic Item 851",911,"video","twitch","2025-01-01"
"c852","creator_2","Synthetic Item 852",912,"article","spotify","2025-01-01"
"c853","creator_3","Synthetic Item 853",913,"short","youtube","2025-01-01"
"c854","creator_4","Synthetic Item 854",914,"podcast","blog","2025-01-01"
"c855","creator_5","Synthetic Item 855",915,"live","instagram","2025-01-01"
"c856","creator_6","Synthetic Item 856",916,"video","tiktok","2025-01-01"
"c857","creator_7","Synthetic Item 857",917,"article","twitch","2025-01-01"
"c858","creator_8","Synthetic Item 858",918,"short","spotify","2025-01-01"
"c859","creator_9","Synthetic Item 859",919,"podcast","youtube","2025-01-01"
"c860","creator_10","Synthetic Item 860",920,"live","blog","2025-01-01"
"c861","creator_11","Synthetic Item 861",921,"video","instagram","2025-01-01"
"c862","creator_12","Synthetic Item 862",922,"article","tiktok","2025-01-01"
"c863","creator_13","Synthetic Item 863",923,"short","twitch","2025-01-01"
"c864","creator_14","Synthetic Item 864",924,"podcast","spotify","2025-01-01"
"c865","creator_15","Synthetic Item 865",925,"live","youtube","2025-01-01"
"c866","creator_16","Synthetic Item 866",926,"video","blog","2025-01-01"
"c867","creator_17","Synthetic Item 867",927,"article","instagram","2025-01-01"
"c868","creator_18","Synthetic Item 868",928,"short","tiktok","2025-01-01"
"c869","creator_19","Synthetic Item 869",929,"podcast","twitch","2025-01-01"
"c870","creator_20","Synthetic Item 870",930,"live","spotify","2025-01-01"
"c871","creator_21","Synthetic Item 871",931,"video","youtube","2025-01-01"
"c872","creator_22","Synthetic Item 872",932,"article","blog","2025-01-01"
"c873","creator_23","Synthetic Item 873",933,"short","instagram","2025-01-01"
"c874","creator_24","Synthetic Item 874",934,"podcast","tiktok","2025-01-01"
"c875","creator_25","Synthetic Item 875",935,"live","twitch","2025-01-01"
"c876","creator_26","Synthetic Item 876",936,"video","spotify","2025-01-01"
"c877","creator_27","Synthetic Item 877",937,"article","youtube","2025-01-01"
"c878","creator_28","Synthetic Item 878",938,"short","blog","2025-01-01"
"c879","creator_29","Synthetic Item 879",939,"podcast","instagram","2025-01-01"
"c880","creator_30","Synthetic Item 880",940,"live","tiktok","2025-01-01"
"c881","creator_31","Synthetic Item 881",941,"video","twitch","2025-01-01"
"c882","creator_32","Synthetic Item 882",942,"article","spotify","2025-01-01"
"c883","creator_33","Synthetic Item 883",943,"short","youtube","2025-01-01"
"c884","creator_34","Synthetic Item 884",944,"podcast","blog","2025-01-01"
"c885","creator_35","Synthetic Item 885",945,"live","instagram","2025-01-01"
"c886","creator_36","Synthetic Item 886",946,"video","tiktok","2025-01-01"
"c887","creator_37","Synthetic Item 887",947,"article","twitch","2025-01-01"
"c888","creator_38","Synthetic Item 888",948,"short","spotify","2025-01-01"
"c889","creator_39","Synthetic Item 889",949,"podcast","youtube","2025-01-01"
"c890","creator_40","Synthetic Item 890",950,"live","blog","2025-01-01"
"c891","creator_41","Synthetic Item 891",951,"video","instagram","2025-01-01"
"c892","creator_42","Synthetic Item 892",952,"article","tiktok","2025-01-01"
"c893","creator_43","Synthetic Item 893",953,"short","twitch","2025-01-01"
"c894","creator_44","Synthetic Item 894",954,"podcast","spotify","2025-01-01"
"c895","creator_45","Synthetic Item 895",955,"live","youtube","2025-01-01"
"c896","creator_46","Synthetic Item 896",956,"video","blog","2025-01-01"
"c897","creator_47","Synthetic Item 897",957,"article","instagram","2025-01-01"
"c898","creator_48","Synthetic Item 898",958,"short","tiktok","2025-01-01"
"c899","creator_49","Synthetic Item 899",959,"podcast","twitch","2025-01-01"
"c900","creator_50","Synthetic Item 900",960,"live","spotify","2025-01-01"
"c901","creator_1","Synthetic Item 901",961,"video","youtube","2025-01-01"
"c902","creator_2","Synthetic Item 902",962,"article","blog","2025-01-01"
"c903","creator_3","Synthetic Item 903",963,"short","instagram","2025-01-01"
"c904","creator_4","Synthetic Item 904",964,"podcast","tiktok","2025-01-01"
"c905","creator_5","Synthetic Item 905",965,"live","twitch","2025-01-01"
"c906","creator_6","Synthetic Item 906",966,"video","spotify","2025-01-01"
"c907","creator_7","Synthetic Item 907",967,"article","youtube","2025-01-01"
"c908","creator_8","Synthetic Item 908",968,"short","blog","2025-01-01"
"c909","creator_9","Synthetic Item 909",969,"podcast","instagram","2025-01-01"
"c910","creator_10","Synthetic Item 910",970,"live","tiktok","2025-01-01"
"c911","creator_11","Synthetic Item 911",971,"video","twitch","2025-01-01"
"c912","creator_12","Synthetic Item 912",972,"article","spotify","2025-01-01"
"c913","creator_13","Synthetic Item 913",973,"short","youtube","2025-01-01"
"c914","creator_14","Synthetic Item 914",974,"podcast","blog","2025-01-01"
"c915","creator_15","Synthetic Item 915",975,"live","instagram","2025-01-01"
"c916","creator_16","Synthetic Item 916",976,"video","tiktok","2025-01-01"
"c917","creator_17","Synthetic Item 917",977,"article","twitch","2025-01-01"
"c918","creator_18","Synthetic Item 918",978,"short","spotify","2025-01-01"
"c919","creator_19","Synthetic Item 919",979,"podcast","youtube","2025-01-01"
"c920","creator_20","Synthetic Item 920",980,"live","blog","2025-01-01"
"c921","creator_21","Synthetic Item 921",981,"video","instagram","2025-01-01"
"c922","creator_22","Synthetic Item 922",982,"article","tiktok","2025-01-01"
"c923","creator_23","Synthetic Item 923",983,"short","twitch","2025-01-01"
"c924","creator_24","Synthetic Item 924",984,"podcast","spotify","2025-01-01"
"c925","creator_25","Synthetic Item 925",985,"live","youtube","2025-01-01"
"c926","creator_26","Synthetic Item 926",986,"video","blog","2025-01-01"
"c927","creator_27","Synthetic Item 927",987,"article","instagram","2025-01-01"
"c928","creator_28","Synthetic Item 928",988,"short","tiktok","2025-01-01"
"c929","creator_29","Synthetic Item 929",989,"podcast","twitch","2025-01-01"
"c930","creator_30","Synthetic Item 930",990,"live","spotify","2025-01-01"
"c931","creator_31","Synthetic Item 931",991,"video","youtube","2025-01-01"
"c932","creator_32","Synthetic Item 932",992,"article","blog","2025-01-01"
"c933","creator_33","Synthetic Item 933",993,"short","instagram","2025-01-01"
"c934","creator_34","Synthetic Item 934",994,"podcast","tiktok","2025-01-01"
"c935","creator_35","Synthetic Item 935",995,"live","twitch","2025-01-01"
"c936","creator_36","Synthetic Item 936",996,"video","spotify","2025-01-01"
"c937","creator_37","Synthetic Item 937",997,"article","youtube","2025-01-01"
"c938","creator_38","Synthetic Item 938",998,"short","blog","2025-01-01"
"c939","creator_39","Synthetic Item 939",999,"podcast","instagram","2025-01-01"
"c940","creator_40","Synthetic Item 940",1000,"live","tiktok","2025-01-01"
"c941","creator_41","Synthetic Item 941",1001,"video","twitch","2025-01-01"
"c942","creator_42","Synthetic Item 942",1002,"article","spotify","2025-01-01"
"c943","creator_43","Synthetic Item 943",1003,"short","youtube","2025-01-01"
"c944","creator_44","Synthetic Item 944",1004,"podcast","blog","2025-01-01"
"c945","creator_45","Synthetic Item 945",1005,"live","instagram","2025-01-01"
"c946","creator_46","Synthetic Item 946",1006,"video","tiktok","2025-01-01"
"c947","creator_47","Synthetic Item 947",1007,"article","twitch","2025-01-01"
"c948","creator_48","Synthetic Item 948",1008,"short","spotify","2025-01-01"
"c949","creator_49","Synthetic Item 949",1009,"podcast","youtube","2025-01-01"
"c950","creator_50","Synthetic Item 950",1010,"live","blog","2025-01-01"
"c951","creator_1","Synthetic Item 951",1011,"video","instagram","2025-01-01"
"c952","creator_2","Synthetic Item 952",1012,"article","tiktok","2025-01-01"
"c953","creator_3","Synthetic Item 953",1013,"short","twitch","2025-01-01"
"c954","creator_4","Synthetic Item 954",1014,"podcast","spotify","2025-01-01"
"c955","creator_5","Synthetic Item 955",1015,"live","youtube","2025-01-01"
"c956","creator_6","Synthetic Item 956",1016,"video","blog","2025-01-01"
"c957","creator_7","Synthetic Item 957",1017,"article","instagram","2025-01-01"
"c958","creator_8","Synthetic Item 958",1018,"short","tiktok","2025-01-01"
"c959","creator_9","Synthetic Item 959",1019,"podcast","twitch","2025-01-01"
"c960","creator_10","Synthetic Item 960",1020,"live","spotify","2025-01-01"
"c961","creator_11","Synthetic Item 961",1021,"video","youtube","2025-01-01"
"c962","creator_12","Synthetic Item 962",1022,"article","blog","2025-01-01"
"c963","creator_13","Synthetic Item 963",1023,"short","instagram","2025-01-01"
"c964","creator_14","Synthetic Item 964",1024,"podcast","tiktok","2025-01-01"
"c965","creator_15","Synthetic Item 965",1025,"live","twitch","2025-01-01"
"c966","creator_16","Synthetic Item 966",1026,"video","spotify","2025-01-01"
"c967","creator_17","Synthetic Item 967",1027,"article","youtube","2025-01-01"
"c968","creator_18","Synthetic Item 968",1028,"short","blog","2025-01-01"
"c969","creator_19","Synthetic Item 969",1029,"podcast","instagram","2025-01-01"
"c970","creator_20","Synthetic Item 970",1030,"live","tiktok","2025-01-01"
"c971","creator_21","Synthetic Item 971",1031,"video","twitch","2025-01-01"
"c972","creator_22","Synthetic Item 972",1032,"article","spotify","2025-01-01"
"c973","creator_23","Synthetic Item 973",1033,"short","youtube","2025-01-01"
"c974","creator_24","Synthetic Item 974",1034,"podcast","blog","2025-01-01"
"c975","creator_25","Synthetic Item 975",1035,"live","instagram","2025-01-01"
"c976","creator_26","Synthetic Item 976",1036,"video","tiktok","2025-01-01"
"c977","creator_27","Synthetic Item 977",1037,"article","twitch","2025-01-01"
"c978","creator_28","Synthetic Item 978",1038,"short","spotify","2025-01-01"
"c979","creator_29","Synthetic Item 979",1039,"podcast","youtube","2025-01-01"
"c980","creator_30","Synthetic Item 980",1040,"live","blog","2025-01-01"
"c981","creator_31","Synthetic Item 981",1041,"video","instagram","2025-01-01"
"c982","creator_32","Synthetic Item 982",1042,"article","tiktok","2025-01-01"
"c983","creator_33","Synthetic Item 983",1043,"short","twitch","2025-01-01"
"c984","creator_34","Synthetic Item 984",1044,"podcast","spotify","2025-01-01"
"c985","creator_35","Synthetic Item 985",1045,"live","youtube","2025-01-01"
"c986","creator_36","Synthetic Item 986",1046,"video","blog","2025-01-01"
"c987","creator_37","Synthetic Item 987",1047,"article","instagram","2025-01-01"
"c988","creator_38","Synthetic Item 988",1048,"short","tiktok","2025-01-01"
"c989","creator_39","Synthetic Item 989",1049,"podcast","twitch","2025-01-01"
"c990","creator_40","Synthetic Item 990",1050,"live","spotify","2025-01-01"
"c991","creator_41","Synthetic Item 991",1051,"video","youtube","2025-01-01"
"c992","creator_42","Synthetic Item 992",1052,"article","blog","2025-01-01"
"c993","creator_43","Synthetic Item 993",1053,"short","instagram","2025-01-01"
"c994","creator_44","Synthetic Item 994",1054,"podcast","tiktok","2025-01-01"
"c995","creator_45","Synthetic Item 995",1055,"live","twitch","2025-01-01"
"c996","creator_46","Synthetic Item 996",1056,"video","spotify","2025-01-01"
"c997","creator_47","Synthetic Item 997",1057,"article","youtube","2025-01-01"
"c998","creator_48","Synthetic Item 998",1058,"short","blog","2025-01-01"
"c999","creator_49","Synthetic Item 999",1059,"podcast","instagram","2025-01-01"
"c1000","creator_50","Synthetic Item 1000",1060,"live","tiktok","2025-01-01"
"c1001","creator_1","Synthetic Item 1001",1061,"video","twitch","2025-01-01"
"c1002","creator_2","Synthetic Item 1002",1062,"article","spotify","2025-01-01"
"c1003","creator_3","Synthetic Item 1003",1063,"short","youtube","2025-01-01"
"c1004","creator_4","Synthetic Item 1004",1064,"podcast","blog","2025-01-01"
"c1005","creator_5","Synthetic Item 1005",1065,"live","instagram","2025-01-01"
"c1006","creator_6","Synthetic Item 1006",1066,"video","tiktok","2025-01-01"
"c1007","creator_7","Synthetic Item 1007",1067,"article","twitch","2025-01-01"
"c1008","creator_8","Synthetic Item 1008",1068,"short","spotify","2025-01-01"
"c1009","creator_9","Synthetic Item 1009",1069,"podcast","youtube","2025-01-01"
"c1010","creator_10","Synthetic Item 1010",1070,"live","blog","2025-01-01"
"c1011","creator_11","Synthetic Item 1011",1071,"video","instagram","2025-01-01"
"c1012","creator_12","Synthetic Item 1012",1072,"article","tiktok","2025-01-01"
"c1013","creator_13","Synthetic Item 1013",1073,"short","twitch","2025-01-01"
"c1014","creator_14","Synthetic Item 1014",1074,"podcast","spotify","2025-01-01"
"c1015","creator_15","Synthetic Item 1015",1075,"live","youtube","2025-01-01"
"c1016","creator_16","Synthetic Item 1016",1076,"video","blog","2025-01-01"
"c1017","creator_17","Synthetic Item 1017",1077,"article","instagram","2025-01-01"
"c1018","creator_18","Synthetic Item 1018",1078,"short","tiktok","2025-01-01"
"c1019","creator_19","Synthetic Item 1019",1079,"podcast","twitch","2025-01-01"
"c1020","creator_20","Synthetic Item 1020",1080,"live","spotify","2025-01-01"
"c1021","creator_21","Synthetic Item 1021",1081,"video","youtube","2025-01-01"
"c1022","creator_22","Synthetic Item 1022",1082,"article","blog","2025-01-01"
"c1023","creator_23","Synthetic Item 1023",1083,"short","instagram","2025-01-01"
"c1024","creator_24","Synthetic Item 1024",1084,"podcast","tiktok","2025-01-01"
"c1025","creator_25","Synthetic Item 1025",1085,"live","twitch","2025-01-01"
"c1026","creator_26","Synthetic Item 1026",1086,"video","spotify","2025-01-01"
"c1027","creator_27","Synthetic Item 1027",1087,"article","youtube","2025-01-01"
"c1028","creator_28","Synthetic Item 1028",1088,"short","blog","2025-01-01"
"c1029","creator_29","Synthetic Item 1029",1089,"podcast","instagram","2025-01-01"
"c1030","creator_30","Synthetic Item 1030",1090,"live","tiktok","2025-01-01"
"c1031","creator_31","Synthetic Item 1031",1091,"video","twitch","2025-01-01"
"c1032","creator_32","Synthetic Item 1032",1092,"article","spotify","2025-01-01"
"c1033","creator_33","Synthetic Item 1033",1093,"short","youtube","2025-01-01"
"c1034","creator_34","Synthetic Item 1034",1094,"podcast","blog","2025-01-01"
"c1035","creator_35","Synthetic Item 1035",1095,"live","instagram","2025-01-01"
"c1036","creator_36","Synthetic Item 1036",1096,"video","tiktok","2025-01-01"
"c1037","creator_37","Synthetic Item 1037",1097,"article","twitch","2025-01-01"
"c1038","creator_38","Synthetic Item 1038",1098,"short","spotify","2025-01-01"
"c1039","creator_39","Synthetic Item 1039",1099,"podcast","youtube","2025-01-01"
"c1040","creator_40","Synthetic Item 1040",1100,"live","blog","2025-01-01"
"c1041","creator_41","Synthetic Item 1041",1101,"video","instagram","2025-01-01"
"c1042","creator_42","Synthetic Item 1042",1102,"article","tiktok","2025-01-01"
"c1043","creator_43","Synthetic Item 1043",1103,"short","twitch","2025-01-01"
"c1044","creator_44","Synthetic Item 1044",1104,"podcast","spotify","2025-01-01"
"c1045","creator_45","Synthetic Item 1045",1105,"live","youtube","2025-01-01"
"c1046","creator_46","Synthetic Item 1046",1106,"video","blog","2025-01-01"
"c1047","creator_47","Synthetic Item 1047",1107,"article","instagram","2025-01-01"
"c1048","creator_48","Synthetic Item 1048",1108,"short","tiktok","2025-01-01"
"c1049","creator_49","Synthetic Item 1049",1109,"podcast","twitch","2025-01-01"
"c1050","creator_50","Synthetic Item 1050",1110,"live","spotify","2025-01-01"
"c1051","creator_1","Synthetic Item 1051",1111,"video","youtube","2025-01-01"
"c1052","creator_2","Synthetic Item 1052",1112,"article","blog","2025-01-01"
"c1053","creator_3","Synthetic Item 1053",1113,"short","instagram","2025-01-01"
"c1054","creator_4","Synthetic Item 1054",1114,"podcast","tiktok","2025-01-01"
"c1055","creator_5","Synthetic Item 1055",1115,"live","twitch","2025-01-01"
"c1056","creator_6","Synthetic Item 1056",1116,"video","spotify","2025-01-01"
"c1057","creator_7","Synthetic Item 1057",1117,"article","youtube","2025-01-01"
"c1058","creator_8","Synthetic Item 1058",1118,"short","blog","2025-01-01"
"c1059","creator_9","Synthetic Item 1059",1119,"podcast","instagram","2025-01-01"
"c1060","creator_10","Synthetic Item 1060",1120,"live","tiktok","2025-01-01"
"c1061","creator_11","Synthetic Item 1061",1121,"video","twitch","2025-01-01"
"c1062","creator_12","Synthetic Item 1062",1122,"article","spotify","2025-01-01"
"c1063","creator_13","Synthetic Item 1063",1123,"short","youtube","2025-01-01"
"c1064","creator_14","Synthetic Item 1064",1124,"podcast","blog","2025-01-01"
"c1065","creator_15","Synthetic Item 1065",1125,"live","instagram","2025-01-01"
"c1066","creator_16","Synthetic Item 1066",1126,"video","tiktok","2025-01-01"
"c1067","creator_17","Synthetic Item 1067",1127,"article","twitch","2025-01-01"
"c1068","creator_18","Synthetic Item 1068",1128,"short","spotify","2025-01-01"
"c1069","creator_19","Synthetic Item 1069",1129,"podcast","youtube","2025-01-01"
"c1070","creator_20","Synthetic Item 1070",1130,"live","blog","2025-01-01"
"c1071","creator_21","Synthetic Item 1071",1131,"video","instagram","2025-01-01"
"c1072","creator_22","Synthetic Item 1072",1132,"article","tiktok","2025-01-01"
"c1073","creator_23","Synthetic Item 1073",1133,"short","twitch","2025-01-01"
"c1074","creator_24","Synthetic Item 1074",1134,"podcast","spotify","2025-01-01"
"c1075","creator_25","Synthetic Item 1075",1135,"live","youtube","2025-01-01"
"c1076","creator_26","Synthetic Item 1076",1136,"video","blog","2025-01-01"
"c1077","creator_27","Synthetic Item 1077",1137,"article","instagram","2025-01-01"
"c1078","creator_28","Synthetic Item 1078",1138,"short","tiktok","2025-01-01"
"c1079","creator_29","Synthetic Item 1079",1139,"podcast","twitch","2025-01-01"
"c1080","creator_30","Synthetic Item 1080",1140,"live","spotify","2025-01-01"
"c1081","creator_31","Synthetic Item 1081",1141,"video","youtube","2025-01-01"
"c1082","creator_32","Synthetic Item 1082",1142,"article","blog","2025-01-01"
"c1083","creator_33","Synthetic Item 1083",1143,"short","instagram","2025-01-01"
"c1084","creator_34","Synthetic Item 1084",1144,"podcast","tiktok","2025-01-01"
"c1085","creator_35","Synthetic Item 1085",1145,"live","twitch","2025-01-01"
"c1086","creator_36","Synthetic Item 1086",1146,"video","spotify","2025-01-01"
"c1087","creator_37","Synthetic Item 1087",1147,"article","youtube","2025-01-01"
"c1088","creator_38","Synthetic Item 1088",1148,"short","blog","2025-01-01"
"c1089","creator_39","Synthetic Item 1089",1149,"podcast","instagram","2025-01-01"
"c1090","creator_40","Synthetic Item 1090",1150,"live","tiktok","2025-01-01"
"c1091","creator_41","Synthetic Item 1091",1151,"video","twitch","2025-01-01"
"c1092","creator_42","Synthetic Item 1092",1152,"article","spotify","2025-01-01"
"c1093","creator_43","Synthetic Item 1093",1153,"short","youtube","2025-01-01"
"c1094","creator_44","Synthetic Item 1094",1154,"podcast","blog","2025-01-01"
"c1095","creator_45","Synthetic Item 1095",1155,"live","instagram","2025-01-01"
"c1096","creator_46","Synthetic Item 1096",1156,"video","tiktok","2025-01-01"
"c1097","creator_47","Synthetic Item 1097",1157,"article","twitch","2025-01-01"
"c1098","creator_48","Synthetic Item 1098",1158,"short","spotify","2025-01-01"
"c1099","creator_49","Synthetic Item 1099",1159,"podcast","youtube","2025-01-01"
"c1100","creator_50","Synthetic Item 1100",1160,"live","blog","2025-01-01"
"c1101","creator_1","Synthetic Item 1101",1161,"video","instagram","2025-01-01"
"c1102","creator_2","Synthetic Item 1102",1162,"article","tiktok","2025-01-01"
"c1103","creator_3","Synthetic Item 1103",1163,"short","twitch","2025-01-01"
"c1104","creator_4","Synthetic Item 1104",1164,"podcast","spotify","2025-01-01"
"c1105","creator_5","Synthetic Item 1105",1165,"live","youtube","2025-01-01"
"c1106","creator_6","Synthetic Item 1106",1166,"video","blog","2025-01-01"
"c1107","creator_7","Synthetic Item 1107",1167,"article","instagram","2025-01-01"
"c1108","creator_8","Synthetic Item 1108",1168,"short","tiktok","2025-01-01"
"c1109","creator_9","Synthetic Item 1109",1169,"podcast","twitch","2025-01-01"
"c1110","creator_10","Synthetic Item 1110",1170,"live","spotify","2025-01-01"
"c1111","creator_11","Synthetic Item 1111",1171,"video","youtube","2025-01-01"
"c1112","creator_12","Synthetic Item 1112",1172,"article","blog","2025-01-01"
"c1113","creator_13","Synthetic Item 1113",1173,"short","instagram","2025-01-01"
"c1114","creator_14","Synthetic Item 1114",1174,"podcast","tiktok","2025-01-01"
"c1115","creator_15","Synthetic Item 1115",1175,"live","twitch","2025-01-01"
"c1116","creator_16","Synthetic Item 1116",1176,"video","spotify","2025-01-01"
"c1117","creator_17","Synthetic Item 1117",1177,"article","youtube","2025-01-01"
"c1118","creator_18","Synthetic Item 1118",1178,"short","blog","2025-01-01"
"c1119","creator_19","Synthetic Item 1119",1179,"podcast","instagram","2025-01-01"
"c1120","creator_20","Synthetic Item 1120",1180,"live","tiktok","2025-01-01"
"c1121","creator_21","Synthetic Item 1121",1181,"video","twitch","2025-01-01"
"c1122","creator_22","Synthetic Item 1122",1182,"article","spotify","2025-01-01"
"c1123","creator_23","Synthetic Item 1123",1183,"short","youtube","2025-01-01"
"c1124","creator_24","Synthetic Item 1124",1184,"podcast","blog","2025-01-01"
"c1125","creator_25","Synthetic Item 1125",1185,"live","instagram","2025-01-01"
"c1126","creator_26","Synthetic Item 1126",1186,"video","tiktok","2025-01-01"
"c1127","creator_27","Synthetic Item 1127",1187,"article","twitch","2025-01-01"
"c1128","creator_28","Synthetic Item 1128",1188,"short","spotify","2025-01-01"
"c1129","creator_29","Synthetic Item 1129",1189,"podcast","youtube","2025-01-01"
"c1130","creator_30","Synthetic Item 1130",1190,"live","blog","2025-01-01"
"c1131","creator_31","Synthetic Item 1131",1191,"video","instagram","2025-01-01"
"c1132","creator_32","Synthetic Item 1132",1192,"article","tiktok","2025-01-01"
"c1133","creator_33","Synthetic Item 1133",1193,"short","twitch","2025-01-01"
"c1134","creator_34","Synthetic Item 1134",1194,"podcast","spotify","2025-01-01"
"c1135","creator_35","Synthetic Item 1135",1195,"live","youtube","2025-01-01"
"c1136","creator_36","Synthetic Item 1136",1196,"video","blog","2025-01-01"
"c1137","creator_37","Synthetic Item 1137",1197,"article","instagram","2025-01-01"
"c1138","creator_38","Synthetic Item 1138",1198,"short","tiktok","2025-01-01"
"c1139","creator_39","Synthetic Item 1139",1199,"podcast","twitch","2025-01-01"
"c1140","creator_40","Synthetic Item 1140",1200,"live","spotify","2025-01-01"
"c1141","creator_41","Synthetic Item 1141",1201,"video","youtube","2025-01-01"
"c1142","creator_42","Synthetic Item 1142",1202,"article","blog","2025-01-01"
"c1143","creator_43","Synthetic Item 1143",1203,"short","instagram","2025-01-01"
"c1144","creator_44","Synthetic Item 1144",1204,"podcast","tiktok","2025-01-01"
"c1145","creator_45","Synthetic Item 1145",1205,"live","twitch","2025-01-01"
"c1146","creator_46","Synthetic Item 1146",1206,"video","spotify","2025-01-01"
"c1147","creator_47","Synthetic Item 1147",1207,"article","youtube","2025-01-01"
"c1148","creator_48","Synthetic Item 1148",1208,"short","blog","2025-01-01"
"c1149","creator_49","Synthetic Item 1149",1209,"podcast","instagram","2025-01-01"
"c1150","creator_50","Synthetic Item 1150",1210,"live","tiktok","2025-01-01"
"c1151","creator_1","Synthetic Item 1151",1211,"video","twitch","2025-01-01"
"c1152","creator_2","Synthetic Item 1152",1212,"article","spotify","2025-01-01"
"c1153","creator_3","Synthetic Item 1153",1213,"short","youtube","2025-01-01"
"c1154","creator_4","Synthetic Item 1154",1214,"podcast","blog","2025-01-01"
"c1155","creator_5","Synthetic Item 1155",1215,"live","instagram","2025-01-01"
"c1156","creator_6","Synthetic Item 1156",1216,"video","tiktok","2025-01-01"
"c1157","creator_7","Synthetic Item 1157",1217,"article","twitch","2025-01-01"
"c1158","creator_8","Synthetic Item 1158",1218,"short","spotify","2025-01-01"
"c1159","creator_9","Synthetic Item 1159",1219,"podcast","youtube","2025-01-01"
"c1160","creator_10","Synthetic Item 1160",1220,"live","blog","2025-01-01"
"c1161","creator_11","Synthetic Item 1161",1221,"video","instagram","2025-01-01"
"c1162","creator_12","Synthetic Item 1162",1222,"article","tiktok","2025-01-01"
"c1163","creator_13","Synthetic Item 1163",1223,"short","twitch","2025-01-01"
"c1164","creator_14","Synthetic Item 1164",1224,"podcast","spotify","2025-01-01"
"c1165","creator_15","Synthetic Item 1165",1225,"live","youtube","2025-01-01"
"c1166","creator_16","Synthetic Item 1166",1226,"video","blog","2025-01-01"
"c1167","creator_17","Synthetic Item 1167",1227,"article","instagram","2025-01-01"
"c1168","creator_18","Synthetic Item 1168",1228,"short","tiktok","2025-01-01"
"c1169","creator_19","Synthetic Item 1169",1229,"podcast","twitch","2025-01-01"
"c1170","creator_20","Synthetic Item 1170",1230,"live","spotify","2025-01-01"
"c1171","creator_21","Synthetic Item 1171",1231,"video","youtube","2025-01-01"
"c1172","creator_22","Synthetic Item 1172",1232,"article","blog","2025-01-01"
"c1173","creator_23","Synthetic Item 1173",1233,"short","instagram","2025-01-01"
"c1174","creator_24","Synthetic Item 1174",1234,"podcast","tiktok","2025-01-01"
"c1175","creator_25","Synthetic Item 1175",1235,"live","twitch","2025-01-01"
"c1176","creator_26","Synthetic Item 1176",1236,"video","spotify","2025-01-01"
"c1177","creator_27","Synthetic Item 1177",1237,"article","youtube","2025-01-01"
"c1178","creator_28","Synthetic Item 1178",1238,"short","blog","2025-01-01"
"c1179","creator_29","Synthetic Item 1179",1239,"podcast","instagram","2025-01-01"
"c1180","creator_30","Synthetic Item 1180",1240,"live","tiktok","2025-01-01"
"c1181","creator_31","Synthetic Item 1181",1241,"video","twitch","2025-01-01"
"c1182","creator_32","Synthetic Item 1182",1242,"article","spotify","2025-01-01"
"c1183","creator_33","Synthetic Item 1183",1243,"short","youtube","2025-01-01"
"c1184","creator_34","Synthetic Item 1184",1244,"podcast","blog","2025-01-01"
"c1185","creator_35","Synthetic Item 1185",1245,"live","instagram","2025-01-01"
"c1186","creator_36","Synthetic Item 1186",1246,"video","tiktok","2025-01-01"
"c1187","creator_37","Synthetic Item 1187",1247,"article","twitch","2025-01-01"
"c1188","creator_38","Synthetic Item 1188",1248,"short","spotify","2025-01-01"
"c1189","creator_39","Synthetic Item 1189",1249,"podcast","youtube","2025-01-01"
"c1190","creator_40","Synthetic Item 1190",1250,"live","blog","2025-01-01"
"c1191","creator_41","Synthetic Item 1191",1251,"video","instagram","2025-01-01"
"c1192","creator_42","Synthetic Item 1192",1252,"article","tiktok","2025-01-01"
"c1193","creator_43","Synthetic Item 1193",1253,"short","twitch","2025-01-01"
"c1194","creator_44","Synthetic Item 1194",1254,"podcast","spotify","2025-01-01"
"c1195","creator_45","Synthetic Item 1195",1255,"live","youtube","2025-01-01"
"c1196","creator_46","Synthetic Item 1196",1256,"video","blog","2025-01-01"
"c1197","creator_47","Synthetic Item 1197",1257,"article","instagram","2025-01-01"
"c1198","creator_48","Synthetic Item 1198",1258,"short","tiktok","2025-01-01"
"c1199","creator_49","Synthetic Item 1199",1259,"podcast","twitch","2025-01-01"
"c1200","creator_50","Synthetic Item 1200",1260,"live","spotify","2025-01-01"
"c1201","creator_1","Synthetic Item 1201",1261,"video","youtube","2025-01-01"
"c1202","creator_2","Synthetic Item 1202",1262,"article","blog","2025-01-01"
"c1203","creator_3","Synthetic Item 1203",1263,"short","instagram","2025-01-01"
"c1204","creator_4","Synthetic Item 1204",1264,"podcast","tiktok","2025-01-01"
"c1205","creator_5","Synthetic Item 1205",1265,"live","twitch","2025-01-01"
"c1206","creator_6","Synthetic Item 1206",1266,"video","spotify","2025-01-01"
"c1207","creator_7","Synthetic Item 1207",1267,"article","youtube","2025-01-01"
"c1208","creator_8","Synthetic Item 1208",1268,"short","blog","2025-01-01"
"c1209","creator_9","Synthetic Item 1209",1269,"podcast","instagram","2025-01-01"
"c1210","creator_10","Synthetic Item 1210",1270,"live","tiktok","2025-01-01"
"c1211","creator_11","Synthetic Item 1211",1271,"video","twitch","2025-01-01"
"c1212","creator_12","Synthetic Item 1212",1272,"article","spotify","2025-01-01"
"c1213","creator_13","Synthetic Item 1213",1273,"short","youtube","2025-01-01"
"c1214","creator_14","Synthetic Item 1214",1274,"podcast","blog","2025-01-01"
"c1215","creator_15","Synthetic Item 1215",1275,"live","instagram","2025-01-01"
"c1216","creator_16","Synthetic Item 1216",1276,"video","tiktok","2025-01-01"
"c1217","creator_17","Synthetic Item 1217",1277,"article","twitch","2025-01-01"
"c1218","creator_18","Synthetic Item 1218",1278,"short","spotify","2025-01-01"
"c1219","creator_19","Synthetic Item 1219",1279,"podcast","youtube","2025-01-01"
"c1220","creator_20","Synthetic Item 1220",1280,"live","blog","2025-01-01"
"c1221","creator_21","Synthetic Item 1221",1281,"video","instagram","2025-01-01"
"c1222","creator_22","Synthetic Item 1222",1282,"article","tiktok","2025-01-01"
"c1223","creator_23","Synthetic Item 1223",1283,"short","twitch","2025-01-01"
"c1224","creator_24","Synthetic Item 1224",1284,"podcast","spotify","2025-01-01"
"c1225","creator_25","Synthetic Item 1225",1285,"live","youtube","2025-01-01"
"c1226","creator_26","Synthetic Item 1226",1286,"video","blog","2025-01-01"
"c1227","creator_27","Synthetic Item 1227",1287,"article","instagram","2025-01-01"
"c1228","creator_28","Synthetic Item 1228",1288,"short","tiktok","2025-01-01"
"c1229","creator_29","Synthetic Item 1229",1289,"podcast","twitch","2025-01-01"
"c1230","creator_30","Synthetic Item 1230",1290,"live","spotify","2025-01-01"
"c1231","creator_31","Synthetic Item 1231",1291,"video","youtube","2025-01-01"
"c1232","creator_32","Synthetic Item 1232",1292,"article","blog","2025-01-01"
"c1233","creator_33","Synthetic Item 1233",1293,"short","instagram","2025-01-01"
"c1234","creator_34","Synthetic Item 1234",1294,"podcast","tiktok","2025-01-01"
"c1235","creator_35","Synthetic Item 1235",1295,"live","twitch","2025-01-01"
"c1236","creator_36","Synthetic Item 1236",1296,"video","spotify","2025-01-01"
"c1237","creator_37","Synthetic Item 1237",1297,"article","youtube","2025-01-01"
"c1238","creator_38","Synthetic Item 1238",1298,"short","blog","2025-01-01"
"c1239","creator_39","Synthetic Item 1239",1299,"podcast","instagram","2025-01-01"
"c1240","creator_40","Synthetic Item 1240",1300,"live","tiktok","2025-01-01"
"c1241","creator_41","Synthetic Item 1241",1301,"video","twitch","2025-01-01"
"c1242","creator_42","Synthetic Item 1242",1302,"article","spotify","2025-01-01"
"c1243","creator_43","Synthetic Item 1243",1303,"short","youtube","2025-01-01"
"c1244","creator_44","Synthetic Item 1244",1304,"podcast","blog","2025-01-01"
"c1245","creator_45","Synthetic Item 1245",1305,"live","instagram","2025-01-01"
"c1246","creator_46","Synthetic Item 1246",1306,"video","tiktok","2025-01-01"
"c1247","creator_47","Synthetic Item 1247",1307,"article","twitch","2025-01-01"
"c1248","creator_48","Synthetic Item 1248",1308,"short","spotify","2025-01-01"
"c1249","creator_49","Synthetic Item 1249",1309,"podcast","youtube","2025-01-01"
"c1250","creator_50","Synthetic Item 1250",1310,"live","blog","2025-01-01"
"c1251","creator_1","Synthetic Item 1251",1311,"video","instagram","2025-01-01"
"c1252","creator_2","Synthetic Item 1252",1312,"article","tiktok","2025-01-01"
"c1253","creator_3","Synthetic Item 1253",1313,"short","twitch","2025-01-01"
"c1254","creator_4","Synthetic Item 1254",1314,"podcast","spotify","2025-01-01"
"c1255","creator_5","Synthetic Item 1255",1315,"live","youtube","2025-01-01"
"c1256","creator_6","Synthetic Item 1256",1316,"video","blog","2025-01-01"
"c1257","creator_7","Synthetic Item 1257",1317,"article","instagram","2025-01-01"
"c1258","creator_8","Synthetic Item 1258",1318,"short","tiktok","2025-01-01"
"c1259","creator_9","Synthetic Item 1259",1319,"podcast","twitch","2025-01-01"
"c1260","creator_10","Synthetic Item 1260",1320,"live","spotify","2025-01-01"
"c1261","creator_11","Synthetic Item 1261",1321,"video","youtube","2025-01-01"
"c1262","creator_12","Synthetic Item 1262",1322,"article","blog","2025-01-01"
"c1263","creator_13","Synthetic Item 1263",1323,"short","instagram","2025-01-01"
"c1264","creator_14","Synthetic Item 1264",1324,"podcast","tiktok","2025-01-01"
"c1265","creator_15","Synthetic Item 1265",1325,"live","twitch","2025-01-01"
"c1266","creator_16","Synthetic Item 1266",1326,"video","spotify","2025-01-01"
"c1267","creator_17","Synthetic Item 1267",1327,"article","youtube","2025-01-01"
"c1268","creator_18","Synthetic Item 1268",1328,"short","blog","2025-01-01"
"c1269","creator_19","Synthetic Item 1269",1329,"podcast","instagram","2025-01-01"
"c1270","creator_20","Synthetic Item 1270",1330,"live","tiktok","2025-01-01"
"c1271","creator_21","Synthetic Item 1271",1331,"video","twitch","2025-01-01"
"c1272","creator_22","Synthetic Item 1272",1332,"article","spotify","2025-01-01"
"c1273","creator_23","Synthetic Item 1273",1333,"short","youtube","2025-01-01"
"c1274","creator_24","Synthetic Item 1274",1334,"podcast","blog","2025-01-01"
"c1275","creator_25","Synthetic Item 1275",1335,"live","instagram","2025-01-01"
"c1276","creator_26","Synthetic Item 1276",1336,"video","tiktok","2025-01-01"
"c1277","creator_27","Synthetic Item 1277",1337,"article","twitch","2025-01-01"
"c1278","creator_28","Synthetic Item 1278",1338,"short","spotify","2025-01-01"
"c1279","creator_29","Synthetic Item 1279",1339,"podcast","youtube","2025-01-01"
"c1280","creator_30","Synthetic Item 1280",1340,"live","blog","2025-01-01"
"c1281","creator_31","Synthetic Item 1281",1341,"video","instagram","2025-01-01"
"c1282","creator_32","Synthetic Item 1282",1342,"article","tiktok","2025-01-01"
"c1283","creator_33","Synthetic Item 1283",1343,"short","twitch","2025-01-01"
"c1284","creator_34","Synthetic Item 1284",1344,"podcast","spotify","2025-01-01"
"c1285","creator_35","Synthetic Item 1285",1345,"live","youtube","2025-01-01"
"c1286","creator_36","Synthetic Item 1286",1346,"video","blog","2025-01-01"
"c1287","creator_37","Synthetic Item 1287",1347,"article","instagram","2025-01-01"
"c1288","creator_38","Synthetic Item 1288",1348,"short","tiktok","2025-01-01"
"c1289","creator_39","Synthetic Item 1289",1349,"podcast","twitch","2025-01-01"
"c1290","creator_40","Synthetic Item 1290",1350,"live","spotify","2025-01-01"
"c1291","creator_41","Synthetic Item 1291",1351,"video","youtube","2025-01-01"
"c1292","creator_42","Synthetic Item 1292",1352,"article","blog","2025-01-01"
"c1293","creator_43","Synthetic Item 1293",1353,"short","instagram","2025-01-01"
"c1294","creator_44","Synthetic Item 1294",1354,"podcast","tiktok","2025-01-01"
"c1295","creator_45","Synthetic Item 1295",1355,"live","twitch","2025-01-01"
"c1296","creator_46","Synthetic Item 1296",1356,"video","spotify","2025-01-01"
"c1297","creator_47","Synthetic Item 1297",1357,"article","youtube","2025-01-01"
"c1298","creator_48","Synthetic Item 1298",1358,"short","blog","2025-01-01"
"c1299","creator_49","Synthetic Item 1299",1359,"podcast","instagram","2025-01-01"
"c1300","creator_50","Synthetic Item 1300",1360,"live","tiktok","2025-01-01"
"c1301","creator_1","Synthetic Item 1301",1361,"video","twitch","2025-01-01"
"c1302","creator_2","Synthetic Item 1302",1362,"article","spotify","2025-01-01"
"c1303","creator_3","Synthetic Item 1303",1363,"short","youtube","2025-01-01"
"c1304","creator_4","Synthetic Item 1304",1364,"podcast","blog","2025-01-01"
"c1305","creator_5","Synthetic Item 1305",1365,"live","instagram","2025-01-01"
"c1306","creator_6","Synthetic Item 1306",1366,"video","tiktok","2025-01-01"
"c1307","creator_7","Synthetic Item 1307",1367,"article","twitch","2025-01-01"
"c1308","creator_8","Synthetic Item 1308",1368,"short","spotify","2025-01-01"
"c1309","creator_9","Synthetic Item 1309",1369,"podcast","youtube","2025-01-01"
"c1310","creator_10","Synthetic Item 1310",1370,"live","blog","2025-01-01"
"c1311","creator_11","Synthetic Item 1311",1371,"video","instagram","2025-01-01"
"c1312","creator_12","Synthetic Item 1312",1372,"article","tiktok","2025-01-01"
"c1313","creator_13","Synthetic Item 1313",1373,"short","twitch","2025-01-01"
"c1314","creator_14","Synthetic Item 1314",1374,"podcast","spotify","2025-01-01"
"c1315","creator_15","Synthetic Item 1315",1375,"live","youtube","2025-01-01"
"c1316","creator_16","Synthetic Item 1316",1376,"video","blog","2025-01-01"
"c1317","creator_17","Synthetic Item 1317",1377,"article","instagram","2025-01-01"
"c1318","creator_18","Synthetic Item 1318",1378,"short","tiktok","2025-01-01"
"c1319","creator_19","Synthetic Item 1319",1379,"podcast","twitch","2025-01-01"
"c1320","creator_20","Synthetic Item 1320",1380,"live","spotify","2025-01-01"
"c1321","creator_21","Synthetic Item 1321",1381,"video","youtube","2025-01-01"
"c1322","creator_22","Synthetic Item 1322",1382,"article","blog","2025-01-01"
"c1323","creator_23","Synthetic Item 1323",1383,"short","instagram","2025-01-01"
"c1324","creator_24","Synthetic Item 1324",1384,"podcast","tiktok","2025-01-01"
"c1325","creator_25","Synthetic Item 1325",1385,"live","twitch","2025-01-01"
"c1326","creator_26","Synthetic Item 1326",1386,"video","spotify","2025-01-01"
"c1327","creator_27","Synthetic Item 1327",1387,"article","youtube","2025-01-01"
"c1328","creator_28","Synthetic Item 1328",1388,"short","blog","2025-01-01"
"c1329","creator_29","Synthetic Item 1329",1389,"podcast","instagram","2025-01-01"
"c1330","creator_30","Synthetic Item 1330",1390,"live","tiktok","2025-01-01"
"c1331","creator_31","Synthetic Item 1331",1391,"video","twitch","2025-01-01"
"c1332","creator_32","Synthetic Item 1332",1392,"article","spotify","2025-01-01"
"c1333","creator_33","Synthetic Item 1333",1393,"short","youtube","2025-01-01"
"c1334","creator_34","Synthetic Item 1334",1394,"podcast","blog","2025-01-01"
"c1335","creator_35","Synthetic Item 1335",1395,"live","instagram","2025-01-01"
"c1336","creator_36","Synthetic Item 1336",1396,"video","tiktok","2025-01-01"
"c1337","creator_37","Synthetic Item 1337",1397,"article","twitch","2025-01-01"
"c1338","creator_38","Synthetic Item 1338",1398,"short","spotify","2025-01-01"
"c1339","creator_39","Synthetic Item 1339",1399,"podcast","youtube","2025-01-01"
"c1340","creator_40","Synthetic Item 1340",1400,"live","blog","2025-01-01"
"c1341","creator_41","Synthetic Item 1341",1401,"video","instagram","2025-01-01"
"c1342","creator_42","Synthetic Item 1342",1402,"article","tiktok","2025-01-01"
"c1343","creator_43","Synthetic Item 1343",1403,"short","twitch","2025-01-01"
"c1344","creator_44","Synthetic Item 1344",1404,"podcast","spotify","2025-01-01"
"c1345","creator_45","Synthetic Item 1345",1405,"live","youtube","2025-01-01"
"c1346","creator_46","Synthetic Item 1346",1406,"video","blog","2025-01-01"
"c1347","creator_47","Synthetic Item 1347",1407,"article","instagram","2025-01-01"
"c1348","creator_48","Synthetic Item 1348",1408,"short","tiktok","2025-01-01"
"c1349","creator_49","Synthetic Item 1349",1409,"podcast","twitch","2025-01-01"
"c1350","creator_50","Synthetic Item 1350",1410,"live","spotify","2025-01-01"
"c1351","creator_1","Synthetic Item 1351",1411,"video","youtube","2025-01-01"
"c1352","creator_2","Synthetic Item 1352",1412,"article","blog","2025-01-01"
"c1353","creator_3","Synthetic Item 1353",1413,"short","instagram","2025-01-01"
"c1354","creator_4","Synthetic Item 1354",1414,"podcast","tiktok","2025-01-01"
"c1355","creator_5","Synthetic Item 1355",1415,"live","twitch","2025-01-01"
"c1356","creator_6","Synthetic Item 1356",1416,"video","spotify","2025-01-01"
"c1357","creator_7","Synthetic Item 1357",1417,"article","youtube","2025-01-01"
"c1358","creator_8","Synthetic Item 1358",1418,"short","blog","2025-01-01"
"c1359","creator_9","Synthetic Item 1359",1419,"podcast","instagram","2025-01-01"
"c1360","creator_10","Synthetic Item 1360",1420,"live","tiktok","2025-01-01"
"c1361","creator_11","Synthetic Item 1361",1421,"video","twitch","2025-01-01"
"c1362","creator_12","Synthetic Item 1362",1422,"article","spotify","2025-01-01"
"c1363","creator_13","Synthetic Item 1363",1423,"short","youtube","2025-01-01"
"c1364","creator_14","Synthetic Item 1364",1424,"podcast","blog","2025-01-01"
"c1365","creator_15","Synthetic Item 1365",1425,"live","instagram","2025-01-01"
"c1366","creator_16","Synthetic Item 1366",1426,"video","tiktok","2025-01-01"
"c1367","creator_17","Synthetic Item 1367",1427,"article","twitch","2025-01-01"
"c1368","creator_18","Synthetic Item 1368",1428,"short","spotify","2025-01-01"
"c1369","creator_19","Synthetic Item 1369",1429,"podcast","youtube","2025-01-01"
"c1370","creator_20","Synthetic Item 1370",1430,"live","blog","2025-01-01"
"c1371","creator_21","Synthetic Item 1371",1431,"video","instagram","2025-01-01"
"c1372","creator_22","Synthetic Item 1372",1432,"article","tiktok","2025-01-01"
"c1373","creator_23","Synthetic Item 1373",1433,"short","twitch","2025-01-01"
"c1374","creator_24","Synthetic Item 1374",1434,"podcast","spotify","2025-01-01"
"c1375","creator_25","Synthetic Item 1375",1435,"live","youtube","2025-01-01"
"c1376","creator_26","Synthetic Item 1376",1436,"video","blog","2025-01-01"
"c1377","creator_27","Synthetic Item 1377",1437,"article","instagram","2025-01-01"
"c1378","creator_28","Synthetic Item 1378",1438,"short","tiktok","2025-01-01"
"c1379","creator_29","Synthetic Item 1379",1439,"podcast","twitch","2025-01-01"
"c1380","creator_30","Synthetic Item 1380",1440,"live","spotify","2025-01-01"
"c1381","creator_31","Synthetic Item 1381",1441,"video","youtube","2025-01-01"
"c1382","creator_32","Synthetic Item 1382",1442,"article","blog","2025-01-01"
"c1383","creator_33","Synthetic Item 1383",1443,"short","instagram","2025-01-01"
"c1384","creator_34","Synthetic Item 1384",1444,"podcast","tiktok","2025-01-01"
"c1385","creator_35","Synthetic Item 1385",1445,"live","twitch","2025-01-01"
"c1386","creator_36","Synthetic Item 1386",1446,"video","spotify","2025-01-01"
"c1387","creator_37","Synthetic Item 1387",1447,"article","youtube","2025-01-01"
"c1388","creator_38","Synthetic Item 1388",1448,"short","blog","2025-01-01"
"c1389","creator_39","Synthetic Item 1389",1449,"podcast","instagram","2025-01-01"
"c1390","creator_40","Synthetic Item 1390",1450,"live","tiktok","2025-01-01"
"c1391","creator_41","Synthetic Item 1391",1451,"video","twitch","2025-01-01"
"c1392","creator_42","Synthetic Item 1392",1452,"article","spotify","2025-01-01"
"c1393","creator_43","Synthetic Item 1393",1453,"short","youtube","2025-01-01"
"c1394","creator_44","Synthetic Item 1394",1454,"podcast","blog","2025-01-01"
"c1395","creator_45","Synthetic Item 1395",1455,"live","instagram","2025-01-01"
"c1396","creator_46","Synthetic Item 1396",1456,"video","tiktok","2025-01-01"
"c1397","creator_47","Synthetic Item 1397",1457,"article","twitch","2025-01-01"
"c1398","creator_48","Synthetic Item 1398",1458,"short","spotify","2025-01-01"
"c1399","creator_49","Synthetic Item 1399",1459,"podcast","youtube","2025-01-01"
"c1400","creator_50","Synthetic Item 1400",1460,"live","blog","2025-01-01"
"c1401","creator_1","Synthetic Item 1401",1461,"video","instagram","2025-01-01"
"c1402","creator_2","Synthetic Item 1402",1462,"article","tiktok","2025-01-01"
"c1403","creator_3","Synthetic Item 1403",1463,"short","twitch","2025-01-01"
"c1404","creator_4","Synthetic Item 1404",1464,"podcast","spotify","2025-01-01"
"c1405","creator_5","Synthetic Item 1405",1465,"live","youtube","2025-01-01"
"c1406","creator_6","Synthetic Item 1406",1466,"video","blog","2025-01-01"
"c1407","creator_7","Synthetic Item 1407",1467,"article","instagram","2025-01-01"
"c1408","creator_8","Synthetic Item 1408",1468,"short","tiktok","2025-01-01"
"c1409","creator_9","Synthetic Item 1409",1469,"podcast","twitch","2025-01-01"
"c1410","creator_10","Synthetic Item 1410",1470,"live","spotify","2025-01-01"
"c1411","creator_11","Synthetic Item 1411",1471,"video","youtube","2025-01-01"
"c1412","creator_12","Synthetic Item 1412",1472,"article","blog","2025-01-01"
"c1413","creator_13","Synthetic Item 1413",1473,"short","instagram","2025-01-01"
"c1414","creator_14","Synthetic Item 1414",1474,"podcast","tiktok","2025-01-01"
"c1415","creator_15","Synthetic Item 1415",1475,"live","twitch","2025-01-01"
"c1416","creator_16","Synthetic Item 1416",1476,"video","spotify","2025-01-01"
"c1417","creator_17","Synthetic Item 1417",1477,"article","youtube","2025-01-01"
"c1418","creator_18","Synthetic Item 1418",1478,"short","blog","2025-01-01"
"c1419","creator_19","Synthetic Item 1419",1479,"podcast","instagram","2025-01-01"
"c1420","creator_20","Synthetic Item 1420",1480,"live","tiktok","2025-01-01"
"c1421","creator_21","Synthetic Item 1421",1481,"video","twitch","2025-01-01"
"c1422","creator_22","Synthetic Item 1422",1482,"article","spotify","2025-01-01"
"c1423","creator_23","Synthetic Item 1423",1483,"short","youtube","2025-01-01"
"c1424","creator_24","Synthetic Item 1424",1484,"podcast","blog","2025-01-01"
"c1425","creator_25","Synthetic Item 1425",1485,"live","instagram","2025-01-01"
"c1426","creator_26","Synthetic Item 1426",1486,"video","tiktok","2025-01-01"
"c1427","creator_27","Synthetic Item 1427",1487,"article","twitch","2025-01-01"
"c1428","creator_28","Synthetic Item 1428",1488,"short","spotify","2025-01-01"
"c1429","creator_29","Synthetic Item 1429",1489,"podcast","youtube","2025-01-01"
"c1430","creator_30","Synthetic Item 1430",1490,"live","blog","2025-01-01"
"c1431","creator_31","Synthetic Item 1431",1491,"video","instagram","2025-01-01"
"c1432","creator_32","Synthetic Item 1432",1492,"article","tiktok","2025-01-01"
"c1433","creator_33","Synthetic Item 1433",1493,"short","twitch","2025-01-01"
"c1434","creator_34","Synthetic Item 1434",1494,"podcast","spotify","2025-01-01"
"c1435","creator_35","Synthetic Item 1435",1495,"live","youtube","2025-01-01"
"c1436","creator_36","Synthetic Item 1436",1496,"video","blog","2025-01-01"
"c1437","creator_37","Synthetic Item 1437",1497,"article","instagram","2025-01-01"
"c1438","creator_38","Synthetic Item 1438",1498,"short","tiktok","2025-01-01"
"c1439","creator_39","Synthetic Item 1439",1499,"podcast","twitch","2025-01-01"
"c1440","creator_40","Synthetic Item 1440",1500,"live","spotify","2025-01-01"
"c1441","creator_41","Synthetic Item 1441",1501,"video","youtube","2025-01-01"
"c1442","creator_42","Synthetic Item 1442",1502,"article","blog","2025-01-01"
"c1443","creator_43","Synthetic Item 1443",1503,"short","instagram","2025-01-01"
"c1444","creator_44","Synthetic Item 1444",1504,"podcast","tiktok","2025-01-01"
"c1445","creator_45","Synthetic Item 1445",1505,"live","twitch","2025-01-01"
"c1446","creator_46","Synthetic Item 1446",1506,"video","spotify","2025-01-01"
"c1447","creator_47","Synthetic Item 1447",1507,"article","youtube","2025-01-01"
"c1448","creator_48","Synthetic Item 1448",1508,"short","blog","2025-01-01"
"c1449","creator_49","Synthetic Item 1449",1509,"podcast","instagram","2025-01-01"
"c1450","creator_50","Synthetic Item 1450",1510,"live","tiktok","2025-01-01"
"c1451","creator_1","Synthetic Item 1451",1511,"video","twitch","2025-01-01"
"c1452","creator_2","Synthetic Item 1452",1512,"article","spotify","2025-01-01"
"c1453","creator_3","Synthetic Item 1453",1513,"short","youtube","2025-01-01"
"c1454","creator_4","Synthetic Item 1454",1514,"podcast","blog","2025-01-01"
"c1455","creator_5","Synthetic Item 1455",1515,"live","instagram","2025-01-01"
"c1456","creator_6","Synthetic Item 1456",1516,"video","tiktok","2025-01-01"
"c1457","creator_7","Synthetic Item 1457",1517,"article","twitch","2025-01-01"
"c1458","creator_8","Synthetic Item 1458",1518,"short","spotify","2025-01-01"
"c1459","creator_9","Synthetic Item 1459",1519,"podcast","youtube","2025-01-01"
"c1460","creator_10","Synthetic Item 1460",1520,"live","blog","2025-01-01"
"c1461","creator_11","Synthetic Item 1461",1521,"video","instagram","2025-01-01"
"c1462","creator_12","Synthetic Item 1462",1522,"article","tiktok","2025-01-01"
"c1463","creator_13","Synthetic Item 1463",1523,"short","twitch","2025-01-01"
"c1464","creator_14","Synthetic Item 1464",1524,"podcast","spotify","2025-01-01"
"c1465","creator_15","Synthetic Item 1465",1525,"live","youtube","2025-01-01"
"c1466","creator_16","Synthetic Item 1466",1526,"video","blog","2025-01-01"
"c1467","creator_17","Synthetic Item 1467",1527,"article","instagram","2025-01-01"
"c1468","creator_18","Synthetic Item 1468",1528,"short","tiktok","2025-01-01"
"c1469","creator_19","Synthetic Item 1469",1529,"podcast","twitch","2025-01-01"
"c1470","creator_20","Synthetic Item 1470",1530,"live","spotify","2025-01-01"
"c1471","creator_21","Synthetic Item 1471",1531,"video","youtube","2025-01-01"
"c1472","creator_22","Synthetic Item 1472",1532,"article","blog","2025-01-01"
"c1473","creator_23","Synthetic Item 1473",1533,"short","instagram","2025-01-01"
"c1474","creator_24","Synthetic Item 1474",1534,"podcast","tiktok","2025-01-01"
"c1475","creator_25","Synthetic Item 1475",1535,"live","twitch","2025-01-01"
"c1476","creator_26","Synthetic Item 1476",1536,"video","spotify","2025-01-01"
"c1477","creator_27","Synthetic Item 1477",1537,"article","youtube","2025-01-01"
"c1478","creator_28","Synthetic Item 1478",1538,"short","blog","2025-01-01"
"c1479","creator_29","Synthetic Item 1479",1539,"podcast","instagram","2025-01-01"
"c1480","creator_30","Synthetic Item 1480",1540,"live","tiktok","2025-01-01"
"c1481","creator_31","Synthetic Item 1481",1541,"video","twitch","2025-01-01"
"c1482","creator_32","Synthetic Item 1482",1542,"article","spotify","2025-01-01"
"c1483","creator_33","Synthetic Item 1483",1543,"short","youtube","2025-01-01"
"c1484","creator_34","Synthetic Item 1484",1544,"podcast","blog","2025-01-01"
"c1485","creator_35","Synthetic Item 1485",1545,"live","instagram","2025-01-01"
"c1486","creator_36","Synthetic Item 1486",1546,"video","tiktok","2025-01-01"
"c1487","creator_37","Synthetic Item 1487",1547,"article","twitch","2025-01-01"
"c1488","creator_38","Synthetic Item 1488",1548,"short","spotify","2025-01-01"
"c1489","creator_39","Synthetic Item 1489",1549,"podcast","youtube","2025-01-01"
"c1490","creator_40","Synthetic Item 1490",1550,"live","blog","2025-01-01"
"c1491","creator_41","Synthetic Item 1491",1551,"video","instagram","2025-01-01"
"c1492","creator_42","Synthetic Item 1492",1552,"article","tiktok","2025-01-01"
"c1493","creator_43","Synthetic Item 1493",1553,"short","twitch","2025-01-01"
"c1494","creator_44","Synthetic Item 1494",1554,"podcast","spotify","2025-01-01"
"c1495","creator_45","Synthetic Item 1495",1555,"live","youtube","2025-01-01"
"c1496","creator_46","Synthetic Item 1496",1556,"video","blog","2025-01-01"
"c1497","creator_47","Synthetic Item 1497",1557,"article","instagram","2025-01-01"
"c1498","creator_48","Synthetic Item 1498",1558,"short","tiktok","2025-01-01"
"c1499","creator_49","Synthetic Item 1499",1559,"podcast","twitch","2025-01-01"
"c1500","creator_50","Synthetic Item 1500",1560,"live","spotify","2025-01-01"
"c1501","creator_1","Synthetic Item 1501",1561,"video","youtube","2025-01-01"
"c1502","creator_2","Synthetic Item 1502",1562,"article","blog","2025-01-01"
"c1503","creator_3","Synthetic Item 1503",1563,"short","instagram","2025-01-01"
"c1504","creator_4","Synthetic Item 1504",1564,"podcast","tiktok","2025-01-01"
"c1505","creator_5","Synthetic Item 1505",1565,"live","twitch","2025-01-01"
"c1506","creator_6","Synthetic Item 1506",1566,"video","spotify","2025-01-01"
"c1507","creator_7","Synthetic Item 1507",1567,"article","youtube","2025-01-01"
"c1508","creator_8","Synthetic Item 1508",1568,"short","blog","2025-01-01"
"c1509","creator_9","Synthetic Item 1509",1569,"podcast","instagram","2025-01-01"
"c1510","creator_10","Synthetic Item 1510",1570,"live","tiktok","2025-01-01"
"c1511","creator_11","Synthetic Item 1511",1571,"video","twitch","2025-01-01"
"c1512","creator_12","Synthetic Item 1512",1572,"article","spotify","2025-01-01"
"c1513","creator_13","Synthetic Item 1513",1573,"short","youtube","2025-01-01"
"c1514","creator_14","Synthetic Item 1514",1574,"podcast","blog","2025-01-01"
"c1515","creator_15","Synthetic Item 1515",1575,"live","instagram","2025-01-01"
"c1516","creator_16","Synthetic Item 1516",1576,"video","tiktok","2025-01-01"
"c1517","creator_17","Synthetic Item 1517",1577,"article","twitch","2025-01-01"
"c1518","creator_18","Synthetic Item 1518",1578,"short","spotify","2025-01-01"
"c1519","creator_19","Synthetic Item 1519",1579,"podcast","youtube","2025-01-01"
"c1520","creator_20","Synthetic Item 1520",1580,"live","blog","2025-01-01"
"c1521","creator_21","Synthetic Item 1521",1581,"video","instagram","2025-01-01"
"c1522","creator_22","Synthetic Item 1522",1582,"article","tiktok","2025-01-01"
"c1523","creator_23","Synthetic Item 1523",1583,"short","twitch","2025-01-01"
"c1524","creator_24","Synthetic Item 1524",1584,"podcast","spotify","2025-01-01"
"c1525","creator_25","Synthetic Item 1525",1585,"live","youtube","2025-01-01"
"c1526","creator_26","Synthetic Item 1526",1586,"video","blog","2025-01-01"
"c1527","creator_27","Synthetic Item 1527",1587,"article","instagram","2025-01-01"
"c1528","creator_28","Synthetic Item 1528",1588,"short","tiktok","2025-01-01"
"c1529","creator_29","Synthetic Item 1529",1589,"podcast","twitch","2025-01-01"
"c1530","creator_30","Synthetic Item 1530",1590,"live","spotify","2025-01-01"
"c1531","creator_31","Synthetic Item 1531",1591,"video","youtube","2025-01-01"
"c1532","creator_32","Synthetic Item 1532",1592,"article","blog","2025-01-01"
"c1533","creator_33","Synthetic Item 1533",1593,"short","instagram","2025-01-01"
"c1534","creator_34","Synthetic Item 1534",1594,"podcast","tiktok","2025-01-01"
"c1535","creator_35","Synthetic Item 1535",1595,"live","twitch","2025-01-01"
"c1536","creator_36","Synthetic Item 1536",1596,"video","spotify","2025-01-01"
"c1537","creator_37","Synthetic Item 1537",1597,"article","youtube","2025-01-01"
"c1538","creator_38","Synthetic Item 1538",1598,"short","blog","2025-01-01"
"c1539","creator_39","Synthetic Item 1539",1599,"podcast","instagram","2025-01-01"
"c1540","creator_40","Synthetic Item 1540",1600,"live","tiktok","2025-01-01"
"c1541","creator_41","Synthetic Item 1541",1601,"video","twitch","2025-01-01"
"c1542","creator_42","Synthetic Item 1542",1602,"article","spotify","2025-01-01"
"c1543","creator_43","Synthetic Item 1543",1603,"short","youtube","2025-01-01"
"c1544","creator_44","Synthetic Item 1544",1604,"podcast","blog","2025-01-01"
"c1545","creator_45","Synthetic Item 1545",1605,"live","instagram","2025-01-01"
"c1546","creator_46","Synthetic Item 1546",1606,"video","tiktok","2025-01-01"
"c1547","creator_47","Synthetic Item 1547",1607,"article","twitch","2025-01-01"
"c1548","creator_48","Synthetic Item 1548",1608,"short","spotify","2025-01-01"
"c1549","creator_49","Synthetic Item 1549",1609,"podcast","youtube","2025-01-01"
"c1550","creator_50","Synthetic Item 1550",1610,"live","blog","2025-01-01"
"c1551","creator_1","Synthetic Item 1551",1611,"video","instagram","2025-01-01"
"c1552","creator_2","Synthetic Item 1552",1612,"article","tiktok","2025-01-01"
"c1553","creator_3","Synthetic Item 1553",1613,"short","twitch","2025-01-01"
"c1554","creator_4","Synthetic Item 1554",1614,"podcast","spotify","2025-01-01"
"c1555","creator_5","Synthetic Item 1555",1615,"live","youtube","2025-01-01"
"c1556","creator_6","Synthetic Item 1556",1616,"video","blog","2025-01-01"
"c1557","creator_7","Synthetic Item 1557",1617,"article","instagram","2025-01-01"
"c1558","creator_8","Synthetic Item 1558",1618,"short","tiktok","2025-01-01"
"c1559","creator_9","Synthetic Item 1559",1619,"podcast","twitch","2025-01-01"
"c1560","creator_10","Synthetic Item 1560",1620,"live","spotify","2025-01-01"
"c1561","creator_11","Synthetic Item 1561",1621,"video","youtube","2025-01-01"
"c1562","creator_12","Synthetic Item 1562",1622,"article","blog","2025-01-01"
"c1563","creator_13","Synthetic Item 1563",1623,"short","instagram","2025-01-01"
"c1564","creator_14","Synthetic Item 1564",1624,"podcast","tiktok","2025-01-01"
"c1565","creator_15","Synthetic Item 1565",1625,"live","twitch","2025-01-01"
"c1566","creator_16","Synthetic Item 1566",1626,"video","spotify","2025-01-01"
"c1567","creator_17","Synthetic Item 1567",1627,"article","youtube","2025-01-01"
"c1568","creator_18","Synthetic Item 1568",1628,"short","blog","2025-01-01"
"c1569","creator_19","Synthetic Item 1569",1629,"podcast","instagram","2025-01-01"
"c1570","creator_20","Synthetic Item 1570",1630,"live","tiktok","2025-01-01"
"c1571","creator_21","Synthetic Item 1571",1631,"video","twitch","2025-01-01"
"c1572","creator_22","Synthetic Item 1572",1632,"article","spotify","2025-01-01"
"c1573","creator_23","Synthetic Item 1573",1633,"short","youtube","2025-01-01"
"c1574","creator_24","Synthetic Item 1574",1634,"podcast","blog","2025-01-01"
"c1575","creator_25","Synthetic Item 1575",1635,"live","instagram","2025-01-01"
"c1576","creator_26","Synthetic Item 1576",1636,"video","tiktok","2025-01-01"
"c1577","creator_27","Synthetic Item 1577",1637,"article","twitch","2025-01-01"
"c1578","creator_28","Synthetic Item 1578",1638,"short","spotify","2025-01-01"
"c1579","creator_29","Synthetic Item 1579",1639,"podcast","youtube","2025-01-01"
"c1580","creator_30","Synthetic Item 1580",1640,"live","blog","2025-01-01"
"c1581","creator_31","Synthetic Item 1581",1641,"video","instagram","2025-01-01"
"c1582","creator_32","Synthetic Item 1582",1642,"article","tiktok","2025-01-01"
"c1583","creator_33","Synthetic Item 1583",1643,"short","twitch","2025-01-01"
"c1584","creator_34","Synthetic Item 1584",1644,"podcast","spotify","2025-01-01"
"c1585","creator_35","Synthetic Item 1585",1645,"live","youtube","2025-01-01"
"c1586","creator_36","Synthetic Item 1586",1646,"video","blog","2025-01-01"
"c1587","creator_37","Synthetic Item 1587",1647,"article","instagram","2025-01-01"
"c1588","creator_38","Synthetic Item 1588",1648,"short","tiktok","2025-01-01"
"c1589","creator_39","Synthetic Item 1589",1649,"podcast","twitch","2025-01-01"
"c1590","creator_40","Synthetic Item 1590",1650,"live","spotify","2025-01-01"
"c1591","creator_41","Synthetic Item 1591",1651,"video","youtube","2025-01-01"
"c1592","creator_42","Synthetic Item 1592",1652,"article","blog","2025-01-01"
"c1593","creator_43","Synthetic Item 1593",1653,"short","instagram","2025-01-01"
"c1594","creator_44","Synthetic Item 1594",1654,"podcast","tiktok","2025-01-01"
"c1595","creator_45","Synthetic Item 1595",1655,"live","twitch","2025-01-01"
"c1596","creator_46","Synthetic Item 1596",1656,"video","spotify","2025-01-01"
"c1597","creator_47","Synthetic Item 1597",1657,"article","youtube","2025-01-01"
"c1598","creator_48","Synthetic Item 1598",1658,"short","blog","2025-01-01"
"c1599","creator_49","Synthetic Item 1599",1659,"podcast","instagram","2025-01-01"
"c1600","creator_50","Synthetic Item 1600",1660,"live","tiktok","2025-01-01"
"c1601","creator_1","Synthetic Item 1601",1661,"video","twitch","2025-01-01"
"c1602","creator_2","Synthetic Item 1602",1662,"article","spotify","2025-01-01"
"c1603","creator_3","Synthetic Item 1603",1663,"short","youtube","2025-01-01"
"c1604","creator_4","Synthetic Item 1604",1664,"podcast","blog","2025-01-01"
"c1605","creator_5","Synthetic Item 1605",1665,"live","instagram","2025-01-01"
"c1606","creator_6","Synthetic Item 1606",1666,"video","tiktok","2025-01-01"
"c1607","creator_7","Synthetic Item 1607",1667,"article","twitch","2025-01-01"
"c1608","creator_8","Synthetic Item 1608",1668,"short","spotify","2025-01-01"
"c1609","creator_9","Synthetic Item 1609",1669,"podcast","youtube","2025-01-01"
"c1610","creator_10","Synthetic Item 1610",1670,"live","blog","2025-01-01"
"c1611","creator_11","Synthetic Item 1611",1671,"video","instagram","2025-01-01"
"c1612","creator_12","Synthetic Item 1612",1672,"article","tiktok","2025-01-01"
"c1613","creator_13","Synthetic Item 1613",1673,"short","twitch","2025-01-01"
"c1614","creator_14","Synthetic Item 1614",1674,"podcast","spotify","2025-01-01"
"c1615","creator_15","Synthetic Item 1615",1675,"live","youtube","2025-01-01"
"c1616","creator_16","Synthetic Item 1616",1676,"video","blog","2025-01-01"
"c1617","creator_17","Synthetic Item 1617",1677,"article","instagram","2025-01-01"
"c1618","creator_18","Synthetic Item 1618",1678,"short","tiktok","2025-01-01"
"c1619","creator_19","Synthetic Item 1619",1679,"podcast","twitch","2025-01-01"
"c1620","creator_20","Synthetic Item 1620",1680,"live","spotify","2025-01-01"
"c1621","creator_21","Synthetic Item 1621",1681,"video","youtube","2025-01-01"
"c1622","creator_22","Synthetic Item 1622",1682,"article","blog","2025-01-01"
"c1623","creator_23","Synthetic Item 1623",1683,"short","instagram","2025-01-01"
"c1624","creator_24","Synthetic Item 1624",1684,"podcast","tiktok","2025-01-01"
"c1625","creator_25","Synthetic Item 1625",1685,"live","twitch","2025-01-01"
"c1626","creator_26","Synthetic Item 1626",1686,"video","spotify","2025-01-01"
"c1627","creator_27","Synthetic Item 1627",1687,"article","youtube","2025-01-01"
"c1628","creator_28","Synthetic Item 1628",1688,"short","blog","2025-01-01"
"c1629","creator_29","Synthetic Item 1629",1689,"podcast","instagram","2025-01-01"
"c1630","creator_30","Synthetic Item 1630",1690,"live","tiktok","2025-01-01"
"c1631","creator_31","Synthetic Item 1631",1691,"video","twitch","2025-01-01"
"c1632","creator_32","Synthetic Item 1632",1692,"article","spotify","2025-01-01"
"c1633","creator_33","Synthetic Item 1633",1693,"short","youtube","2025-01-01"
"c1634","creator_34","Synthetic Item 1634",1694,"podcast","blog","2025-01-01"
"c1635","creator_35","Synthetic Item 1635",1695,"live","instagram","2025-01-01"
"c1636","creator_36","Synthetic Item 1636",1696,"video","tiktok","2025-01-01"
"c1637","creator_37","Synthetic Item 1637",1697,"article","twitch","2025-01-01"
"c1638","creator_38","Synthetic Item 1638",1698,"short","spotify","2025-01-01"
"c1639","creator_39","Synthetic Item 1639",1699,"podcast","youtube","2025-01-01"
"c1640","creator_40","Synthetic Item 1640",1700,"live","blog","2025-01-01"
"c1641","creator_41","Synthetic Item 1641",1701,"video","instagram","2025-01-01"
"c1642","creator_42","Synthetic Item 1642",1702,"article","tiktok","2025-01-01"
"c1643","creator_43","Synthetic Item 1643",1703,"short","twitch","2025-01-01"
"c1644","creator_44","Synthetic Item 1644",1704,"podcast","spotify","2025-01-01"
"c1645","creator_45","Synthetic Item 1645",1705,"live","youtube","2025-01-01"
"c1646","creator_46","Synthetic Item 1646",1706,"video","blog","2025-01-01"
"c1647","creator_47","Synthetic Item 1647",1707,"article","instagram","2025-01-01"
"c1648","creator_48","Synthetic Item 1648",1708,"short","tiktok","2025-01-01"
"c1649","creator_49","Synthetic Item 1649",1709,"podcast","twitch","2025-01-01"
"c1650","creator_50","Synthetic Item 1650",1710,"live","spotify","2025-01-01"
"c1651","creator_1","Synthetic Item 1651",1711,"video","youtube","2025-01-01"
"c1652","creator_2","Synthetic Item 1652",1712,"article","blog","2025-01-01"
"c1653","creator_3","Synthetic Item 1653",1713,"short","instagram","2025-01-01"
"c1654","creator_4","Synthetic Item 1654",1714,"podcast","tiktok","2025-01-01"
"c1655","creator_5","Synthetic Item 1655",1715,"live","twitch","2025-01-01"
"c1656","creator_6","Synthetic Item 1656",1716,"video","spotify","2025-01-01"
"c1657","creator_7","Synthetic Item 1657",1717,"article","youtube","2025-01-01"
"c1658","creator_8","Synthetic Item 1658",1718,"short","blog","2025-01-01"
"c1659","creator_9","Synthetic Item 1659",1719,"podcast","instagram","2025-01-01"
"c1660","creator_10","Synthetic Item 1660",1720,"live","tiktok","2025-01-01"
"c1661","creator_11","Synthetic Item 1661",1721,"video","twitch","2025-01-01"
"c1662","creator_12","Synthetic Item 1662",1722,"article","spotify","2025-01-01"
"c1663","creator_13","Synthetic Item 1663",1723,"short","youtube","2025-01-01"
"c1664","creator_14","Synthetic Item 1664",1724,"podcast","blog","2025-01-01"
"c1665","creator_15","Synthetic Item 1665",1725,"live","instagram","2025-01-01"
"c1666","creator_16","Synthetic Item 1666",1726,"video","tiktok","2025-01-01"
"c1667","creator_17","Synthetic Item 1667",1727,"article","twitch","2025-01-01"
"c1668","creator_18","Synthetic Item 1668",1728,"short","spotify","2025-01-01"
"c1669","creator_19","Synthetic Item 1669",1729,"podcast","youtube","2025-01-01"
"c1670","creator_20","Synthetic Item 1670",1730,"live","blog","2025-01-01"
"c1671","creator_21","Synthetic Item 1671",1731,"video","instagram","2025-01-01"
"c1672","creator_22","Synthetic Item 1672",1732,"article","tiktok","2025-01-01"
"c1673","creator_23","Synthetic Item 1673",1733,"short","twitch","2025-01-01"
"c1674","creator_24","Synthetic Item 1674",1734,"podcast","spotify","2025-01-01"
"c1675","creator_25","Synthetic Item 1675",1735,"live","youtube","2025-01-01"
"c1676","creator_26","Synthetic Item 1676",1736,"video","blog","2025-01-01"
"c1677","creator_27","Synthetic Item 1677",1737,"article","instagram","2025-01-01"
"c1678","creator_28","Synthetic Item 1678",1738,"short","tiktok","2025-01-01"
"c1679","creator_29","Synthetic Item 1679",1739,"podcast","twitch","2025-01-01"
"c1680","creator_30","Synthetic Item 1680",1740,"live","spotify","2025-01-01"
"c1681","creator_31","Synthetic Item 1681",1741,"video","youtube","2025-01-01"
"c1682","creator_32","Synthetic Item 1682",1742,"article","blog","2025-01-01"
"c1683","creator_33","Synthetic Item 1683",1743,"short","instagram","2025-01-01"
"c1684","creator_34","Synthetic Item 1684",1744,"podcast","tiktok","2025-01-01"
"c1685","creator_35","Synthetic Item 1685",1745,"live","twitch","2025-01-01"
"c1686","creator_36","Synthetic Item 1686",1746,"video","spotify","2025-01-01"
"c1687","creator_37","Synthetic Item 1687",1747,"article","youtube","2025-01-01"
"c1688","creator_38","Synthetic Item 1688",1748,"short","blog","2025-01-01"
"c1689","creator_39","Synthetic Item 1689",1749,"podcast","instagram","2025-01-01"
"c1690","creator_40","Synthetic Item 1690",1750,"live","tiktok","2025-01-01"
"c1691","creator_41","Synthetic Item 1691",1751,"video","twitch","2025-01-01"
"c1692","creator_42","Synthetic Item 1692",1752,"article","spotify","2025-01-01"
"c1693","creator_43","Synthetic Item 1693",1753,"short","youtube","2025-01-01"
"c1694","creator_44","Synthetic Item 1694",1754,"podcast","blog","2025-01-01"
"c1695","creator_45","Synthetic Item 1695",1755,"live","instagram","2025-01-01"
"c1696","creator_46","Synthetic Item 1696",1756,"video","tiktok","2025-01-01"
"c1697","creator_47","Synthetic Item 1697",1757,"article","twitch","2025-01-01"
"c1698","creator_48","Synthetic Item 1698",1758,"short","spotify","2025-01-01"
"c1699","creator_49","Synthetic Item 1699",1759,"podcast","youtube","2025-01-01"
"c1700","creator_50","Synthetic Item 1700",1760,"live","blog","2025-01-01"
"c1701","creator_1","Synthetic Item 1701",1761,"video","instagram","2025-01-01"
"c1702","creator_2","Synthetic Item 1702",1762,"article","tiktok","2025-01-01"
"c1703","creator_3","Synthetic Item 1703",1763,"short","twitch","2025-01-01"
"c1704","creator_4","Synthetic Item 1704",1764,"podcast","spotify","2025-01-01"
"c1705","creator_5","Synthetic Item 1705",1765,"live","youtube","2025-01-01"
"c1706","creator_6","Synthetic Item 1706",1766,"video","blog","2025-01-01"
"c1707","creator_7","Synthetic Item 1707",1767,"article","instagram","2025-01-01"
"c1708","creator_8","Synthetic Item 1708",1768,"short","tiktok","2025-01-01"
"c1709","creator_9","Synthetic Item 1709",1769,"podcast","twitch","2025-01-01"
"c1710","creator_10","Synthetic Item 1710",1770,"live","spotify","2025-01-01"
"c1711","creator_11","Synthetic Item 1711",1771,"video","youtube","2025-01-01"
"c1712","creator_12","Synthetic Item 1712",1772,"article","blog","2025-01-01"
"c1713","creator_13","Synthetic Item 1713",1773,"short","instagram","2025-01-01"
"c1714","creator_14","Synthetic Item 1714",1774,"podcast","tiktok","2025-01-01"
"c1715","creator_15","Synthetic Item 1715",1775,"live","twitch","2025-01-01"
"c1716","creator_16","Synthetic Item 1716",1776,"video","spotify","2025-01-01"
"c1717","creator_17","Synthetic Item 1717",1777,"article","youtube","2025-01-01"
"c1718","creator_18","Synthetic Item 1718",1778,"short","blog","2025-01-01"
"c1719","creator_19","Synthetic Item 1719",1779,"podcast","instagram","2025-01-01"
"c1720","creator_20","Synthetic Item 1720",1780,"live","tiktok","2025-01-01"
"c1721","creator_21","Synthetic Item 1721",1781,"video","twitch","2025-01-01"
"c1722","creator_22","Synthetic Item 1722",1782,"article","spotify","2025-01-01"
"c1723","creator_23","Synthetic Item 1723",1783,"short","youtube","2025-01-01"
"c1724","creator_24","Synthetic Item 1724",1784,"podcast","blog","2025-01-01"
"c1725","creator_25","Synthetic Item 1725",1785,"live","instagram","2025-01-01"
"c1726","creator_26","Synthetic Item 1726",1786,"video","tiktok","2025-01-01"
"c1727","creator_27","Synthetic Item 1727",1787,"article","twitch","2025-01-01"
"c1728","creator_28","Synthetic Item 1728",1788,"short","spotify","2025-01-01"
"c1729","creator_29","Synthetic Item 1729",1789,"podcast","youtube","2025-01-01"
"c1730","creator_30","Synthetic Item 1730",1790,"live","blog","2025-01-01"
"c1731","creator_31","Synthetic Item 1731",1791,"video","instagram","2025-01-01"
"c1732","creator_32","Synthetic Item 1732",1792,"article","tiktok","2025-01-01"
"c1733","creator_33","Synthetic Item 1733",1793,"short","twitch","2025-01-01"
"c1734","creator_34","Synthetic Item 1734",1794,"podcast","spotify","2025-01-01"
"c1735","creator_35","Synthetic Item 1735",1795,"live","youtube","2025-01-01"
"c1736","creator_36","Synthetic Item 1736",1796,"video","blog","2025-01-01"
"c1737","creator_37","Synthetic Item 1737",1797,"article","instagram","2025-01-01"
"c1738","creator_38","Synthetic Item 1738",1798,"short","tiktok","2025-01-01"
"c1739","creator_39","Synthetic Item 1739",1799,"podcast","twitch","2025-01-01"
"c1740","creator_40","Synthetic Item 1740",1800,"live","spotify","2025-01-01"
"c1741","creator_41","Synthetic Item 1741",1801,"video","youtube","2025-01-01"
"c1742","creator_42","Synthetic Item 1742",1802,"article","blog","2025-01-01"
"c1743","creator_43","Synthetic Item 1743",1803,"short","instagram","2025-01-01"
"c1744","creator_44","Synthetic Item 1744",1804,"podcast","tiktok","2025-01-01"
"c1745","creator_45","Synthetic Item 1745",1805,"live","twitch","2025-01-01"
"c1746","creator_46","Synthetic Item 1746",1806,"video","spotify","2025-01-01"
"c1747","creator_47","Synthetic Item 1747",1807,"article","youtube","2025-01-01"
"c1748","creator_48","Synthetic Item 1748",1808,"short","blog","2025-01-01"
"c1749","creator_49","Synthetic Item 1749",1809,"podcast","instagram","2025-01-01"
"c1750","creator_50","Synthetic Item 1750",1810,"live","tiktok","2025-01-01"
"c1751","creator_1","Synthetic Item 1751",1811,"video","twitch","2025-01-01"
"c1752","creator_2","Synthetic Item 1752",1812,"article","spotify","2025-01-01"
"c1753","creator_3","Synthetic Item 1753",1813,"short","youtube","2025-01-01"
"c1754","creator_4","Synthetic Item 1754",1814,"podcast","blog","2025-01-01"
"c1755","creator_5","Synthetic Item 1755",1815,"live","instagram","2025-01-01"
"c1756","creator_6","Synthetic Item 1756",1816,"video","tiktok","2025-01-01"
"c1757","creator_7","Synthetic Item 1757",1817,"article","twitch","2025-01-01"
"c1758","creator_8","Synthetic Item 1758",1818,"short","spotify","2025-01-01"
"c1759","creator_9","Synthetic Item 1759",1819,"podcast","youtube","2025-01-01"
"c1760","creator_10","Synthetic Item 1760",1820,"live","blog","2025-01-01"
"c1761","creator_11","Synthetic Item 1761",1821,"video","instagram","2025-01-01"
"c1762","creator_12","Synthetic Item 1762",1822,"article","tiktok","2025-01-01"
"c1763","creator_13","Synthetic Item 1763",1823,"short","twitch","2025-01-01"
"c1764","creator_14","Synthetic Item 1764",1824,"podcast","spotify","2025-01-01"
"c1765","creator_15","Synthetic Item 1765",1825,"live","youtube","2025-01-01"
"c1766","creator_16","Synthetic Item 1766",1826,"video","blog","2025-01-01"
"c1767","creator_17","Synthetic Item 1767",1827,"article","instagram","2025-01-01"
"c1768","creator_18","Synthetic Item 1768",1828,"short","tiktok","2025-01-01"
"c1769","creator_19","Synthetic Item 1769",1829,"podcast","twitch","2025-01-01"
"c1770","creator_20","Synthetic Item 1770",1830,"live","spotify","2025-01-01"
"c1771","creator_21","Synthetic Item 1771",1831,"video","youtube","2025-01-01"
"c1772","creator_22","Synthetic Item 1772",1832,"article","blog","2025-01-01"
"c1773","creator_23","Synthetic Item 1773",1833,"short","instagram","2025-01-01"
"c1774","creator_24","Synthetic Item 1774",1834,"podcast","tiktok","2025-01-01"
"c1775","creator_25","Synthetic Item 1775",1835,"live","twitch","2025-01-01"
"c1776","creator_26","Synthetic Item 1776",1836,"video","spotify","2025-01-01"
"c1777","creator_27","Synthetic Item 1777",1837,"article","youtube","2025-01-01"
"c1778","creator_28","Synthetic Item 1778",1838,"short","blog","2025-01-01"
"c1779","creator_29","Synthetic Item 1779",1839,"podcast","instagram","2025-01-01"
"c1780","creator_30","Synthetic Item 1780",1840,"live","tiktok","2025-01-01"
"c1781","creator_31","Synthetic Item 1781",1841,"video","twitch","2025-01-01"
"c1782","creator_32","Synthetic Item 1782",1842,"article","spotify","2025-01-01"
"c1783","creator_33","Synthetic Item 1783",1843,"short","youtube","2025-01-01"
"c1784","creator_34","Synthetic Item 1784",1844,"podcast","blog","2025-01-01"
"c1785","creator_35","Synthetic Item 1785",1845,"live","instagram","2025-01-01"
"c1786","creator_36","Synthetic Item 1786",1846,"video","tiktok","2025-01-01"
"c1787","creator_37","Synthetic Item 1787",1847,"article","twitch","2025-01-01"
"c1788","creator_38","Synthetic Item 1788",1848,"short","spotify","2025-01-01"
"c1789","creator_39","Synthetic Item 1789",1849,"podcast","youtube","2025-01-01"
"c1790","creator_40","Synthetic Item 1790",1850,"live","blog","2025-01-01"
"c1791","creator_41","Synthetic Item 1791",1851,"video","instagram","2025-01-01"
"c1792","creator_42","Synthetic Item 1792",1852,"article","tiktok","2025-01-01"
"c1793","creator_43","Synthetic Item 1793",1853,"short","twitch","2025-01-01"
"c1794","creator_44","Synthetic Item 1794",1854,"podcast","spotify","2025-01-01"
"c1795","creator_45","Synthetic Item 1795",1855,"live","youtube","2025-01-01"
"c1796","creator_46","Synthetic Item 1796",1856,"video","blog","2025-01-01"
"c1797","creator_47","Synthetic Item 1797",1857,"article","instagram","2025-01-01"
"c1798","creator_48","Synthetic Item 1798",1858,"short","tiktok","2025-01-01"
"c1799","creator_49","Synthetic Item 1799",1859,"podcast","twitch","2025-01-01"
"c1800","creator_50","Synthetic Item 1800",1860,"live","spotify","2025-01-01"
"c1801","creator_1","Synthetic Item 1801",1861,"video","youtube","2025-01-01"
"c1802","creator_2","Synthetic Item 1802",1862,"article","blog","2025-01-01"
"c1803","creator_3","Synthetic Item 1803",1863,"short","instagram","2025-01-01"
"c1804","creator_4","Synthetic Item 1804",1864,"podcast","tiktok","2025-01-01"
"c1805","creator_5","Synthetic Item 1805",1865,"live","twitch","2025-01-01"
"c1806","creator_6","Synthetic Item 1806",1866,"video","spotify","2025-01-01"
"c1807","creator_7","Synthetic Item 1807",1867,"article","youtube","2025-01-01"
"c1808","creator_8","Synthetic Item 1808",1868,"short","blog","2025-01-01"
"c1809","creator_9","Synthetic Item 1809",1869,"podcast","instagram","2025-01-01"
"c1810","creator_10","Synthetic Item 1810",1870,"live","tiktok","2025-01-01"
"c1811","creator_11","Synthetic Item 1811",1871,"video","twitch","2025-01-01"
"c1812","creator_12","Synthetic Item 1812",1872,"article","spotify","2025-01-01"
"c1813","creator_13","Synthetic Item 1813",1873,"short","youtube","2025-01-01"
"c1814","creator_14","Synthetic Item 1814",1874,"podcast","blog","2025-01-01"
"c1815","creator_15","Synthetic Item 1815",1875,"live","instagram","2025-01-01"
"c1816","creator_16","Synthetic Item 1816",1876,"video","tiktok","2025-01-01"
"c1817","creator_17","Synthetic Item 1817",1877,"article","twitch","2025-01-01"
"c1818","creator_18","Synthetic Item 1818",1878,"short","spotify","2025-01-01"
"c1819","creator_19","Synthetic Item 1819",1879,"podcast","youtube","2025-01-01"
"c1820","creator_20","Synthetic Item 1820",1880,"live","blog","2025-01-01"
"c1821","creator_21","Synthetic Item 1821",1881,"video","instagram","2025-01-01"
"c1822","creator_22","Synthetic Item 1822",1882,"article","tiktok","2025-01-01"
"c1823","creator_23","Synthetic Item 1823",1883,"short","twitch","2025-01-01"
"c1824","creator_24","Synthetic Item 1824",1884,"podcast","spotify","2025-01-01"
"c1825","creator_25","Synthetic Item 1825",1885,"live","youtube","2025-01-01"
"c1826","creator_26","Synthetic Item 1826",1886,"video","blog","2025-01-01"
"c1827","creator_27","Synthetic Item 1827",1887,"article","instagram","2025-01-01"
"c1828","creator_28","Synthetic Item 1828",1888,"short","tiktok","2025-01-01"
"c1829","creator_29","Synthetic Item 1829",1889,"podcast","twitch","2025-01-01"
"c1830","creator_30","Synthetic Item 1830",1890,"live","spotify","2025-01-01"
"c1831","creator_31","Synthetic Item 1831",1891,"video","youtube","2025-01-01"
"c1832","creator_32","Synthetic Item 1832",1892,"article","blog","2025-01-01"
"c1833","creator_33","Synthetic Item 1833",1893,"short","instagram","2025-01-01"
"c1834","creator_34","Synthetic Item 1834",1894,"podcast","tiktok","2025-01-01"
"c1835","creator_35","Synthetic Item 1835",1895,"live","twitch","2025-01-01"
"c1836","creator_36","Synthetic Item 1836",1896,"video","spotify","2025-01-01"
"c1837","creator_37","Synthetic Item 1837",1897,"article","youtube","2025-01-01"
"c1838","creator_38","Synthetic Item 1838",1898,"short","blog","2025-01-01"
"c1839","creator_39","Synthetic Item 1839",1899,"podcast","instagram","2025-01-01"
"c1840","creator_40","Synthetic Item 1840",1900,"live","tiktok","2025-01-01"
"c1841","creator_41","Synthetic Item 1841",1901,"video","twitch","2025-01-01"
"c1842","creator_42","Synthetic Item 1842",1902,"article","spotify","2025-01-01"
"c1843","creator_43","Synthetic Item 1843",1903,"short","youtube","2025-01-01"
"c1844","creator_44","Synthetic Item 1844",1904,"podcast","blog","2025-01-01"
"c1845","creator_45","Synthetic Item 1845",1905,"live","instagram","2025-01-01"
"c1846","creator_46","Synthetic Item 1846",1906,"video","tiktok","2025-01-01"
"c1847","creator_47","Synthetic Item 1847",1907,"article","twitch","2025-01-01"
"c1848","creator_48","Synthetic Item 1848",1908,"short","spotify","2025-01-01"
"c1849","creator_49","Synthetic Item 1849",1909,"podcast","youtube","2025-01-01"
"c1850","creator_50","Synthetic Item 1850",1910,"live","blog","2025-01-01"
"c1851","creator_1","Synthetic Item 1851",1911,"video","instagram","2025-01-01"
"c1852","creator_2","Synthetic Item 1852",1912,"article","tiktok","2025-01-01"
"c1853","creator_3","Synthetic Item 1853",1913,"short","twitch","2025-01-01"
"c1854","creator_4","Synthetic Item 1854",1914,"podcast","spotify","2025-01-01"
"c1855","creator_5","Synthetic Item 1855",1915,"live","youtube","2025-01-01"
"c1856","creator_6","Synthetic Item 1856",1916,"video","blog","2025-01-01"
"c1857","creator_7","Synthetic Item 1857",1917,"article","instagram","2025-01-01"
"c1858","creator_8","Synthetic Item 1858",1918,"short","tiktok","2025-01-01"
"c1859","creator_9","Synthetic Item 1859",1919,"podcast","twitch","2025-01-01"
"c1860","creator_10","Synthetic Item 1860",1920,"live","spotify","2025-01-01"
"c1861","creator_11","Synthetic Item 1861",1921,"video","youtube","2025-01-01"
"c1862","creator_12","Synthetic Item 1862",1922,"article","blog","2025-01-01"
"c1863","creator_13","Synthetic Item 1863",1923,"short","instagram","2025-01-01"
"c1864","creator_14","Synthetic Item 1864",1924,"podcast","tiktok","2025-01-01"
"c1865","creator_15","Synthetic Item 1865",1925,"live","twitch","2025-01-01"
"c1866","creator_16","Synthetic Item 1866",1926,"video","spotify","2025-01-01"
"c1867","creator_17","Synthetic Item 1867",1927,"article","youtube","2025-01-01"
"c1868","creator_18","Synthetic Item 1868",1928,"short","blog","2025-01-01"
"c1869","creator_19","Synthetic Item 1869",1929,"podcast","instagram","2025-01-01"
"c1870","creator_20","Synthetic Item 1870",1930,"live","tiktok","2025-01-01"
"c1871","creator_21","Synthetic Item 1871",1931,"video","twitch","2025-01-01"
"c1872","creator_22","Synthetic Item 1872",1932,"article","spotify","2025-01-01"
"c1873","creator_23","Synthetic Item 1873",1933,"short","youtube","2025-01-01"
"c1874","creator_24","Synthetic Item 1874",1934,"podcast","blog","2025-01-01"
"c1875","creator_25","Synthetic Item 1875",1935,"live","instagram","2025-01-01"
"c1876","creator_26","Synthetic Item 1876",1936,"video","tiktok","2025-01-01"
"c1877","creator_27","Synthetic Item 1877",1937,"article","twitch","2025-01-01"
"c1878","creator_28","Synthetic Item 1878",1938,"short","spotify","2025-01-01"
"c1879","creator_29","Synthetic Item 1879",1939,"podcast","youtube","2025-01-01"
"c1880","creator_30","Synthetic Item 1880",1940,"live","blog","2025-01-01"
"c1881","creator_31","Synthetic Item 1881",1941,"video","instagram","2025-01-01"
"c1882","creator_32","Synthetic Item 1882",1942,"article","tiktok","2025-01-01"
"c1883","creator_33","Synthetic Item 1883",1943,"short","twitch","2025-01-01"
"c1884","creator_34","Synthetic Item 1884",1944,"podcast","spotify","2025-01-01"
"c1885","creator_35","Synthetic Item 1885",1945,"live","youtube","2025-01-01"
"c1886","creator_36","Synthetic Item 1886",1946,"video","blog","2025-01-01"
"c1887","creator_37","Synthetic Item 1887",1947,"article","instagram","2025-01-01"
"c1888","creator_38","Synthetic Item 1888",1948,"short","tiktok","2025-01-01"
"c1889","creator_39","Synthetic Item 1889",1949,"podcast","twitch","2025-01-01"
"c1890","creator_40","Synthetic Item 1890",1950,"live","spotify","2025-01-01"
"c1891","creator_41","Synthetic Item 1891",1951,"video","youtube","2025-01-01"
"c1892","creator_42","Synthetic Item 1892",1952,"article","blog","2025-01-01"
"c1893","creator_43","Synthetic Item 1893",1953,"short","instagram","2025-01-01"
"c1894","creator_44","Synthetic Item 1894",1954,"podcast","tiktok","2025-01-01"
"c1895","creator_45","Synthetic Item 1895",1955,"live","twitch","2025-01-01"
"c1896","creator_46","Synthetic Item 1896",1956,"video","spotify","2025-01-01"
"c1897","creator_47","Synthetic Item 1897",1957,"article","youtube","2025-01-01"
"c1898","creator_48","Synthetic Item 1898",1958,"short","blog","2025-01-01"
"c1899","creator_49","Synthetic Item 1899",1959,"podcast","instagram","2025-01-01"
"c1900","creator_50","Synthetic Item 1900",1960,"live","tiktok","2025-01-01"
"c1901","creator_1","Synthetic Item 1901",1961,"video","twitch","2025-01-01"
"c1902","creator_2","Synthetic Item 1902",1962,"article","spotify","2025-01-01"
"c1903","creator_3","Synthetic Item 1903",1963,"short","youtube","2025-01-01"
"c1904","creator_4","Synthetic Item 1904",1964,"podcast","blog","2025-01-01"
"c1905","creator_5","Synthetic Item 1905",1965,"live","instagram","2025-01-01"
"c1906","creator_6","Synthetic Item 1906",1966,"video","tiktok","2025-01-01"
"c1907","creator_7","Synthetic Item 1907",1967,"article","twitch","2025-01-01"
"c1908","creator_8","Synthetic Item 1908",1968,"short","spotify","2025-01-01"
"c1909","creator_9","Synthetic Item 1909",1969,"podcast","youtube","2025-01-01"
"c1910","creator_10","Synthetic Item 1910",1970,"live","blog","2025-01-01"
"c1911","creator_11","Synthetic Item 1911",1971,"video","instagram","2025-01-01"
"c1912","creator_12","Synthetic Item 1912",1972,"article","tiktok","2025-01-01"
"c1913","creator_13","Synthetic Item 1913",1973,"short","twitch","2025-01-01"
"c1914","creator_14","Synthetic Item 1914",1974,"podcast","spotify","2025-01-01"
"c1915","creator_15","Synthetic Item 1915",1975,"live","youtube","2025-01-01"
"c1916","creator_16","Synthetic Item 1916",1976,"video","blog","2025-01-01"
"c1917","creator_17","Synthetic Item 1917",1977,"article","instagram","2025-01-01"
"c1918","creator_18","Synthetic Item 1918",1978,"short","tiktok","2025-01-01"
"c1919","creator_19","Synthetic Item 1919",1979,"podcast","twitch","2025-01-01"
"c1920","creator_20","Synthetic Item 1920",1980,"live","spotify","2025-01-01"
"c1921","creator_21","Synthetic Item 1921",1981,"video","youtube","2025-01-01"
"c1922","creator_22","Synthetic Item 1922",1982,"article","blog","2025-01-01"
"c1923","creator_23","Synthetic Item 1923",1983,"short","instagram","2025-01-01"
"c1924","creator_24","Synthetic Item 1924",1984,"podcast","tiktok","2025-01-01"
"c1925","creator_25","Synthetic Item 1925",1985,"live","twitch","2025-01-01"
"c1926","creator_26","Synthetic Item 1926",1986,"video","spotify","2025-01-01"
"c1927","creator_27","Synthetic Item 1927",1987,"article","youtube","2025-01-01"
"c1928","creator_28","Synthetic Item 1928",1988,"short","blog","2025-01-01"
"c1929","creator_29","Synthetic Item 1929",1989,"podcast","instagram","2025-01-01"
"c1930","creator_30","Synthetic Item 1930",1990,"live","tiktok","2025-01-01"
"c1931","creator_31","Synthetic Item 1931",1991,"video","twitch","2025-01-01"
"c1932","creator_32","Synthetic Item 1932",1992,"article","spotify","2025-01-01"
"c1933","creator_33","Synthetic Item 1933",1993,"short","youtube","2025-01-01"
"c1934","creator_34","Synthetic Item 1934",1994,"podcast","blog","2025-01-01"
"c1935","creator_35","Synthetic Item 1935",1995,"live","instagram","2025-01-01"
"c1936","creator_36","Synthetic Item 1936",1996,"video","tiktok","2025-01-01"
"c1937","creator_37","Synthetic Item 1937",1997,"article","twitch","2025-01-01"
"c1938","creator_38","Synthetic Item 1938",1998,"short","spotify","2025-01-01"
"c1939","creator_39","Synthetic Item 1939",1999,"podcast","youtube","2025-01-01"
"c1940","creator_40","Synthetic Item 1940",2000,"live","blog","2025-01-01"
"c1941","creator_41","Synthetic Item 1941",2001,"video","instagram","2025-01-01"
"c1942","creator_42","Synthetic Item 1942",2002,"article","tiktok","2025-01-01"
"c1943","creator_43","Synthetic Item 1943",2003,"short","twitch","2025-01-01"
"c1944","creator_44","Synthetic Item 1944",2004,"podcast","spotify","2025-01-01"
"c1945","creator_45","Synthetic Item 1945",2005,"live","youtube","2025-01-01"
"c1946","creator_46","Synthetic Item 1946",2006,"video","blog","2025-01-01"
"c1947","creator_47","Synthetic Item 1947",2007,"article","instagram","2025-01-01"
"c1948","creator_48","Synthetic Item 1948",2008,"short","tiktok","2025-01-01"
"c1949","creator_49","Synthetic Item 1949",2009,"podcast","twitch","2025-01-01"
"c1950","creator_50","Synthetic Item 1950",2010,"live","spotify","2025-01-01"
"c1951","creator_1","Synthetic Item 1951",2011,"video","youtube","2025-01-01"
"c1952","creator_2","Synthetic Item 1952",2012,"article","blog","2025-01-01"
"c1953","creator_3","Synthetic Item 1953",2013,"short","instagram","2025-01-01"
"c1954","creator_4","Synthetic Item 1954",2014,"podcast","tiktok","2025-01-01"
"c1955","creator_5","Synthetic Item 1955",2015,"live","twitch","2025-01-01"
"c1956","creator_6","Synthetic Item 1956",2016,"video","spotify","2025-01-01"
"c1957","creator_7","Synthetic Item 1957",2017,"article","youtube","2025-01-01"
"c1958","creator_8","Synthetic Item 1958",2018,"short","blog","2025-01-01"
"c1959","creator_9","Synthetic Item 1959",2019,"podcast","instagram","2025-01-01"
"c1960","creator_10","Synthetic Item 1960",2020,"live","tiktok","2025-01-01"
"c1961","creator_11","Synthetic Item 1961",2021,"video","twitch","2025-01-01"
"c1962","creator_12","Synthetic Item 1962",2022,"article","spotify","2025-01-01"
"c1963","creator_13","Synthetic Item 1963",2023,"short","youtube","2025-01-01"
"c1964","creator_14","Synthetic Item 1964",2024,"podcast","blog","2025-01-01"
"c1965","creator_15","Synthetic Item 1965",2025,"live","instagram","2025-01-01"
"c1966","creator_16","Synthetic Item 1966",2026,"video","tiktok","2025-01-01"
"c1967","creator_17","Synthetic Item 1967",2027,"article","twitch","2025-01-01"
"c1968","creator_18","Synthetic Item 1968",2028,"short","spotify","2025-01-01"
"c1969","creator_19","Synthetic Item 1969",2029,"podcast","youtube","2025-01-01"
"c1970","creator_20","Synthetic Item 1970",2030,"live","blog","2025-01-01"
"c1971","creator_21","Synthetic Item 1971",2031,"video","instagram","2025-01-01"
"c1972","creator_22","Synthetic Item 1972",2032,"article","tiktok","2025-01-01"
"c1973","creator_23","Synthetic Item 1973",2033,"short","twitch","2025-01-01"
"c1974","creator_24","Synthetic Item 1974",2034,"podcast","spotify","2025-01-01"
"c1975","creator_25","Synthetic Item 1975",2035,"live","youtube","2025-01-01"
"c1976","creator_26","Synthetic Item 1976",2036,"video","blog","2025-01-01"
"c1977","creator_27","Synthetic Item 1977",2037,"article","instagram","2025-01-01"
"c1978","creator_28","Synthetic Item 1978",2038,"short","tiktok","2025-01-01"
"c1979","creator_29","Synthetic Item 1979",2039,"podcast","twitch","2025-01-01"
"c1980","creator_30","Synthetic Item 1980",2040,"live","spotify","2025-01-01"
"c1981","creator_31","Synthetic Item 1981",2041,"video","youtube","2025-01-01"
"c1982","creator_32","Synthetic Item 1982",2042,"article","blog","2025-01-01"
"c1983","creator_33","Synthetic Item 1983",2043,"short","instagram","2025-01-01"
"c1984","creator_34","Synthetic Item 1984",2044,"podcast","tiktok","2025-01-01"
"c1985","creator_35","Synthetic Item 1985",2045,"live","twitch","2025-01-01"
"c1986","creator_36","Synthetic Item 1986",2046,"video","spotify","2025-01-01"
"c1987","creator_37","Synthetic Item 1987",2047,"article","youtube","2025-01-01"
"c1988","creator_38","Synthetic Item 1988",2048,"short","blog","2025-01-01"
"c1989","creator_39","Synthetic Item 1989",2049,"podcast","instagram","2025-01-01"
"c1990","creator_40","Synthetic Item 1990",2050,"live","tiktok","2025-01-01"
"c1991","creator_41","Synthetic Item 1991",2051,"video","twitch","2025-01-01"
"c1992","creator_42","Synthetic Item 1992",2052,"article","spotify","2025-01-01"
"c1993","creator_43","Synthetic Item 1993",2053,"short","youtube","2025-01-01"
"c1994","creator_44","Synthetic Item 1994",2054,"podcast","blog","2025-01-01"
"c1995","creator_45","Synthetic Item 1995",2055,"live","instagram","2025-01-01"
"c1996","creator_46","Synthetic Item 1996",2056,"video","tiktok","2025-01-01"
"c1997","creator_47","Synthetic Item 1997",2057,"article","twitch","2025-01-01"
"c1998","creator_48","Synthetic Item 1998",2058,"short","spotify","2025-01-01"
"c1999","creator_49","Synthetic Item 1999",2059,"podcast","youtube","2025-01-01"
"c2000","creator_50","Synthetic Item 2000",2060,"live","blog","2025-01-01"
"c2001","creator_1","Synthetic Item 2001",2061,"video","instagram","2025-01-01"
"c2002","creator_2","Synthetic Item 2002",2062,"article","tiktok","2025-01-01"
"c2003","creator_3","Synthetic Item 2003",2063,"short","twitch","2025-01-01"
"c2004","creator_4","Synthetic Item 2004",2064,"podcast","spotify","2025-01-01"
"c2005","creator_5","Synthetic Item 2005",2065,"live","youtube","2025-01-01"
"c2006","creator_6","Synthetic Item 2006",2066,"video","blog","2025-01-01"
"c2007","creator_7","Synthetic Item 2007",2067,"article","instagram","2025-01-01"
"c2008","creator_8","Synthetic Item 2008",2068,"short","tiktok","2025-01-01"
"c2009","creator_9","Synthetic Item 2009",2069,"podcast","twitch","2025-01-01"
"c2010","creator_10","Synthetic Item 2010",2070,"live","spotify","2025-01-01"
"c2011","creator_11","Synthetic Item 2011",2071,"video","youtube","2025-01-01"
"c2012","creator_12","Synthetic Item 2012",2072,"article","blog","2025-01-01"
"c2013","creator_13","Synthetic Item 2013",2073,"short","instagram","2025-01-01"
"c2014","creator_14","Synthetic Item 2014",2074,"podcast","tiktok","2025-01-01"
"c2015","creator_15","Synthetic Item 2015",2075,"live","twitch","2025-01-01"
"c2016","creator_16","Synthetic Item 2016",2076,"video","spotify","2025-01-01"
"c2017","creator_17","Synthetic Item 2017",2077,"article","youtube","2025-01-01"
"c2018","creator_18","Synthetic Item 2018",2078,"short","blog","2025-01-01"
"c2019","creator_19","Synthetic Item 2019",2079,"podcast","instagram","2025-01-01"
"c2020","creator_20","Synthetic Item 2020",2080,"live","tiktok","2025-01-01"
"c2021","creator_21","Synthetic Item 2021",2081,"video","twitch","2025-01-01"
"c2022","creator_22","Synthetic Item 2022",2082,"article","spotify","2025-01-01"
"c2023","creator_23","Synthetic Item 2023",2083,"short","youtube","2025-01-01"
"c2024","creator_24","Synthetic Item 2024",2084,"podcast","blog","2025-01-01"
"c2025","creator_25","Synthetic Item 2025",2085,"live","instagram","2025-01-01"
"c2026","creator_26","Synthetic Item 2026",2086,"video","tiktok","2025-01-01"
"c2027","creator_27","Synthetic Item 2027",2087,"article","twitch","2025-01-01"
"c2028","creator_28","Synthetic Item 2028",2088,"short","spotify","2025-01-01"
"c2029","creator_29","Synthetic Item 2029",2089,"podcast","youtube","2025-01-01"
"c2030","creator_30","Synthetic Item 2030",2090,"live","blog","2025-01-01"
"c2031","creator_31","Synthetic Item 2031",2091,"video","instagram","2025-01-01"
"c2032","creator_32","Synthetic Item 2032",2092,"article","tiktok","2025-01-01"
"c2033","creator_33","Synthetic Item 2033",2093,"short","twitch","2025-01-01"
"c2034","creator_34","Synthetic Item 2034",2094,"podcast","spotify","2025-01-01"
"c2035","creator_35","Synthetic Item 2035",2095,"live","youtube","2025-01-01"
"c2036","creator_36","Synthetic Item 2036",2096,"video","blog","2025-01-01"
"c2037","creator_37","Synthetic Item 2037",2097,"article","instagram","2025-01-01"
"c2038","creator_38","Synthetic Item 2038",2098,"short","tiktok","2025-01-01"
"c2039","creator_39","Synthetic Item 2039",2099,"podcast","twitch","2025-01-01"
"c2040","creator_40","Synthetic Item 2040",2100,"live","spotify","2025-01-01"
"c2041","creator_41","Synthetic Item 2041",2101,"video","youtube","2025-01-01"
"c2042","creator_42","Synthetic Item 2042",2102,"article","blog","2025-01-01"
"c2043","creator_43","Synthetic Item 2043",2103,"short","instagram","2025-01-01"
"c2044","creator_44","Synthetic Item 2044",2104,"podcast","tiktok","2025-01-01"
"c2045","creator_45","Synthetic Item 2045",2105,"live","twitch","2025-01-01"
"c2046","creator_46","Synthetic Item 2046",2106,"video","spotify","2025-01-01"
"c2047","creator_47","Synthetic Item 2047",2107,"article","youtube","2025-01-01"
"c2048","creator_48","Synthetic Item 2048",2108,"short","blog","2025-01-01"
"c2049","creator_49","Synthetic Item 2049",2109,"podcast","instagram","2025-01-01"
"c2050","creator_50","Synthetic Item 2050",2110,"live","tiktok","2025-01-01"
"c2051","creator_1","Synthetic Item 2051",2111,"video","twitch","2025-01-01"
"c2052","creator_2","Synthetic Item 2052",2112,"article","spotify","2025-01-01"
"c2053","creator_3","Synthetic Item 2053",2113,"short","youtube","2025-01-01"
"c2054","creator_4","Synthetic Item 2054",2114,"podcast","blog","2025-01-01"
"c2055","creator_5","Synthetic Item 2055",2115,"live","instagram","2025-01-01"
"c2056","creator_6","Synthetic Item 2056",2116,"video","tiktok","2025-01-01"
"c2057","creator_7","Synthetic Item 2057",2117,"article","twitch","2025-01-01"
"c2058","creator_8","Synthetic Item 2058",2118,"short","spotify","2025-01-01"
"c2059","creator_9","Synthetic Item 2059",2119,"podcast","youtube","2025-01-01"
"c2060","creator_10","Synthetic Item 2060",2120,"live","blog","2025-01-01"
"c2061","creator_11","Synthetic Item 2061",2121,"video","instagram","2025-01-01"
"c2062","creator_12","Synthetic Item 2062",2122,"article","tiktok","2025-01-01"
"c2063","creator_13","Synthetic Item 2063",2123,"short","twitch","2025-01-01"
"c2064","creator_14","Synthetic Item 2064",2124,"podcast","spotify","2025-01-01"
"c2065","creator_15","Synthetic Item 2065",2125,"live","youtube","2025-01-01"
"c2066","creator_16","Synthetic Item 2066",2126,"video","blog","2025-01-01"
"c2067","creator_17","Synthetic Item 2067",2127,"article","instagram","2025-01-01"
"c2068","creator_18","Synthetic Item 2068",2128,"short","tiktok","2025-01-01"
"c2069","creator_19","Synthetic Item 2069",2129,"podcast","twitch","2025-01-01"
"c2070","creator_20","Synthetic Item 2070",2130,"live","spotify","2025-01-01"
"c2071","creator_21","Synthetic Item 2071",2131,"video","youtube","2025-01-01"
"c2072","creator_22","Synthetic Item 2072",2132,"article","blog","2025-01-01"
"c2073","creator_23","Synthetic Item 2073",2133,"short","instagram","2025-01-01"
"c2074","creator_24","Synthetic Item 2074",2134,"podcast","tiktok","2025-01-01"
"c2075","creator_25","Synthetic Item 2075",2135,"live","twitch","2025-01-01"
"c2076","creator_26","Synthetic Item 2076",2136,"video","spotify","2025-01-01"
"c2077","creator_27","Synthetic Item 2077",2137,"article","youtube","2025-01-01"
"c2078","creator_28","Synthetic Item 2078",2138,"short","blog","2025-01-01"
"c2079","creator_29","Synthetic Item 2079",2139,"podcast","instagram","2025-01-01"
"c2080","creator_30","Synthetic Item 2080",2140,"live","tiktok","2025-01-01"
"c2081","creator_31","Synthetic Item 2081",2141,"video","twitch","2025-01-01"
"c2082","creator_32","Synthetic Item 2082",2142,"article","spotify","2025-01-01"
"c2083","creator_33","Synthetic Item 2083",2143,"short","youtube","2025-01-01"
"c2084","creator_34","Synthetic Item 2084",2144,"podcast","blog","2025-01-01"
"c2085","creator_35","Synthetic Item 2085",2145,"live","instagram","2025-01-01"
"c2086","creator_36","Synthetic Item 2086",2146,"video","tiktok","2025-01-01"
"c2087","creator_37","Synthetic Item 2087",2147,"article","twitch","2025-01-01"
"c2088","creator_38","Synthetic Item 2088",2148,"short","spotify","2025-01-01"
"c2089","creator_39","Synthetic Item 2089",2149,"podcast","youtube","2025-01-01"
"c2090","creator_40","Synthetic Item 2090",2150,"live","blog","2025-01-01"
"c2091","creator_41","Synthetic Item 2091",2151,"video","instagram","2025-01-01"
"c2092","creator_42","Synthetic Item 2092",2152,"article","tiktok","2025-01-01"
"c2093","creator_43","Synthetic Item 2093",2153,"short","twitch","2025-01-01"
"c2094","creator_44","Synthetic Item 2094",2154,"podcast","spotify","2025-01-01"
"c2095","creator_45","Synthetic Item 2095",2155,"live","youtube","2025-01-01"
"c2096","creator_46","Synthetic Item 2096",2156,"video","blog","2025-01-01"
"c2097","creator_47","Synthetic Item 2097",2157,"article","instagram","2025-01-01"
"c2098","creator_48","Synthetic Item 2098",2158,"short","tiktok","2025-01-01"
"c2099","creator_49","Synthetic Item 2099",2159,"podcast","twitch","2025-01-01"
"c2100","creator_50","Synthetic Item 2100",2160,"live","spotify","2025-01-01"
"c2101","creator_1","Synthetic Item 2101",2161,"video","youtube","2025-01-01"
"c2102","creator_2","Synthetic Item 2102",2162,"article","blog","2025-01-01"
"c2103","creator_3","Synthetic Item 2103",2163,"short","instagram","2025-01-01"
"c2104","creator_4","Synthetic Item 2104",2164,"podcast","tiktok","2025-01-01"
"c2105","creator_5","Synthetic Item 2105",2165,"live","twitch","2025-01-01"
"c2106","creator_6","Synthetic Item 2106",2166,"video","spotify","2025-01-01"
"c2107","creator_7","Synthetic Item 2107",2167,"article","youtube","2025-01-01"
"c2108","creator_8","Synthetic Item 2108",2168,"short","blog","2025-01-01"
"c2109","creator_9","Synthetic Item 2109",2169,"podcast","instagram","2025-01-01"
"c2110","creator_10","Synthetic Item 2110",2170,"live","tiktok","2025-01-01"
"c2111","creator_11","Synthetic Item 2111",2171,"video","twitch","2025-01-01"
"c2112","creator_12","Synthetic Item 2112",2172,"article","spotify","2025-01-01"
"c2113","creator_13","Synthetic Item 2113",2173,"short","youtube","2025-01-01"
"c2114","creator_14","Synthetic Item 2114",2174,"podcast","blog","2025-01-01"
"c2115","creator_15","Synthetic Item 2115",2175,"live","instagram","2025-01-01"
"c2116","creator_16","Synthetic Item 2116",2176,"video","tiktok","2025-01-01"
"c2117","creator_17","Synthetic Item 2117",2177,"article","twitch","2025-01-01"
"c2118","creator_18","Synthetic Item 2118",2178,"short","spotify","2025-01-01"
"c2119","creator_19","Synthetic Item 2119",2179,"podcast","youtube","2025-01-01"
"c2120","creator_20","Synthetic Item 2120",2180,"live","blog","2025-01-01"
"c2121","creator_21","Synthetic Item 2121",2181,"video","instagram","2025-01-01"
"c2122","creator_22","Synthetic Item 2122",2182,"article","tiktok","2025-01-01"
"c2123","creator_23","Synthetic Item 2123",2183,"short","twitch","2025-01-01"
"c2124","creator_24","Synthetic Item 2124",2184,"podcast","spotify","2025-01-01"
"c2125","creator_25","Synthetic Item 2125",2185,"live","youtube","2025-01-01"
"c2126","creator_26","Synthetic Item 2126",2186,"video","blog","2025-01-01"
"c2127","creator_27","Synthetic Item 2127",2187,"article","instagram","2025-01-01"
"c2128","creator_28","Synthetic Item 2128",2188,"short","tiktok","2025-01-01"
"c2129","creator_29","Synthetic Item 2129",2189,"podcast","twitch","2025-01-01"
"c2130","creator_30","Synthetic Item 2130",2190,"live","spotify","2025-01-01"
"c2131","creator_31","Synthetic Item 2131",2191,"video","youtube","2025-01-01"
"c2132","creator_32","Synthetic Item 2132",2192,"article","blog","2025-01-01"
"c2133","creator_33","Synthetic Item 2133",2193,"short","instagram","2025-01-01"
"c2134","creator_34","Synthetic Item 2134",2194,"podcast","tiktok","2025-01-01"
"c2135","creator_35","Synthetic Item 2135",2195,"live","twitch","2025-01-01"
"c2136","creator_36","Synthetic Item 2136",2196,"video","spotify","2025-01-01"
"c2137","creator_37","Synthetic Item 2137",2197,"article","youtube","2025-01-01"
"c2138","creator_38","Synthetic Item 2138",2198,"short","blog","2025-01-01"
"c2139","creator_39","Synthetic Item 2139",2199,"podcast","instagram","2025-01-01"
"c2140","creator_40","Synthetic Item 2140",2200,"live","tiktok","2025-01-01"
"c2141","creator_41","Synthetic Item 2141",2201,"video","twitch","2025-01-01"
"c2142","creator_42","Synthetic Item 2142",2202,"article","spotify","2025-01-01"
"c2143","creator_43","Synthetic Item 2143",2203,"short","youtube","2025-01-01"
"c2144","creator_44","Synthetic Item 2144",2204,"podcast","blog","2025-01-01"
"c2145","creator_45","Synthetic Item 2145",2205,"live","instagram","2025-01-01"
"c2146","creator_46","Synthetic Item 2146",2206,"video","tiktok","2025-01-01"
"c2147","creator_47","Synthetic Item 2147",2207,"article","twitch","2025-01-01"
"c2148","creator_48","Synthetic Item 2148",2208,"short","spotify","2025-01-01"
"c2149","creator_49","Synthetic Item 2149",2209,"podcast","youtube","2025-01-01"
"c2150","creator_50","Synthetic Item 2150",2210,"live","blog","2025-01-01"
"c2151","creator_1","Synthetic Item 2151",2211,"video","instagram","2025-01-01"
"c2152","creator_2","Synthetic Item 2152",2212,"article","tiktok","2025-01-01"
"c2153","creator_3","Synthetic Item 2153",2213,"short","twitch","2025-01-01"
"c2154","creator_4","Synthetic Item 2154",2214,"podcast","spotify","2025-01-01"
"c2155","creator_5","Synthetic Item 2155",2215,"live","youtube","2025-01-01"
"c2156","creator_6","Synthetic Item 2156",2216,"video","blog","2025-01-01"
"c2157","creator_7","Synthetic Item 2157",2217,"article","instagram","2025-01-01"
"c2158","creator_8","Synthetic Item 2158",2218,"short","tiktok","2025-01-01"
"c2159","creator_9","Synthetic Item 2159",2219,"podcast","twitch","2025-01-01"
"c2160","creator_10","Synthetic Item 2160",2220,"live","spotify","2025-01-01"
"c2161","creator_11","Synthetic Item 2161",2221,"video","youtube","2025-01-01"
"c2162","creator_12","Synthetic Item 2162",2222,"article","blog","2025-01-01"
"c2163","creator_13","Synthetic Item 2163",2223,"short","instagram","2025-01-01"
"c2164","creator_14","Synthetic Item 2164",2224,"podcast","tiktok","2025-01-01"
"c2165","creator_15","Synthetic Item 2165",2225,"live","twitch","2025-01-01"
"c2166","creator_16","Synthetic Item 2166",2226,"video","spotify","2025-01-01"
"c2167","creator_17","Synthetic Item 2167",2227,"article","youtube","2025-01-01"
"c2168","creator_18","Synthetic Item 2168",2228,"short","blog","2025-01-01"
"c2169","creator_19","Synthetic Item 2169",2229,"podcast","instagram","2025-01-01"
"c2170","creator_20","Synthetic Item 2170",2230,"live","tiktok","2025-01-01"
"c2171","creator_21","Synthetic Item 2171",2231,"video","twitch","2025-01-01"
"c2172","creator_22","Synthetic Item 2172",2232,"article","spotify","2025-01-01"
"c2173","creator_23","Synthetic Item 2173",2233,"short","youtube","2025-01-01"
"c2174","creator_24","Synthetic Item 2174",2234,"podcast","blog","2025-01-01"
"c2175","creator_25","Synthetic Item 2175",2235,"live","instagram","2025-01-01"
"c2176","creator_26","Synthetic Item 2176",2236,"video","tiktok","2025-01-01"
"c2177","creator_27","Synthetic Item 2177",2237,"article","twitch","2025-01-01"
"c2178","creator_28","Synthetic Item 2178",2238,"short","spotify","2025-01-01"
"c2179","creator_29","Synthetic Item 2179",2239,"podcast","youtube","2025-01-01"
"c2180","creator_30","Synthetic Item 2180",2240,"live","blog","2025-01-01"
"c2181","creator_31","Synthetic Item 2181",2241,"video","instagram","2025-01-01"
"c2182","creator_32","Synthetic Item 2182",2242,"article","tiktok","2025-01-01"
"c2183","creator_33","Synthetic Item 2183",2243,"short","twitch","2025-01-01"
"c2184","creator_34","Synthetic Item 2184",2244,"podcast","spotify","2025-01-01"
"c2185","creator_35","Synthetic Item 2185",2245,"live","youtube","2025-01-01"
"c2186","creator_36","Synthetic Item 2186",2246,"video","blog","2025-01-01"
"c2187","creator_37","Synthetic Item 2187",2247,"article","instagram","2025-01-01"
"c2188","creator_38","Synthetic Item 2188",2248,"short","tiktok","2025-01-01"
"c2189","creator_39","Synthetic Item 2189",2249,"podcast","twitch","2025-01-01"
"c2190","creator_40","Synthetic Item 2190",2250,"live","spotify","2025-01-01"
"c2191","creator_41","Synthetic Item 2191",2251,"video","youtube","2025-01-01"
"c2192","creator_42","Synthetic Item 2192",2252,"article","blog","2025-01-01"
"c2193","creator_43","Synthetic Item 2193",2253,"short","instagram","2025-01-01"
"c2194","creator_44","Synthetic Item 2194",2254,"podcast","tiktok","2025-01-01"
"c2195","creator_45","Synthetic Item 2195",2255,"live","twitch","2025-01-01"
"c2196","creator_46","Synthetic Item 2196",2256,"video","spotify","2025-01-01"
"c2197","creator_47","Synthetic Item 2197",2257,"article","youtube","2025-01-01"
"c2198","creator_48","Synthetic Item 2198",2258,"short","blog","2025-01-01"
"c2199","creator_49","Synthetic Item 2199",2259,"podcast","instagram","2025-01-01"
"c2200","creator_50","Synthetic Item 2200",2260,"live","tiktok","2025-01-01"
"c2201","creator_1","Synthetic Item 2201",2261,"video","twitch","2025-01-01"
"c2202","creator_2","Synthetic Item 2202",2262,"article","spotify","2025-01-01"
"c2203","creator_3","Synthetic Item 2203",2263,"short","youtube","2025-01-01"
"c2204","creator_4","Synthetic Item 2204",2264,"podcast","blog","2025-01-01"
"c2205","creator_5","Synthetic Item 2205",2265,"live","instagram","2025-01-01"
"c2206","creator_6","Synthetic Item 2206",2266,"video","tiktok","2025-01-01"
"c2207","creator_7","Synthetic Item 2207",2267,"article","twitch","2025-01-01"
"c2208","creator_8","Synthetic Item 2208",2268,"short","spotify","2025-01-01"
"c2209","creator_9","Synthetic Item 2209",2269,"podcast","youtube","2025-01-01"
"c2210","creator_10","Synthetic Item 2210",2270,"live","blog","2025-01-01"
"c2211","creator_11","Synthetic Item 2211",2271,"video","instagram","2025-01-01"
"c2212","creator_12","Synthetic Item 2212",2272,"article","tiktok","2025-01-01"
"c2213","creator_13","Synthetic Item 2213",2273,"short","twitch","2025-01-01"
"c2214","creator_14","Synthetic Item 2214",2274,"podcast","spotify","2025-01-01"
"c2215","creator_15","Synthetic Item 2215",2275,"live","youtube","2025-01-01"
"c2216","creator_16","Synthetic Item 2216",2276,"video","blog","2025-01-01"
"c2217","creator_17","Synthetic Item 2217",2277,"article","instagram","2025-01-01"
"c2218","creator_18","Synthetic Item 2218",2278,"short","tiktok","2025-01-01"
"c2219","creator_19","Synthetic Item 2219",2279,"podcast","twitch","2025-01-01"
"c2220","creator_20","Synthetic Item 2220",2280,"live","spotify","2025-01-01"
"c2221","creator_21","Synthetic Item 2221",2281,"video","youtube","2025-01-01"
"c2222","creator_22","Synthetic Item 2222",2282,"article","blog","2025-01-01"
"c2223","creator_23","Synthetic Item 2223",2283,"short","instagram","2025-01-01"
"c2224","creator_24","Synthetic Item 2224",2284,"podcast","tiktok","2025-01-01"
"c2225","creator_25","Synthetic Item 2225",2285,"live","twitch","2025-01-01"
"c2226","creator_26","Synthetic Item 2226",2286,"video","spotify","2025-01-01"
"c2227","creator_27","Synthetic Item 2227",2287,"article","youtube","2025-01-01"
"c2228","creator_28","Synthetic Item 2228",2288,"short","blog","2025-01-01"
"c2229","creator_29","Synthetic Item 2229",2289,"podcast","instagram","2025-01-01"
"c2230","creator_30","Synthetic Item 2230",2290,"live","tiktok","2025-01-01"
"c2231","creator_31","Synthetic Item 2231",2291,"video","twitch","2025-01-01"
"c2232","creator_32","Synthetic Item 2232",2292,"article","spotify","2025-01-01"
"c2233","creator_33","Synthetic Item 2233",2293,"short","youtube","2025-01-01"
"c2234","creator_34","Synthetic Item 2234",2294,"podcast","blog","2025-01-01"
"c2235","creator_35","Synthetic Item 2235",2295,"live","instagram","2025-01-01"
"c2236","creator_36","Synthetic Item 2236",2296,"video","tiktok","2025-01-01"
"c2237","creator_37","Synthetic Item 2237",2297,"article","twitch","2025-01-01"
"c2238","creator_38","Synthetic Item 2238",2298,"short","spotify","2025-01-01"
"c2239","creator_39","Synthetic Item 2239",2299,"podcast","youtube","2025-01-01"
"c2240","creator_40","Synthetic Item 2240",2300,"live","blog","2025-01-01"
"c2241","creator_41","Synthetic Item 2241",2301,"video","instagram","2025-01-01"
"c2242","creator_42","Synthetic Item 2242",2302,"article","tiktok","2025-01-01"
"c2243","creator_43","Synthetic Item 2243",2303,"short","twitch","2025-01-01"
"c2244","creator_44","Synthetic Item 2244",2304,"podcast","spotify","2025-01-01"
"c2245","creator_45","Synthetic Item 2245",2305,"live","youtube","2025-01-01"
"c2246","creator_46","Synthetic Item 2246",2306,"video","blog","2025-01-01"
"c2247","creator_47","Synthetic Item 2247",2307,"article","instagram","2025-01-01"
"c2248","creator_48","Synthetic Item 2248",2308,"short","tiktok","2025-01-01"
"c2249","creator_49","Synthetic Item 2249",2309,"podcast","twitch","2025-01-01"
"c2250","creator_50","Synthetic Item 2250",2310,"live","spotify","2025-01-01"
"c2251","creator_1","Synthetic Item 2251",2311,"video","youtube","2025-01-01"
"c2252","creator_2","Synthetic Item 2252",2312,"article","blog","2025-01-01"
"c2253","creator_3","Synthetic Item 2253",2313,"short","instagram","2025-01-01"
"c2254","creator_4","Synthetic Item 2254",2314,"podcast","tiktok","2025-01-01"
"c2255","creator_5","Synthetic Item 2255",2315,"live","twitch","2025-01-01"
"c2256","creator_6","Synthetic Item 2256",2316,"video","spotify","2025-01-01"
"c2257","creator_7","Synthetic Item 2257",2317,"article","youtube","2025-01-01"
"c2258","creator_8","Synthetic Item 2258",2318,"short","blog","2025-01-01"
"c2259","creator_9","Synthetic Item 2259",2319,"podcast","instagram","2025-01-01"
"c2260","creator_10","Synthetic Item 2260",2320,"live","tiktok","2025-01-01"
"c2261","creator_11","Synthetic Item 2261",2321,"video","twitch","2025-01-01"
"c2262","creator_12","Synthetic Item 2262",2322,"article","spotify","2025-01-01"
"c2263","creator_13","Synthetic Item 2263",2323,"short","youtube","2025-01-01"
"c2264","creator_14","Synthetic Item 2264",2324,"podcast","blog","2025-01-01"
"c2265","creator_15","Synthetic Item 2265",2325,"live","instagram","2025-01-01"
"c2266","creator_16","Synthetic Item 2266",2326,"video","tiktok","2025-01-01"
"c2267","creator_17","Synthetic Item 2267",2327,"article","twitch","2025-01-01"
"c2268","creator_18","Synthetic Item 2268",2328,"short","spotify","2025-01-01"
"c2269","creator_19","Synthetic Item 2269",2329,"podcast","youtube","2025-01-01"
"c2270","creator_20","Synthetic Item 2270",2330,"live","blog","2025-01-01"
"c2271","creator_21","Synthetic Item 2271",2331,"video","instagram","2025-01-01"
"c2272","creator_22","Synthetic Item 2272",2332,"article","tiktok","2025-01-01"
"c2273","creator_23","Synthetic Item 2273",2333,"short","twitch","2025-01-01"
"c2274","creator_24","Synthetic Item 2274",2334,"podcast","spotify","2025-01-01"
"c2275","creator_25","Synthetic Item 2275",2335,"live","youtube","2025-01-01"
"c2276","creator_26","Synthetic Item 2276",2336,"video","blog","2025-01-01"
"c2277","creator_27","Synthetic Item 2277",2337,"article","instagram","2025-01-01"
"c2278","creator_28","Synthetic Item 2278",2338,"short","tiktok","2025-01-01"
"c2279","creator_29","Synthetic Item 2279",2339,"podcast","twitch","2025-01-01"
"c2280","creator_30","Synthetic Item 2280",2340,"live","spotify","2025-01-01"
"c2281","creator_31","Synthetic Item 2281",2341,"video","youtube","2025-01-01"
"c2282","creator_32","Synthetic Item 2282",2342,"article","blog","2025-01-01"
"c2283","creator_33","Synthetic Item 2283",2343,"short","instagram","2025-01-01"
"c2284","creator_34","Synthetic Item 2284",2344,"podcast","tiktok","2025-01-01"
"c2285","creator_35","Synthetic Item 2285",2345,"live","twitch","2025-01-01"
"c2286","creator_36","Synthetic Item 2286",2346,"video","spotify","2025-01-01"
"c2287","creator_37","Synthetic Item 2287",2347,"article","youtube","2025-01-01"
"c2288","creator_38","Synthetic Item 2288",2348,"short","blog","2025-01-01"
"c2289","creator_39","Synthetic Item 2289",2349,"podcast","instagram","2025-01-01"
"c2290","creator_40","Synthetic Item 2290",2350,"live","tiktok","2025-01-01"
"c2291","creator_41","Synthetic Item 2291",2351,"video","twitch","2025-01-01"
"c2292","creator_42","Synthetic Item 2292",2352,"article","spotify","2025-01-01"
"c2293","creator_43","Synthetic Item 2293",2353,"short","youtube","2025-01-01"
"c2294","creator_44","Synthetic Item 2294",2354,"podcast","blog","2025-01-01"
"c2295","creator_45","Synthetic Item 2295",2355,"live","instagram","2025-01-01"
"c2296","creator_46","Synthetic Item 2296",2356,"video","tiktok","2025-01-01"
"c2297","creator_47","Synthetic Item 2297",2357,"article","twitch","2025-01-01"
"c2298","creator_48","Synthetic Item 2298",2358,"short","spotify","2025-01-01"
"c2299","creator_49","Synthetic Item 2299",2359,"podcast","youtube","2025-01-01"
"c2300","creator_50","Synthetic Item 2300",2360,"live","blog","2025-01-01"
"c2301","creator_1","Synthetic Item 2301",2361,"video","instagram","2025-01-01"
"c2302","creator_2","Synthetic Item 2302",2362,"article","tiktok","2025-01-01"
"c2303","creator_3","Synthetic Item 2303",2363,"short","twitch","2025-01-01"
"c2304","creator_4","Synthetic Item 2304",2364,"podcast","spotify","2025-01-01"
"c2305","creator_5","Synthetic Item 2305",2365,"live","youtube","2025-01-01"
"c2306","creator_6","Synthetic Item 2306",2366,"video","blog","2025-01-01"
"c2307","creator_7","Synthetic Item 2307",2367,"article","instagram","2025-01-01"
"c2308","creator_8","Synthetic Item 2308",2368,"short","tiktok","2025-01-01"
"c2309","creator_9","Synthetic Item 2309",2369,"podcast","twitch","2025-01-01"
"c2310","creator_10","Synthetic Item 2310",2370,"live","spotify","2025-01-01"
"c2311","creator_11","Synthetic Item 2311",2371,"video","youtube","2025-01-01"
"c2312","creator_12","Synthetic Item 2312",2372,"article","blog","2025-01-01"
"c2313","creator_13","Synthetic Item 2313",2373,"short","instagram","2025-01-01"
"c2314","creator_14","Synthetic Item 2314",2374,"podcast","tiktok","2025-01-01"
"c2315","creator_15","Synthetic Item 2315",2375,"live","twitch","2025-01-01"
"c2316","creator_16","Synthetic Item 2316",2376,"video","spotify","2025-01-01"
"c2317","creator_17","Synthetic Item 2317",2377,"article","youtube","2025-01-01"
"c2318","creator_18","Synthetic Item 2318",2378,"short","blog","2025-01-01"
"c2319","creator_19","Synthetic Item 2319",2379,"podcast","instagram","2025-01-01"
"c2320","creator_20","Synthetic Item 2320",2380,"live","tiktok","2025-01-01"
"c2321","creator_21","Synthetic Item 2321",2381,"video","twitch","2025-01-01"
"c2322","creator_22","Synthetic Item 2322",2382,"article","spotify","2025-01-01"
"c2323","creator_23","Synthetic Item 2323",2383,"short","youtube","2025-01-01"
"c2324","creator_24","Synthetic Item 2324",2384,"podcast","blog","2025-01-01"
"c2325","creator_25","Synthetic Item 2325",2385,"live","instagram","2025-01-01"
"c2326","creator_26","Synthetic Item 2326",2386,"video","tiktok","2025-01-01"
"c2327","creator_27","Synthetic Item 2327",2387,"article","twitch","2025-01-01"
"c2328","creator_28","Synthetic Item 2328",2388,"short","spotify","2025-01-01"
"c2329","creator_29","Synthetic Item 2329",2389,"podcast","youtube","2025-01-01"
"c2330","creator_30","Synthetic Item 2330",2390,"live","blog","2025-01-01"
"c2331","creator_31","Synthetic Item 2331",2391,"video","instagram","2025-01-01"
"c2332","creator_32","Synthetic Item 2332",2392,"article","tiktok","2025-01-01"
"c2333","creator_33","Synthetic Item 2333",2393,"short","twitch","2025-01-01"
"c2334","creator_34","Synthetic Item 2334",2394,"podcast","spotify","2025-01-01"
"c2335","creator_35","Synthetic Item 2335",2395,"live","youtube","2025-01-01"
"c2336","creator_36","Synthetic Item 2336",2396,"video","blog","2025-01-01"
"c2337","creator_37","Synthetic Item 2337",2397,"article","instagram","2025-01-01"
"c2338","creator_38","Synthetic Item 2338",2398,"short","tiktok","2025-01-01"
"c2339","creator_39","Synthetic Item 2339",2399,"podcast","twitch","2025-01-01"
"c2340","creator_40","Synthetic Item 2340",2400,"live","spotify","2025-01-01"
"c2341","creator_41","Synthetic Item 2341",2401,"video","youtube","2025-01-01"
"c2342","creator_42","Synthetic Item 2342",2402,"article","blog","2025-01-01"
"c2343","creator_43","Synthetic Item 2343",2403,"short","instagram","2025-01-01"
"c2344","creator_44","Synthetic Item 2344",2404,"podcast","tiktok","2025-01-01"
"c2345","creator_45","Synthetic Item 2345",2405,"live","twitch","2025-01-01"
"c2346","creator_46","Synthetic Item 2346",2406,"video","spotify","2025-01-01"
"c2347","creator_47","Synthetic Item 2347",2407,"article","youtube","2025-01-01"
"c2348","creator_48","Synthetic Item 2348",2408,"short","blog","2025-01-01"
"c2349","creator_49","Synthetic Item 2349",2409,"podcast","instagram","2025-01-01"
"c2350","creator_50","Synthetic Item 2350",2410,"live","tiktok","2025-01-01"
"c2351","creator_1","Synthetic Item 2351",2411,"video","twitch","2025-01-01"
"c2352","creator_2","Synthetic Item 2352",2412,"article","spotify","2025-01-01"
"c2353","creator_3","Synthetic Item 2353",2413,"short","youtube","2025-01-01"
"c2354","creator_4","Synthetic Item 2354",2414,"podcast","blog","2025-01-01"
"c2355","creator_5","Synthetic Item 2355",2415,"live","instagram","2025-01-01"
"c2356","creator_6","Synthetic Item 2356",2416,"video","tiktok","2025-01-01"
"c2357","creator_7","Synthetic Item 2357",2417,"article","twitch","2025-01-01"
"c2358","creator_8","Synthetic Item 2358",2418,"short","spotify","2025-01-01"
"c2359","creator_9","Synthetic Item 2359",2419,"podcast","youtube","2025-01-01"
"c2360","creator_10","Synthetic Item 2360",2420,"live","blog","2025-01-01"
"c2361","creator_11","Synthetic Item 2361",2421,"video","instagram","2025-01-01"
"c2362","creator_12","Synthetic Item 2362",2422,"article","tiktok","2025-01-01"
"c2363","creator_13","Synthetic Item 2363",2423,"short","twitch","2025-01-01"
"c2364","creator_14","Synthetic Item 2364",2424,"podcast","spotify","2025-01-01"
"c2365","creator_15","Synthetic Item 2365",2425,"live","youtube","2025-01-01"
"c2366","creator_16","Synthetic Item 2366",2426,"video","blog","2025-01-01"
"c2367","creator_17","Synthetic Item 2367",2427,"article","instagram","2025-01-01"
"c2368","creator_18","Synthetic Item 2368",2428,"short","tiktok","2025-01-01"
"c2369","creator_19","Synthetic Item 2369",2429,"podcast","twitch","2025-01-01"
"c2370","creator_20","Synthetic Item 2370",2430,"live","spotify","2025-01-01"
"c2371","creator_21","Synthetic Item 2371",2431,"video","youtube","2025-01-01"
"c2372","creator_22","Synthetic Item 2372",2432,"article","blog","2025-01-01"
"c2373","creator_23","Synthetic Item 2373",2433,"short","instagram","2025-01-01"
"c2374","creator_24","Synthetic Item 2374",2434,"podcast","tiktok","2025-01-01"
"c2375","creator_25","Synthetic Item 2375",2435,"live","twitch","2025-01-01"
"c2376","creator_26","Synthetic Item 2376",2436,"video","spotify","2025-01-01"
"c2377","creator_27","Synthetic Item 2377",2437,"article","youtube","2025-01-01"
"c2378","creator_28","Synthetic Item 2378",2438,"short","blog","2025-01-01"
"c2379","creator_29","Synthetic Item 2379",2439,"podcast","instagram","2025-01-01"
"c2380","creator_30","Synthetic Item 2380",2440,"live","tiktok","2025-01-01"
"c2381","creator_31","Synthetic Item 2381",2441,"video","twitch","2025-01-01"
"c2382","creator_32","Synthetic Item 2382",2442,"article","spotify","2025-01-01"
"c2383","creator_33","Synthetic Item 2383",2443,"short","youtube","2025-01-01"
"c2384","creator_34","Synthetic Item 2384",2444,"podcast","blog","2025-01-01"
"c2385","creator_35","Synthetic Item 2385",2445,"live","instagram","2025-01-01"
"c2386","creator_36","Synthetic Item 2386",2446,"video","tiktok","2025-01-01"
"c2387","creator_37","Synthetic Item 2387",2447,"article","twitch","2025-01-01"
"c2388","creator_38","Synthetic Item 2388",2448,"short","spotify","2025-01-01"
"c2389","creator_39","Synthetic Item 2389",2449,"podcast","youtube","2025-01-01"
"c2390","creator_40","Synthetic Item 2390",2450,"live","blog","2025-01-01"
"c2391","creator_41","Synthetic Item 2391",2451,"video","instagram","2025-01-01"
"c2392","creator_42","Synthetic Item 2392",2452,"article","tiktok","2025-01-01"
"c2393","creator_43","Synthetic Item 2393",2453,"short","twitch","2025-01-01"
"c2394","creator_44","Synthetic Item 2394",2454,"podcast","spotify","2025-01-01"
"c2395","creator_45","Synthetic Item 2395",2455,"live","youtube","2025-01-01"
"c2396","creator_46","Synthetic Item 2396",2456,"video","blog","2025-01-01"
"c2397","creator_47","Synthetic Item 2397",2457,"article","instagram","2025-01-01"
"c2398","creator_48","Synthetic Item 2398",2458,"short","tiktok","2025-01-01"
"c2399","creator_49","Synthetic Item 2399",2459,"podcast","twitch","2025-01-01"
"c2400","creator_50","Synthetic Item 2400",2460,"live","spotify","2025-01-01"
"c2401","creator_1","Synthetic Item 2401",2461,"video","youtube","2025-01-01"
"c2402","creator_2","Synthetic Item 2402",2462,"article","blog","2025-01-01"
"c2403","creator_3","Synthetic Item 2403",2463,"short","instagram","2025-01-01"
"c2404","creator_4","Synthetic Item 2404",2464,"podcast","tiktok","2025-01-01"
"c2405","creator_5","Synthetic Item 2405",2465,"live","twitch","2025-01-01"
"c2406","creator_6","Synthetic Item 2406",2466,"video","spotify","2025-01-01"
"c2407","creator_7","Synthetic Item 2407",2467,"article","youtube","2025-01-01"
"c2408","creator_8","Synthetic Item 2408",2468,"short","blog","2025-01-01"
"c2409","creator_9","Synthetic Item 2409",2469,"podcast","instagram","2025-01-01"
"c2410","creator_10","Synthetic Item 2410",2470,"live","tiktok","2025-01-01"
"c2411","creator_11","Synthetic Item 2411",2471,"video","twitch","2025-01-01"
"c2412","creator_12","Synthetic Item 2412",2472,"article","spotify","2025-01-01"
"c2413","creator_13","Synthetic Item 2413",2473,"short","youtube","2025-01-01"
"c2414","creator_14","Synthetic Item 2414",2474,"podcast","blog","2025-01-01"
"c2415","creator_15","Synthetic Item 2415",2475,"live","instagram","2025-01-01"
"c2416","creator_16","Synthetic Item 2416",2476,"video","tiktok","2025-01-01"
"c2417","creator_17","Synthetic Item 2417",2477,"article","twitch","2025-01-01"
"c2418","creator_18","Synthetic Item 2418",2478,"short","spotify","2025-01-01"
"c2419","creator_19","Synthetic Item 2419",2479,"podcast","youtube","2025-01-01"
"c2420","creator_20","Synthetic Item 2420",2480,"live","blog","2025-01-01"
"c2421","creator_21","Synthetic Item 2421",2481,"video","instagram","2025-01-01"
"c2422","creator_22","Synthetic Item 2422",2482,"article","tiktok","2025-01-01"
"c2423","creator_23","Synthetic Item 2423",2483,"short","twitch","2025-01-01"
"c2424","creator_24","Synthetic Item 2424",2484,"podcast","spotify","2025-01-01"
"c2425","creator_25","Synthetic Item 2425",2485,"live","youtube","2025-01-01"
"c2426","creator_26","Synthetic Item 2426",2486,"video","blog","2025-01-01"
"c2427","creator_27","Synthetic Item 2427",2487,"article","instagram","2025-01-01"
"c2428","creator_28","Synthetic Item 2428",2488,"short","tiktok","2025-01-01"
"c2429","creator_29","Synthetic Item 2429",2489,"podcast","twitch","2025-01-01"
"c2430","creator_30","Synthetic Item 2430",2490,"live","spotify","2025-01-01"
"c2431","creator_31","Synthetic Item 2431",2491,"video","youtube","2025-01-01"
"c2432","creator_32","Synthetic Item 2432",2492,"article","blog","2025-01-01"
"c2433","creator_33","Synthetic Item 2433",2493,"short","instagram","2025-01-01"
"c2434","creator_34","Synthetic Item 2434",2494,"podcast","tiktok","2025-01-01"
"c2435","creator_35","Synthetic Item 2435",2495,"live","twitch","2025-01-01"
"c2436","creator_36","Synthetic Item 2436",2496,"video","spotify","2025-01-01"
"c2437","creator_37","Synthetic Item 2437",2497,"article","youtube","2025-01-01"
"c2438","creator_38","Synthetic Item 2438",2498,"short","blog","2025-01-01"
"c2439","creator_39","Synthetic Item 2439",2499,"podcast","instagram","2025-01-01"
"c2440","creator_40","Synthetic Item 2440",2500,"live","tiktok","2025-01-01"
"c2441","creator_41","Synthetic Item 2441",2501,"video","twitch","2025-01-01"
"c2442","creator_42","Synthetic Item 2442",2502,"article","spotify","2025-01-01"
"c2443","creator_43","Synthetic Item 2443",2503,"short","youtube","2025-01-01"
"c2444","creator_44","Synthetic Item 2444",2504,"podcast","blog","2025-01-01"
"c2445","creator_45","Synthetic Item 2445",2505,"live","instagram","2025-01-01"
"c2446","creator_46","Synthetic Item 2446",2506,"video","tiktok","2025-01-01"
"c2447","creator_47","Synthetic Item 2447",2507,"article","twitch","2025-01-01"
"c2448","creator_48","Synthetic Item 2448",2508,"short","spotify","2025-01-01"
"c2449","creator_49","Synthetic Item 2449",2509,"podcast","youtube","2025-01-01"
"c2450","creator_50","Synthetic Item 2450",2510,"live","blog","2025-01-01"
"c2451","creator_1","Synthetic Item 2451",2511,"video","instagram","2025-01-01"
"c2452","creator_2","Synthetic Item 2452",2512,"article","tiktok","2025-01-01"
"c2453","creator_3","Synthetic Item 2453",2513,"short","twitch","2025-01-01"
"c2454","creator_4","Synthetic Item 2454",2514,"podcast","spotify","2025-01-01"
"c2455","creator_5","Synthetic Item 2455",2515,"live","youtube","2025-01-01"
"c2456","creator_6","Synthetic Item 2456",2516,"video","blog","2025-01-01"
"c2457","creator_7","Synthetic Item 2457",2517,"article","instagram","2025-01-01"
"c2458","creator_8","Synthetic Item 2458",2518,"short","tiktok","2025-01-01"
"c2459","creator_9","Synthetic Item 2459",2519,"podcast","twitch","2025-01-01"
"c2460","creator_10","Synthetic Item 2460",2520,"live","spotify","2025-01-01"
"c2461","creator_11","Synthetic Item 2461",2521,"video","youtube","2025-01-01"
"c2462","creator_12","Synthetic Item 2462",2522,"article","blog","2025-01-01"
"c2463","creator_13","Synthetic Item 2463",2523,"short","instagram","2025-01-01"
"c2464","creator_14","Synthetic Item 2464",2524,"podcast","tiktok","2025-01-01"
"c2465","creator_15","Synthetic Item 2465",2525,"live","twitch","2025-01-01"
"c2466","creator_16","Synthetic Item 2466",2526,"video","spotify","2025-01-01"
"c2467","creator_17","Synthetic Item 2467",2527,"article","youtube","2025-01-01"
"c2468","creator_18","Synthetic Item 2468",2528,"short","blog","2025-01-01"
"c2469","creator_19","Synthetic Item 2469",2529,"podcast","instagram","2025-01-01"
"c2470","creator_20","Synthetic Item 2470",2530,"live","tiktok","2025-01-01"
"c2471","creator_21","Synthetic Item 2471",2531,"video","twitch","2025-01-01"
"c2472","creator_22","Synthetic Item 2472",2532,"article","spotify","2025-01-01"
"c2473","creator_23","Synthetic Item 2473",2533,"short","youtube","2025-01-01"
"c2474","creator_24","Synthetic Item 2474",2534,"podcast","blog","2025-01-01"
"c2475","creator_25","Synthetic Item 2475",2535,"live","instagram","2025-01-01"
"c2476","creator_26","Synthetic Item 2476",2536,"video","tiktok","2025-01-01"
"c2477","creator_27","Synthetic Item 2477",2537,"article","twitch","2025-01-01"
"c2478","creator_28","Synthetic Item 2478",2538,"short","spotify","2025-01-01"
"c2479","creator_29","Synthetic Item 2479",2539,"podcast","youtube","2025-01-01"
"c2480","creator_30","Synthetic Item 2480",2540,"live","blog","2025-01-01"
"c2481","creator_31","Synthetic Item 2481",2541,"video","instagram","2025-01-01"
"c2482","creator_32","Synthetic Item 2482",2542,"article","tiktok","2025-01-01"
"c2483","creator_33","Synthetic Item 2483",2543,"short","twitch","2025-01-01"
"c2484","creator_34","Synthetic Item 2484",2544,"podcast","spotify","2025-01-01"
"c2485","creator_35","Synthetic Item 2485",2545,"live","youtube","2025-01-01"
"c2486","creator_36","Synthetic Item 2486",2546,"video","blog","2025-01-01"
"c2487","creator_37","Synthetic Item 2487",2547,"article","instagram","2025-01-01"
"c2488","creator_38","Synthetic Item 2488",2548,"short","tiktok","2025-01-01"
"c2489","creator_39","Synthetic Item 2489",2549,"podcast","twitch","2025-01-01"
"c2490","creator_40","Synthetic Item 2490",2550,"live","spotify","2025-01-01"
"c2491","creator_41","Synthetic Item 2491",2551,"video","youtube","2025-01-01"
"c2492","creator_42","Synthetic Item 2492",2552,"article","blog","2025-01-01"
"c2493","creator_43","Synthetic Item 2493",2553,"short","instagram","2025-01-01"
"c2494","creator_44","Synthetic Item 2494",2554,"podcast","tiktok","2025-01-01"
"c2495","creator_45","Synthetic Item 2495",2555,"live","twitch","2025-01-01"
"c2496","creator_46","Synthetic Item 2496",2556,"video","spotify","2025-01-01"
"c2497","creator_47","Synthetic Item 2497",2557,"article","youtube","2025-01-01"
"c2498","creator_48","Synthetic Item 2498",2558,"short","blog","2025-01-01"
"c2499","creator_49","Synthetic Item 2499",2559,"podcast","instagram","2025-01-01"
"c2500","creator_50","Synthetic Item 2500",2560,"live","tiktok","2025-01-01"
"c2501","creator_1","Synthetic Item 2501",2561,"video","twitch","2025-01-01"
"c2502","creator_2","Synthetic Item 2502",2562,"article","spotify","2025-01-01"
"c2503","creator_3","Synthetic Item 2503",2563,"short","youtube","2025-01-01"
"c2504","creator_4","Synthetic Item 2504",2564,"podcast","blog","2025-01-01"
"c2505","creator_5","Synthetic Item 2505",2565,"live","instagram","2025-01-01"
"c2506","creator_6","Synthetic Item 2506",2566,"video","tiktok","2025-01-01"
"c2507","creator_7","Synthetic Item 2507",2567,"article","twitch","2025-01-01"
"c2508","creator_8","Synthetic Item 2508",2568,"short","spotify","2025-01-01"
"c2509","creator_9","Synthetic Item 2509",2569,"podcast","youtube","2025-01-01"
"c2510","creator_10","Synthetic Item 2510",2570,"live","blog","2025-01-01"
"c2511","creator_11","Synthetic Item 2511",2571,"video","instagram","2025-01-01"
"c2512","creator_12","Synthetic Item 2512",2572,"article","tiktok","2025-01-01"
"c2513","creator_13","Synthetic Item 2513",2573,"short","twitch","2025-01-01"
"c2514","creator_14","Synthetic Item 2514",2574,"podcast","spotify","2025-01-01"
"c2515","creator_15","Synthetic Item 2515",2575,"live","youtube","2025-01-01"
"c2516","creator_16","Synthetic Item 2516",2576,"video","blog","2025-01-01"
"c2517","creator_17","Synthetic Item 2517",2577,"article","instagram","2025-01-01"
"c2518","creator_18","Synthetic Item 2518",2578,"short","tiktok","2025-01-01"
"c2519","creator_19","Synthetic Item 2519",2579,"podcast","twitch","2025-01-01"
"c2520","creator_20","Synthetic Item 2520",2580,"live","spotify","2025-01-01"
"c2521","creator_21","Synthetic Item 2521",2581,"video","youtube","2025-01-01"
"c2522","creator_22","Synthetic Item 2522",2582,"article","blog","2025-01-01"
"c2523","creator_23","Synthetic Item 2523",2583,"short","instagram","2025-01-01"
"c2524","creator_24","Synthetic Item 2524",2584,"podcast","tiktok","2025-01-01"
"c2525","creator_25","Synthetic Item 2525",2585,"live","twitch","2025-01-01"
"c2526","creator_26","Synthetic Item 2526",2586,"video","spotify","2025-01-01"
"c2527","creator_27","Synthetic Item 2527",2587,"article","youtube","2025-01-01"
"c2528","creator_28","Synthetic Item 2528",2588,"short","blog","2025-01-01"
"c2529","creator_29","Synthetic Item 2529",2589,"podcast","instagram","2025-01-01"
"c2530","creator_30","Synthetic Item 2530",2590,"live","tiktok","2025-01-01"
"c2531","creator_31","Synthetic Item 2531",2591,"video","twitch","2025-01-01"
"c2532","creator_32","Synthetic Item 2532",2592,"article","spotify","2025-01-01"
"c2533","creator_33","Synthetic Item 2533",2593,"short","youtube","2025-01-01"
"c2534","creator_34","Synthetic Item 2534",2594,"podcast","blog","2025-01-01"
"c2535","creator_35","Synthetic Item 2535",2595,"live","instagram","2025-01-01"
"c2536","creator_36","Synthetic Item 2536",2596,"video","tiktok","2025-01-01"
"c2537","creator_37","Synthetic Item 2537",2597,"article","twitch","2025-01-01"
"c2538","creator_38","Synthetic Item 2538",2598,"short","spotify","2025-01-01"
"c2539","creator_39","Synthetic Item 2539",2599,"podcast","youtube","2025-01-01"
"c2540","creator_40","Synthetic Item 2540",2600,"live","blog","2025-01-01"
"c2541","creator_41","Synthetic Item 2541",2601,"video","instagram","2025-01-01"
"c2542","creator_42","Synthetic Item 2542",2602,"article","tiktok","2025-01-01"
"c2543","creator_43","Synthetic Item 2543",2603,"short","twitch","2025-01-01"
"c2544","creator_44","Synthetic Item 2544",2604,"podcast","spotify","2025-01-01"
"c2545","creator_45","Synthetic Item 2545",2605,"live","youtube","2025-01-01"
"c2546","creator_46","Synthetic Item 2546",2606,"video","blog","2025-01-01"
"c2547","creator_47","Synthetic Item 2547",2607,"article","instagram","2025-01-01"
"c2548","creator_48","Synthetic Item 2548",2608,"short","tiktok","2025-01-01"
"c2549","creator_49","Synthetic Item 2549",2609,"podcast","twitch","2025-01-01"
"c2550","creator_50","Synthetic Item 2550",2610,"live","spotify","2025-01-01"
"c2551","creator_1","Synthetic Item 2551",2611,"video","youtube","2025-01-01"
"c2552","creator_2","Synthetic Item 2552",2612,"article","blog","2025-01-01"
"c2553","creator_3","Synthetic Item 2553",2613,"short","instagram","2025-01-01"
"c2554","creator_4","Synthetic Item 2554",2614,"podcast","tiktok","2025-01-01"
"c2555","creator_5","Synthetic Item 2555",2615,"live","twitch","2025-01-01"
"c2556","creator_6","Synthetic Item 2556",2616,"video","spotify","2025-01-01"
"c2557","creator_7","Synthetic Item 2557",2617,"article","youtube","2025-01-01"
"c2558","creator_8","Synthetic Item 2558",2618,"short","blog","2025-01-01"
"c2559","creator_9","Synthetic Item 2559",2619,"podcast","instagram","2025-01-01"
"c2560","creator_10","Synthetic Item 2560",2620,"live","tiktok","2025-01-01"
"c2561","creator_11","Synthetic Item 2561",2621,"video","twitch","2025-01-01"
"c2562","creator_12","Synthetic Item 2562",2622,"article","spotify","2025-01-01"
"c2563","creator_13","Synthetic Item 2563",2623,"short","youtube","2025-01-01"
"c2564","creator_14","Synthetic Item 2564",2624,"podcast","blog","2025-01-01"
"c2565","creator_15","Synthetic Item 2565",2625,"live","instagram","2025-01-01"
"c2566","creator_16","Synthetic Item 2566",2626,"video","tiktok","2025-01-01"
"c2567","creator_17","Synthetic Item 2567",2627,"article","twitch","2025-01-01"
"c2568","creator_18","Synthetic Item 2568",2628,"short","spotify","2025-01-01"
"c2569","creator_19","Synthetic Item 2569",2629,"podcast","youtube","2025-01-01"
"c2570","creator_20","Synthetic Item 2570",2630,"live","blog","2025-01-01"
"c2571","creator_21","Synthetic Item 2571",2631,"video","instagram","2025-01-01"
"c2572","creator_22","Synthetic Item 2572",2632,"article","tiktok","2025-01-01"
"c2573","creator_23","Synthetic Item 2573",2633,"short","twitch","2025-01-01"
"c2574","creator_24","Synthetic Item 2574",2634,"podcast","spotify","2025-01-01"
"c2575","creator_25","Synthetic Item 2575",2635,"live","youtube","2025-01-01"
"c2576","creator_26","Synthetic Item 2576",2636,"video","blog","2025-01-01"
"c2577","creator_27","Synthetic Item 2577",2637,"article","instagram","2025-01-01"
"c2578","creator_28","Synthetic Item 2578",2638,"short","tiktok","2025-01-01"
"c2579","creator_29","Synthetic Item 2579",2639,"podcast","twitch","2025-01-01"
"c2580","creator_30","Synthetic Item 2580",2640,"live","spotify","2025-01-01"
"c2581","creator_31","Synthetic Item 2581",2641,"video","youtube","2025-01-01"
"c2582","creator_32","Synthetic Item 2582",2642,"article","blog","2025-01-01"
"c2583","creator_33","Synthetic Item 2583",2643,"short","instagram","2025-01-01"
"c2584","creator_34","Synthetic Item 2584",2644,"podcast","tiktok","2025-01-01"
"c2585","creator_35","Synthetic Item 2585",2645,"live","twitch","2025-01-01"
"c2586","creator_36","Synthetic Item 2586",2646,"video","spotify","2025-01-01"
"c2587","creator_37","Synthetic Item 2587",2647,"article","youtube","2025-01-01"
"c2588","creator_38","Synthetic Item 2588",2648,"short","blog","2025-01-01"
"c2589","creator_39","Synthetic Item 2589",2649,"podcast","instagram","2025-01-01"
"c2590","creator_40","Synthetic Item 2590",2650,"live","tiktok","2025-01-01"
"c2591","creator_41","Synthetic Item 2591",2651,"video","twitch","2025-01-01"
"c2592","creator_42","Synthetic Item 2592",2652,"article","spotify","2025-01-01"
"c2593","creator_43","Synthetic Item 2593",2653,"short","youtube","2025-01-01"
"c2594","creator_44","Synthetic Item 2594",2654,"podcast","blog","2025-01-01"
"c2595","creator_45","Synthetic Item 2595",2655,"live","instagram","2025-01-01"
"c2596","creator_46","Synthetic Item 2596",2656,"video","tiktok","2025-01-01"
"c2597","creator_47","Synthetic Item 2597",2657,"article","twitch","2025-01-01"
"c2598","creator_48","Synthetic Item 2598",2658,"short","spotify","2025-01-01"
"c2599","creator_49","Synthetic Item 2599",2659,"podcast","youtube","2025-01-01"
"c2600","creator_50","Synthetic Item 2600",2660,"live","blog","2025-01-01"
"c2601","creator_1","Synthetic Item 2601",2661,"video","instagram","2025-01-01"
"c2602","creator_2","Synthetic Item 2602",2662,"article","tiktok","2025-01-01"
"c2603","creator_3","Synthetic Item 2603",2663,"short","twitch","2025-01-01"
"c2604","creator_4","Synthetic Item 2604",2664,"podcast","spotify","2025-01-01"
"c2605","creator_5","Synthetic Item 2605",2665,"live","youtube","2025-01-01"
"c2606","creator_6","Synthetic Item 2606",2666,"video","blog","2025-01-01"
"c2607","creator_7","Synthetic Item 2607",2667,"article","instagram","2025-01-01"
"c2608","creator_8","Synthetic Item 2608",2668,"short","tiktok","2025-01-01"
"c2609","creator_9","Synthetic Item 2609",2669,"podcast","twitch","2025-01-01"
"c2610","creator_10","Synthetic Item 2610",2670,"live","spotify","2025-01-01"
"c2611","creator_11","Synthetic Item 2611",2671,"video","youtube","2025-01-01"
"c2612","creator_12","Synthetic Item 2612",2672,"article","blog","2025-01-01"
"c2613","creator_13","Synthetic Item 2613",2673,"short","instagram","2025-01-01"
"c2614","creator_14","Synthetic Item 2614",2674,"podcast","tiktok","2025-01-01"
"c2615","creator_15","Synthetic Item 2615",2675,"live","twitch","2025-01-01"
"c2616","creator_16","Synthetic Item 2616",2676,"video","spotify","2025-01-01"
"c2617","creator_17","Synthetic Item 2617",2677,"article","youtube","2025-01-01"
"c2618","creator_18","Synthetic Item 2618",2678,"short","blog","2025-01-01"
"c2619","creator_19","Synthetic Item 2619",2679,"podcast","instagram","2025-01-01"
"c2620","creator_20","Synthetic Item 2620",2680,"live","tiktok","2025-01-01"
"c2621","creator_21","Synthetic Item 2621",2681,"video","twitch","2025-01-01"
"c2622","creator_22","Synthetic Item 2622",2682,"article","spotify","2025-01-01"
"c2623","creator_23","Synthetic Item 2623",2683,"short","youtube","2025-01-01"
"c2624","creator_24","Synthetic Item 2624",2684,"podcast","blog","2025-01-01"
"c2625","creator_25","Synthetic Item 2625",2685,"live","instagram","2025-01-01"
"c2626","creator_26","Synthetic Item 2626",2686,"video","tiktok","2025-01-01"
"c2627","creator_27","Synthetic Item 2627",2687,"article","twitch","2025-01-01"
"c2628","creator_28","Synthetic Item 2628",2688,"short","spotify","2025-01-01"
"c2629","creator_29","Synthetic Item 2629",2689,"podcast","youtube","2025-01-01"
"c2630","creator_30","Synthetic Item 2630",2690,"live","blog","2025-01-01"
"c2631","creator_31","Synthetic Item 2631",2691,"video","instagram","2025-01-01"
"c2632","creator_32","Synthetic Item 2632",2692,"article","tiktok","2025-01-01"
"c2633","creator_33","Synthetic Item 2633",2693,"short","twitch","2025-01-01"
"c2634","creator_34","Synthetic Item 2634",2694,"podcast","spotify","2025-01-01"
"c2635","creator_35","Synthetic Item 2635",2695,"live","youtube","2025-01-01"
"c2636","creator_36","Synthetic Item 2636",2696,"video","blog","2025-01-01"
"c2637","creator_37","Synthetic Item 2637",2697,"article","instagram","2025-01-01"
"c2638","creator_38","Synthetic Item 2638",2698,"short","tiktok","2025-01-01"
"c2639","creator_39","Synthetic Item 2639",2699,"podcast","twitch","2025-01-01"
"c2640","creator_40","Synthetic Item 2640",2700,"live","spotify","2025-01-01"
"c2641","creator_41","Synthetic Item 2641",2701,"video","youtube","2025-01-01"
"c2642","creator_42","Synthetic Item 2642",2702,"article","blog","2025-01-01"
"c2643","creator_43","Synthetic Item 2643",2703,"short","instagram","2025-01-01"
"c2644","creator_44","Synthetic Item 2644",2704,"podcast","tiktok","2025-01-01"
"c2645","creator_45","Synthetic Item 2645",2705,"live","twitch","2025-01-01"
"c2646","creator_46","Synthetic Item 2646",2706,"video","spotify","2025-01-01"
"c2647","creator_47","Synthetic Item 2647",2707,"article","youtube","2025-01-01"
"c2648","creator_48","Synthetic Item 2648",2708,"short","blog","2025-01-01"
"c2649","creator_49","Synthetic Item 2649",2709,"podcast","instagram","2025-01-01"
"c2650","creator_50","Synthetic Item 2650",2710,"live","tiktok","2025-01-01"
"c2651","creator_1","Synthetic Item 2651",2711,"video","twitch","2025-01-01"
"c2652","creator_2","Synthetic Item 2652",2712,"article","spotify","2025-01-01"
"c2653","creator_3","Synthetic Item 2653",2713,"short","youtube","2025-01-01"
"c2654","creator_4","Synthetic Item 2654",2714,"podcast","blog","2025-01-01"
"c2655","creator_5","Synthetic Item 2655",2715,"live","instagram","2025-01-01"
"c2656","creator_6","Synthetic Item 2656",2716,"video","tiktok","2025-01-01"
"c2657","creator_7","Synthetic Item 2657",2717,"article","twitch","2025-01-01"
"c2658","creator_8","Synthetic Item 2658",2718,"short","spotify","2025-01-01"
"c2659","creator_9","Synthetic Item 2659",2719,"podcast","youtube","2025-01-01"
"c2660","creator_10","Synthetic Item 2660",2720,"live","blog","2025-01-01"
"c2661","creator_11","Synthetic Item 2661",2721,"video","instagram","2025-01-01"
"c2662","creator_12","Synthetic Item 2662",2722,"article","tiktok","2025-01-01"
"c2663","creator_13","Synthetic Item 2663",2723,"short","twitch","2025-01-01"
"c2664","creator_14","Synthetic Item 2664",2724,"podcast","spotify","2025-01-01"
"c2665","creator_15","Synthetic Item 2665",2725,"live","youtube","2025-01-01"
"c2666","creator_16","Synthetic Item 2666",2726,"video","blog","2025-01-01"
"c2667","creator_17","Synthetic Item 2667",2727,"article","instagram","2025-01-01"
"c2668","creator_18","Synthetic Item 2668",2728,"short","tiktok","2025-01-01"
"c2669","creator_19","Synthetic Item 2669",2729,"podcast","twitch","2025-01-01"
"c2670","creator_20","Synthetic Item 2670",2730,"live","spotify","2025-01-01"
"c2671","creator_21","Synthetic Item 2671",2731,"video","youtube","2025-01-01"
"c2672","creator_22","Synthetic Item 2672",2732,"article","blog","2025-01-01"
"c2673","creator_23","Synthetic Item 2673",2733,"short","instagram","2025-01-01"
"c2674","creator_24","Synthetic Item 2674",2734,"podcast","tiktok","2025-01-01"
"c2675","creator_25","Synthetic Item 2675",2735,"live","twitch","2025-01-01"
"c2676","creator_26","Synthetic Item 2676",2736,"video","spotify","2025-01-01"
"c2677","creator_27","Synthetic Item 2677",2737,"article","youtube","2025-01-01"
"c2678","creator_28","Synthetic Item 2678",2738,"short","blog","2025-01-01"
"c2679","creator_29","Synthetic Item 2679",2739,"podcast","instagram","2025-01-01"
"c2680","creator_30","Synthetic Item 2680",2740,"live","tiktok","2025-01-01"
"c2681","creator_31","Synthetic Item 2681",2741,"video","twitch","2025-01-01"
"c2682","creator_32","Synthetic Item 2682",2742,"article","spotify","2025-01-01"
"c2683","creator_33","Synthetic Item 2683",2743,"short","youtube","2025-01-01"
"c2684","creator_34","Synthetic Item 2684",2744,"podcast","blog","2025-01-01"
"c2685","creator_35","Synthetic Item 2685",2745,"live","instagram","2025-01-01"
"c2686","creator_36","Synthetic Item 2686",2746,"video","tiktok","2025-01-01"
"c2687","creator_37","Synthetic Item 2687",2747,"article","twitch","2025-01-01"
"c2688","creator_38","Synthetic Item 2688",2748,"short","spotify","2025-01-01"
"c2689","creator_39","Synthetic Item 2689",2749,"podcast","youtube","2025-01-01"
"c2690","creator_40","Synthetic Item 2690",2750,"live","blog","2025-01-01"
"c2691","creator_41","Synthetic Item 2691",2751,"video","instagram","2025-01-01"
"c2692","creator_42","Synthetic Item 2692",2752,"article","tiktok","2025-01-01"
"c2693","creator_43","Synthetic Item 2693",2753,"short","twitch","2025-01-01"
"c2694","creator_44","Synthetic Item 2694",2754,"podcast","spotify","2025-01-01"
"c2695","creator_45","Synthetic Item 2695",2755,"live","youtube","2025-01-01"
"c2696","creator_46","Synthetic Item 2696",2756,"video","blog","2025-01-01"
"c2697","creator_47","Synthetic Item 2697",2757,"article","instagram","2025-01-01"
"c2698","creator_48","Synthetic Item 2698",2758,"short","tiktok","2025-01-01"
"c2699","creator_49","Synthetic Item 2699",2759,"podcast","twitch","2025-01-01"
"c2700","creator_50","Synthetic Item 2700",2760,"live","spotify","2025-01-01"
"c2701","creator_1","Synthetic Item 2701",2761,"video","youtube","2025-01-01"
"c2702","creator_2","Synthetic Item 2702",2762,"article","blog","2025-01-01"
"c2703","creator_3","Synthetic Item 2703",2763,"short","instagram","2025-01-01"
"c2704","creator_4","Synthetic Item 2704",2764,"podcast","tiktok","2025-01-01"
"c2705","creator_5","Synthetic Item 2705",2765,"live","twitch","2025-01-01"
"c2706","creator_6","Synthetic Item 2706",2766,"video","spotify","2025-01-01"
"c2707","creator_7","Synthetic Item 2707",2767,"article","youtube","2025-01-01"
"c2708","creator_8","Synthetic Item 2708",2768,"short","blog","2025-01-01"
"c2709","creator_9","Synthetic Item 2709",2769,"podcast","instagram","2025-01-01"
"c2710","creator_10","Synthetic Item 2710",2770,"live","tiktok","2025-01-01"
"c2711","creator_11","Synthetic Item 2711",2771,"video","twitch","2025-01-01"
"c2712","creator_12","Synthetic Item 2712",2772,"article","spotify","2025-01-01"
"c2713","creator_13","Synthetic Item 2713",2773,"short","youtube","2025-01-01"
"c2714","creator_14","Synthetic Item 2714",2774,"podcast","blog","2025-01-01"
"c2715","creator_15","Synthetic Item 2715",2775,"live","instagram","2025-01-01"
"c2716","creator_16","Synthetic Item 2716",2776,"video","tiktok","2025-01-01"
"c2717","creator_17","Synthetic Item 2717",2777,"article","twitch","2025-01-01"
"c2718","creator_18","Synthetic Item 2718",2778,"short","spotify","2025-01-01"
"c2719","creator_19","Synthetic Item 2719",2779,"podcast","youtube","2025-01-01"
"c2720","creator_20","Synthetic Item 2720",2780,"live","blog","2025-01-01"
"c2721","creator_21","Synthetic Item 2721",2781,"video","instagram","2025-01-01"
"c2722","creator_22","Synthetic Item 2722",2782,"article","tiktok","2025-01-01"
"c2723","creator_23","Synthetic Item 2723",2783,"short","twitch","2025-01-01"
"c2724","creator_24","Synthetic Item 2724",2784,"podcast","spotify","2025-01-01"
"c2725","creator_25","Synthetic Item 2725",2785,"live","youtube","2025-01-01"
"c2726","creator_26","Synthetic Item 2726",2786,"video","blog","2025-01-01"
"c2727","creator_27","Synthetic Item 2727",2787,"article","instagram","2025-01-01"
"c2728","creator_28","Synthetic Item 2728",2788,"short","tiktok","2025-01-01"
"c2729","creator_29","Synthetic Item 2729",2789,"podcast","twitch","2025-01-01"
"c2730","creator_30","Synthetic Item 2730",2790,"live","spotify","2025-01-01"
"c2731","creator_31","Synthetic Item 2731",2791,"video","youtube","2025-01-01"
"c2732","creator_32","Synthetic Item 2732",2792,"article","blog","2025-01-01"
"c2733","creator_33","Synthetic Item 2733",2793,"short","instagram","2025-01-01"
"c2734","creator_34","Synthetic Item 2734",2794,"podcast","tiktok","2025-01-01"
"c2735","creator_35","Synthetic Item 2735",2795,"live","twitch","2025-01-01"
"c2736","creator_36","Synthetic Item 2736",2796,"video","spotify","2025-01-01"
"c2737","creator_37","Synthetic Item 2737",2797,"article","youtube","2025-01-01"
"c2738","creator_38","Synthetic Item 2738",2798,"short","blog","2025-01-01"
"c2739","creator_39","Synthetic Item 2739",2799,"podcast","instagram","2025-01-01"
"c2740","creator_40","Synthetic Item 2740",2800,"live","tiktok","2025-01-01"
"c2741","creator_41","Synthetic Item 2741",2801,"video","twitch","2025-01-01"
"c2742","creator_42","Synthetic Item 2742",2802,"article","spotify","2025-01-01"
"c2743","creator_43","Synthetic Item 2743",2803,"short","youtube","2025-01-01"
"c2744","creator_44","Synthetic Item 2744",2804,"podcast","blog","2025-01-01"
"c2745","creator_45","Synthetic Item 2745",2805,"live","instagram","2025-01-01"
"c2746","creator_46","Synthetic Item 2746",2806,"video","tiktok","2025-01-01"
"c2747","creator_47","Synthetic Item 2747",2807,"article","twitch","2025-01-01"
"c2748","creator_48","Synthetic Item 2748",2808,"short","spotify","2025-01-01"
"c2749","creator_49","Synthetic Item 2749",2809,"podcast","youtube","2025-01-01"
"c2750","creator_50","Synthetic Item 2750",2810,"live","blog","2025-01-01"
"c2751","creator_1","Synthetic Item 2751",2811,"video","instagram","2025-01-01"
"c2752","creator_2","Synthetic Item 2752",2812,"article","tiktok","2025-01-01"
"c2753","creator_3","Synthetic Item 2753",2813,"short","twitch","2025-01-01"
"c2754","creator_4","Synthetic Item 2754",2814,"podcast","spotify","2025-01-01"
"c2755","creator_5","Synthetic Item 2755",2815,"live","youtube","2025-01-01"
"c2756","creator_6","Synthetic Item 2756",2816,"video","blog","2025-01-01"
"c2757","creator_7","Synthetic Item 2757",2817,"article","instagram","2025-01-01"
"c2758","creator_8","Synthetic Item 2758",2818,"short","tiktok","2025-01-01"
"c2759","creator_9","Synthetic Item 2759",2819,"podcast","twitch","2025-01-01"
"c2760","creator_10","Synthetic Item 2760",2820,"live","spotify","2025-01-01"
"c2761","creator_11","Synthetic Item 2761",2821,"video","youtube","2025-01-01"
"c2762","creator_12","Synthetic Item 2762",2822,"article","blog","2025-01-01"
"c2763","creator_13","Synthetic Item 2763",2823,"short","instagram","2025-01-01"
"c2764","creator_14","Synthetic Item 2764",2824,"podcast","tiktok","2025-01-01"
"c2765","creator_15","Synthetic Item 2765",2825,"live","twitch","2025-01-01"
"c2766","creator_16","Synthetic Item 2766",2826,"video","spotify","2025-01-01"
"c2767","creator_17","Synthetic Item 2767",2827,"article","youtube","2025-01-01"
"c2768","creator_18","Synthetic Item 2768",2828,"short","blog","2025-01-01"
"c2769","creator_19","Synthetic Item 2769",2829,"podcast","instagram","2025-01-01"
"c2770","creator_20","Synthetic Item 2770",2830,"live","tiktok","2025-01-01"
"c2771","creator_21","Synthetic Item 2771",2831,"video","twitch","2025-01-01"
"c2772","creator_22","Synthetic Item 2772",2832,"article","spotify","2025-01-01"
"c2773","creator_23","Synthetic Item 2773",2833,"short","youtube","2025-01-01"
"c2774","creator_24","Synthetic Item 2774",2834,"podcast","blog","2025-01-01"
"c2775","creator_25","Synthetic Item 2775",2835,"live","instagram","2025-01-01"
"c2776","creator_26","Synthetic Item 2776",2836,"video","tiktok","2025-01-01"
"c2777","creator_27","Synthetic Item 2777",2837,"article","twitch","2025-01-01"
"c2778","creator_28","Synthetic Item 2778",2838,"short","spotify","2025-01-01"
"c2779","creator_29","Synthetic Item 2779",2839,"podcast","youtube","2025-01-01"
"c2780","creator_30","Synthetic Item 2780",2840,"live","blog","2025-01-01"
"c2781","creator_31","Synthetic Item 2781",2841,"video","instagram","2025-01-01"
"c2782","creator_32","Synthetic Item 2782",2842,"article","tiktok","2025-01-01"
"c2783","creator_33","Synthetic Item 2783",2843,"short","twitch","2025-01-01"
"c2784","creator_34","Synthetic Item 2784",2844,"podcast","spotify","2025-01-01"
"c2785","creator_35","Synthetic Item 2785",2845,"live","youtube","2025-01-01"
"c2786","creator_36","Synthetic Item 2786",2846,"video","blog","2025-01-01"
"c2787","creator_37","Synthetic Item 2787",2847,"article","instagram","2025-01-01"
"c2788","creator_38","Synthetic Item 2788",2848,"short","tiktok","2025-01-01"
"c2789","creator_39","Synthetic Item 2789",2849,"podcast","twitch","2025-01-01"
"c2790","creator_40","Synthetic Item 2790",2850,"live","spotify","2025-01-01"
"c2791","creator_41","Synthetic Item 2791",2851,"video","youtube","2025-01-01"
"c2792","creator_42","Synthetic Item 2792",2852,"article","blog","2025-01-01"
"c2793","creator_43","Synthetic Item 2793",2853,"short","instagram","2025-01-01"
"c2794","creator_44","Synthetic Item 2794",2854,"podcast","tiktok","2025-01-01"
"c2795","creator_45","Synthetic Item 2795",2855,"live","twitch","2025-01-01"
"c2796","creator_46","Synthetic Item 2796",2856,"video","spotify","2025-01-01"
"c2797","creator_47","Synthetic Item 2797",2857,"article","youtube","2025-01-01"
"c2798","creator_48","Synthetic Item 2798",2858,"short","blog","2025-01-01"
"c2799","creator_49","Synthetic Item 2799",2859,"podcast","instagram","2025-01-01"
"c2800","creator_50","Synthetic Item 2800",2860,"live","tiktok","2025-01-01"
"c2801","creator_1","Synthetic Item 2801",2861,"video","twitch","2025-01-01"
"c2802","creator_2","Synthetic Item 2802",2862,"article","spotify","2025-01-01"
"c2803","creator_3","Synthetic Item 2803",2863,"short","youtube","2025-01-01"
"c2804","creator_4","Synthetic Item 2804",2864,"podcast","blog","2025-01-01"
"c2805","creator_5","Synthetic Item 2805",2865,"live","instagram","2025-01-01"
"c2806","creator_6","Synthetic Item 2806",2866,"video","tiktok","2025-01-01"
"c2807","creator_7","Synthetic Item 2807",2867,"article","twitch","2025-01-01"
"c2808","creator_8","Synthetic Item 2808",2868,"short","spotify","2025-01-01"
"c2809","creator_9","Synthetic Item 2809",2869,"podcast","youtube","2025-01-01"
"c2810","creator_10","Synthetic Item 2810",2870,"live","blog","2025-01-01"
"c2811","creator_11","Synthetic Item 2811",2871,"video","instagram","2025-01-01"
"c2812","creator_12","Synthetic Item 2812",2872,"article","tiktok","2025-01-01"
"c2813","creator_13","Synthetic Item 2813",2873,"short","twitch","2025-01-01"
"c2814","creator_14","Synthetic Item 2814",2874,"podcast","spotify","2025-01-01"
"c2815","creator_15","Synthetic Item 2815",2875,"live","youtube","2025-01-01"
"c2816","creator_16","Synthetic Item 2816",2876,"video","blog","2025-01-01"
"c2817","creator_17","Synthetic Item 2817",2877,"article","instagram","2025-01-01"
"c2818","creator_18","Synthetic Item 2818",2878,"short","tiktok","2025-01-01"
"c2819","creator_19","Synthetic Item 2819",2879,"podcast","twitch","2025-01-01"
"c2820","creator_20","Synthetic Item 2820",2880,"live","spotify","2025-01-01"
"c2821","creator_21","Synthetic Item 2821",2881,"video","youtube","2025-01-01"
"c2822","creator_22","Synthetic Item 2822",2882,"article","blog","2025-01-01"
"c2823","creator_23","Synthetic Item 2823",2883,"short","instagram","2025-01-01"
"c2824","creator_24","Synthetic Item 2824",2884,"podcast","tiktok","2025-01-01"
"c2825","creator_25","Synthetic Item 2825",2885,"live","twitch","2025-01-01"
"c2826","creator_26","Synthetic Item 2826",2886,"video","spotify","2025-01-01"
"c2827","creator_27","Synthetic Item 2827",2887,"article","youtube","2025-01-01"
"c2828","creator_28","Synthetic Item 2828",2888,"short","blog","2025-01-01"
"c2829","creator_29","Synthetic Item 2829",2889,"podcast","instagram","2025-01-01"
"c2830","creator_30","Synthetic Item 2830",2890,"live","tiktok","2025-01-01"
"c2831","creator_31","Synthetic Item 2831",2891,"video","twitch","2025-01-01"
"c2832","creator_32","Synthetic Item 2832",2892,"article","spotify","2025-01-01"
"c2833","creator_33","Synthetic Item 2833",2893,"short","youtube","2025-01-01"
"c2834","creator_34","Synthetic Item 2834",2894,"podcast","blog","2025-01-01"
"c2835","creator_35","Synthetic Item 2835",2895,"live","instagram","2025-01-01"
"c2836","creator_36","Synthetic Item 2836",2896,"video","tiktok","2025-01-01"
"c2837","creator_37","Synthetic Item 2837",2897,"article","twitch","2025-01-01"
"c2838","creator_38","Synthetic Item 2838",2898,"short","spotify","2025-01-01"
"c2839","creator_39","Synthetic Item 2839",2899,"podcast","youtube","2025-01-01"
"c2840","creator_40","Synthetic Item 2840",2900,"live","blog","2025-01-01"
"c2841","creator_41","Synthetic Item 2841",2901,"video","instagram","2025-01-01"
"c2842","creator_42","Synthetic Item 2842",2902,"article","tiktok","2025-01-01"
"c2843","creator_43","Synthetic Item 2843",2903,"short","twitch","2025-01-01"
"c2844","creator_44","Synthetic Item 2844",2904,"podcast","spotify","2025-01-01"
"c2845","creator_45","Synthetic Item 2845",2905,"live","youtube","2025-01-01"
"c2846","creator_46","Synthetic Item 2846",2906,"video","blog","2025-01-01"
"c2847","creator_47","Synthetic Item 2847",2907,"article","instagram","2025-01-01"
"c2848","creator_48","Synthetic Item 2848",2908,"short","tiktok","2025-01-01"
"c2849","creator_49","Synthetic Item 2849",2909,"podcast","twitch","2025-01-01"
"c2850","creator_50","Synthetic Item 2850",2910,"live","spotify","2025-01-01"
"c2851","creator_1","Synthetic Item 2851",2911,"video","youtube","2025-01-01"
"c2852","creator_2","Synthetic Item 2852",2912,"article","blog","2025-01-01"
"c2853","creator_3","Synthetic Item 2853",2913,"short","instagram","2025-01-01"
"c2854","creator_4","Synthetic Item 2854",2914,"podcast","tiktok","2025-01-01"
"c2855","creator_5","Synthetic Item 2855",2915,"live","twitch","2025-01-01"
"c2856","creator_6","Synthetic Item 2856",2916,"video","spotify","2025-01-01"
"c2857","creator_7","Synthetic Item 2857",2917,"article","youtube","2025-01-01"
"c2858","creator_8","Synthetic Item 2858",2918,"short","blog","2025-01-01"
"c2859","creator_9","Synthetic Item 2859",2919,"podcast","instagram","2025-01-01"
"c2860","creator_10","Synthetic Item 2860",2920,"live","tiktok","2025-01-01"
"c2861","creator_11","Synthetic Item 2861",2921,"video","twitch","2025-01-01"
"c2862","creator_12","Synthetic Item 2862",2922,"article","spotify","2025-01-01"
"c2863","creator_13","Synthetic Item 2863",2923,"short","youtube","2025-01-01"
"c2864","creator_14","Synthetic Item 2864",2924,"podcast","blog","2025-01-01"
"c2865","creator_15","Synthetic Item 2865",2925,"live","instagram","2025-01-01"
"c2866","creator_16","Synthetic Item 2866",2926,"video","tiktok","2025-01-01"
"c2867","creator_17","Synthetic Item 2867",2927,"article","twitch","2025-01-01"
"c2868","creator_18","Synthetic Item 2868",2928,"short","spotify","2025-01-01"
"c2869","creator_19","Synthetic Item 2869",2929,"podcast","youtube","2025-01-01"
"c2870","creator_20","Synthetic Item 2870",2930,"live","blog","2025-01-01"
"c2871","creator_21","Synthetic Item 2871",2931,"video","instagram","2025-01-01"
"c2872","creator_22","Synthetic Item 2872",2932,"article","tiktok","2025-01-01"
"c2873","creator_23","Synthetic Item 2873",2933,"short","twitch","2025-01-01"
"c2874","creator_24","Synthetic Item 2874",2934,"podcast","spotify","2025-01-01"
"c2875","creator_25","Synthetic Item 2875",2935,"live","youtube","2025-01-01"
"c2876","creator_26","Synthetic Item 2876",2936,"video","blog","2025-01-01"
"c2877","creator_27","Synthetic Item 2877",2937,"article","instagram","2025-01-01"
"c2878","creator_28","Synthetic Item 2878",2938,"short","tiktok","2025-01-01"
"c2879","creator_29","Synthetic Item 2879",2939,"podcast","twitch","2025-01-01"
"c2880","creator_30","Synthetic Item 2880",2940,"live","spotify","2025-01-01"
"c2881","creator_31","Synthetic Item 2881",2941,"video","youtube","2025-01-01"
"c2882","creator_32","Synthetic Item 2882",2942,"article","blog","2025-01-01"
"c2883","creator_33","Synthetic Item 2883",2943,"short","instagram","2025-01-01"
"c2884","creator_34","Synthetic Item 2884",2944,"podcast","tiktok","2025-01-01"
"c2885","creator_35","Synthetic Item 2885",2945,"live","twitch","2025-01-01"
"c2886","creator_36","Synthetic Item 2886",2946,"video","spotify","2025-01-01"
"c2887","creator_37","Synthetic Item 2887",2947,"article","youtube","2025-01-01"
"c2888","creator_38","Synthetic Item 2888",2948,"short","blog","2025-01-01"
"c2889","creator_39","Synthetic Item 2889",2949,"podcast","instagram","2025-01-01"
"c2890","creator_40","Synthetic Item 2890",2950,"live","tiktok","2025-01-01"
"c2891","creator_41","Synthetic Item 2891",2951,"video","twitch","2025-01-01"
"c2892","creator_42","Synthetic Item 2892",2952,"article","spotify","2025-01-01"
"c2893","creator_43","Synthetic Item 2893",2953,"short","youtube","2025-01-01"
"c2894","creator_44","Synthetic Item 2894",2954,"podcast","blog","2025-01-01"
"c2895","creator_45","Synthetic Item 2895",2955,"live","instagram","2025-01-01"
"c2896","creator_46","Synthetic Item 2896",2956,"video","tiktok","2025-01-01"
"c2897","creator_47","Synthetic Item 2897",2957,"article","twitch","2025-01-01"
"c2898","creator_48","Synthetic Item 2898",2958,"short","spotify","2025-01-01"
"c2899","creator_49","Synthetic Item 2899",2959,"podcast","youtube","2025-01-01"
"c2900","creator_50","Synthetic Item 2900",2960,"live","blog","2025-01-01"
"c2901","creator_1","Synthetic Item 2901",2961,"video","instagram","2025-01-01"
"c2902","creator_2","Synthetic Item 2902",2962,"article","tiktok","2025-01-01"
"c2903","creator_3","Synthetic Item 2903",2963,"short","twitch","2025-01-01"
"c2904","creator_4","Synthetic Item 2904",2964,"podcast","spotify","2025-01-01"
"c2905","creator_5","Synthetic Item 2905",2965,"live","youtube","2025-01-01"
"c2906","creator_6","Synthetic Item 2906",2966,"video","blog","2025-01-01"
"c2907","creator_7","Synthetic Item 2907",2967,"article","instagram","2025-01-01"
"c2908","creator_8","Synthetic Item 2908",2968,"short","tiktok","2025-01-01"
"c2909","creator_9","Synthetic Item 2909",2969,"podcast","twitch","2025-01-01"
"c2910","creator_10","Synthetic Item 2910",2970,"live","spotify","2025-01-01"
"c2911","creator_11","Synthetic Item 2911",2971,"video","youtube","2025-01-01"
"c2912","creator_12","Synthetic Item 2912",2972,"article","blog","2025-01-01"
"c2913","creator_13","Synthetic Item 2913",2973,"short","instagram","2025-01-01"
"c2914","creator_14","Synthetic Item 2914",2974,"podcast","tiktok","2025-01-01"
"c2915","creator_15","Synthetic Item 2915",2975,"live","twitch","2025-01-01"
"c2916","creator_16","Synthetic Item 2916",2976,"video","spotify","2025-01-01"
"c2917","creator_17","Synthetic Item 2917",2977,"article","youtube","2025-01-01"
"c2918","creator_18","Synthetic Item 2918",2978,"short","blog","2025-01-01"
"c2919","creator_19","Synthetic Item 2919",2979,"podcast","instagram","2025-01-01"
"c2920","creator_20","Synthetic Item 2920",2980,"live","tiktok","2025-01-01"
"c2921","creator_21","Synthetic Item 2921",2981,"video","twitch","2025-01-01"
"c2922","creator_22","Synthetic Item 2922",2982,"article","spotify","2025-01-01"
"c2923","creator_23","Synthetic Item 2923",2983,"short","youtube","2025-01-01"
"c2924","creator_24","Synthetic Item 2924",2984,"podcast","blog","2025-01-01"
"c2925","creator_25","Synthetic Item 2925",2985,"live","instagram","2025-01-01"
"c2926","creator_26","Synthetic Item 2926",2986,"video","tiktok","2025-01-01"
"c2927","creator_27","Synthetic Item 2927",2987,"article","twitch","2025-01-01"
"c2928","creator_28","Synthetic Item 2928",2988,"short","spotify","2025-01-01"
"c2929","creator_29","Synthetic Item 2929",2989,"podcast","youtube","2025-01-01"
"c2930","creator_30","Synthetic Item 2930",2990,"live","blog","2025-01-01"
"c2931","creator_31","Synthetic Item 2931",2991,"video","instagram","2025-01-01"
"c2932","creator_32","Synthetic Item 2932",2992,"article","tiktok","2025-01-01"
"c2933","creator_33","Synthetic Item 2933",2993,"short","twitch","2025-01-01"
"c2934","creator_34","Synthetic Item 2934",2994,"podcast","spotify","2025-01-01"
"c2935","creator_35","Synthetic Item 2935",2995,"live","youtube","2025-01-01"
"c2936","creator_36","Synthetic Item 2936",2996,"video","blog","2025-01-01"
"c2937","creator_37","Synthetic Item 2937",2997,"article","instagram","2025-01-01"
"c2938","creator_38","Synthetic Item 2938",2998,"short","tiktok","2025-01-01"
"c2939","creator_39","Synthetic Item 2939",2999,"podcast","twitch","2025-01-01"
"c2940","creator_40","Synthetic Item 2940",3000,"live","spotify","2025-01-01"
"c2941","creator_41","Synthetic Item 2941",3001,"video","youtube","2025-01-01"
"c2942","creator_42","Synthetic Item 2942",3002,"article","blog","2025-01-01"
"c2943","creator_43","Synthetic Item 2943",3003,"short","instagram","2025-01-01"
"c2944","creator_44","Synthetic Item 2944",3004,"podcast","tiktok","2025-01-01"
"c2945","creator_45","Synthetic Item 2945",3005,"live","twitch","2025-01-01"
"c2946","creator_46","Synthetic Item 2946",3006,"video","spotify","2025-01-01"
"c2947","creator_47","Synthetic Item 2947",3007,"article","youtube","2025-01-01"
"c2948","creator_48","Synthetic Item 2948",3008,"short","blog","2025-01-01"
"c2949","creator_49","Synthetic Item 2949",3009,"podcast","instagram","2025-01-01"
"c2950","creator_50","Synthetic Item 2950",3010,"live","tiktok","2025-01-01"
"c2951","creator_1","Synthetic Item 2951",3011,"video","twitch","2025-01-01"
"c2952","creator_2","Synthetic Item 2952",3012,"article","spotify","2025-01-01"
"c2953","creator_3","Synthetic Item 2953",3013,"short","youtube","2025-01-01"
"c2954","creator_4","Synthetic Item 2954",3014,"podcast","blog","2025-01-01"
"c2955","creator_5","Synthetic Item 2955",3015,"live","instagram","2025-01-01"
"c2956","creator_6","Synthetic Item 2956",3016,"video","tiktok","2025-01-01"
"c2957","creator_7","Synthetic Item 2957",3017,"article","twitch","2025-01-01"
"c2958","creator_8","Synthetic Item 2958",3018,"short","spotify","2025-01-01"
"c2959","creator_9","Synthetic Item 2959",3019,"podcast","youtube","2025-01-01"
"c2960","creator_10","Synthetic Item 2960",3020,"live","blog","2025-01-01"
"c2961","creator_11","Synthetic Item 2961",3021,"video","instagram","2025-01-01"
"c2962","creator_12","Synthetic Item 2962",3022,"article","tiktok","2025-01-01"
"c2963","creator_13","Synthetic Item 2963",3023,"short","twitch","2025-01-01"
"c2964","creator_14","Synthetic Item 2964",3024,"podcast","spotify","2025-01-01"
"c2965","creator_15","Synthetic Item 2965",3025,"live","youtube","2025-01-01"
"c2966","creator_16","Synthetic Item 2966",3026,"video","blog","2025-01-01"
"c2967","creator_17","Synthetic Item 2967",3027,"article","instagram","2025-01-01"
"c2968","creator_18","Synthetic Item 2968",3028,"short","tiktok","2025-01-01"
"c2969","creator_19","Synthetic Item 2969",3029,"podcast","twitch","2025-01-01"
"c2970","creator_20","Synthetic Item 2970",3030,"live","spotify","2025-01-01"
"c2971","creator_21","Synthetic Item 2971",3031,"video","youtube","2025-01-01"
"c2972","creator_22","Synthetic Item 2972",3032,"article","blog","2025-01-01"
"c2973","creator_23","Synthetic Item 2973",3033,"short","instagram","2025-01-01"
"c2974","creator_24","Synthetic Item 2974",3034,"podcast","tiktok","2025-01-01"
"c2975","creator_25","Synthetic Item 2975",3035,"live","twitch","2025-01-01"
"c2976","creator_26","Synthetic Item 2976",3036,"video","spotify","2025-01-01"
"c2977","creator_27","Synthetic Item 2977",3037,"article","youtube","2025-01-01"
"c2978","creator_28","Synthetic Item 2978",3038,"short","blog","2025-01-01"
"c2979","creator_29","Synthetic Item 2979",3039,"podcast","instagram","2025-01-01"
"c2980","creator_30","Synthetic Item 2980",3040,"live","tiktok","2025-01-01"
"c2981","creator_31","Synthetic Item 2981",3041,"video","twitch","2025-01-01"
"c2982","creator_32","Synthetic Item 2982",3042,"article","spotify","2025-01-01"
"c2983","creator_33","Synthetic Item 2983",3043,"short","youtube","2025-01-01"
"c2984","creator_34","Synthetic Item 2984",3044,"podcast","blog","2025-01-01"
"c2985","creator_35","Synthetic Item 2985",3045,"live","instagram","2025-01-01"
"c2986","creator_36","Synthetic Item 2986",3046,"video","tiktok","2025-01-01"
"c2987","creator_37","Synthetic Item 2987",3047,"article","twitch","2025-01-01"
"c2988","creator_38","Synthetic Item 2988",3048,"short","spotify","2025-01-01"
"c2989","creator_39","Synthetic Item 2989",3049,"podcast","youtube","2025-01-01"
"c2990","creator_40","Synthetic Item 2990",3050,"live","blog","2025-01-01"
"c2991","creator_41","Synthetic Item 2991",3051,"video","instagram","2025-01-01"
"c2992","creator_42","Synthetic Item 2992",3052,"article","tiktok","2025-01-01"
"c2993","creator_43","Synthetic Item 2993",3053,"short","twitch","2025-01-01"
"c2994","creator_44","Synthetic Item 2994",3054,"podcast","spotify","2025-01-01"
"c2995","creator_45","Synthetic Item 2995",3055,"live","youtube","2025-01-01"
"c2996","creator_46","Synthetic Item 2996",3056,"video","blog","2025-01-01"
"c2997","creator_47","Synthetic Item 2997",3057,"article","instagram","2025-01-01"
"c2998","creator_48","Synthetic Item 2998",3058,"short","tiktok","2025-01-01"
"c2999","creator_49","Synthetic Item 2999",3059,"podcast","twitch","2025-01-01"
"c3000","creator_50","Synthetic Item 3000",3060,"live","spotify","2025-01-01"
"c3001","creator_1","Synthetic Item 3001",3061,"video","youtube","2025-01-01"
"c3002","creator_2","Synthetic Item 3002",3062,"article","blog","2025-01-01"
"c3003","creator_3","Synthetic Item 3003",3063,"short","instagram","2025-01-01"
"c3004","creator_4","Synthetic Item 3004",3064,"podcast","tiktok","2025-01-01"
"c3005","creator_5","Synthetic Item 3005",3065,"live","twitch","2025-01-01"
"c3006","creator_6","Synthetic Item 3006",3066,"video","spotify","2025-01-01"
"c3007","creator_7","Synthetic Item 3007",3067,"article","youtube","2025-01-01"
"c3008","creator_8","Synthetic Item 3008",3068,"short","blog","2025-01-01"
"c3009","creator_9","Synthetic Item 3009",3069,"podcast","instagram","2025-01-01"
"c3010","creator_10","Synthetic Item 3010",3070,"live","tiktok","2025-01-01"
"c3011","creator_11","Synthetic Item 3011",3071,"video","twitch","2025-01-01"
"c3012","creator_12","Synthetic Item 3012",3072,"article","spotify","2025-01-01"
"c3013","creator_13","Synthetic Item 3013",3073,"short","youtube","2025-01-01"
"c3014","creator_14","Synthetic Item 3014",3074,"podcast","blog","2025-01-01"
"c3015","creator_15","Synthetic Item 3015",3075,"live","instagram","2025-01-01"
"c3016","creator_16","Synthetic Item 3016",3076,"video","tiktok","2025-01-01"
"c3017","creator_17","Synthetic Item 3017",3077,"article","twitch","2025-01-01"
"c3018","creator_18","Synthetic Item 3018",3078,"short","spotify","2025-01-01"
"c3019","creator_19","Synthetic Item 3019",3079,"podcast","youtube","2025-01-01"
"c3020","creator_20","Synthetic Item 3020",3080,"live","blog","2025-01-01"
"c3021","creator_21","Synthetic Item 3021",3081,"video","instagram","2025-01-01"
"c3022","creator_22","Synthetic Item 3022",3082,"article","tiktok","2025-01-01"
"c3023","creator_23","Synthetic Item 3023",3083,"short","twitch","2025-01-01"
"c3024","creator_24","Synthetic Item 3024",3084,"podcast","spotify","2025-01-01"
"c3025","creator_25","Synthetic Item 3025",3085,"live","youtube","2025-01-01"
"c3026","creator_26","Synthetic Item 3026",3086,"video","blog","2025-01-01"
"c3027","creator_27","Synthetic Item 3027",3087,"article","instagram","2025-01-01"
"c3028","creator_28","Synthetic Item 3028",3088,"short","tiktok","2025-01-01"
"c3029","creator_29","Synthetic Item 3029",3089,"podcast","twitch","2025-01-01"
"c3030","creator_30","Synthetic Item 3030",3090,"live","spotify","2025-01-01"
"c3031","creator_31","Synthetic Item 3031",3091,"video","youtube","2025-01-01"
"c3032","creator_32","Synthetic Item 3032",3092,"article","blog","2025-01-01"
"c3033","creator_33","Synthetic Item 3033",3093,"short","instagram","2025-01-01"
"c3034","creator_34","Synthetic Item 3034",3094,"podcast","tiktok","2025-01-01"
"c3035","creator_35","Synthetic Item 3035",3095,"live","twitch","2025-01-01"
"c3036","creator_36","Synthetic Item 3036",3096,"video","spotify","2025-01-01"
"c3037","creator_37","Synthetic Item 3037",3097,"article","youtube","2025-01-01"
"c3038","creator_38","Synthetic Item 3038",3098,"short","blog","2025-01-01"
"c3039","creator_39","Synthetic Item 3039",3099,"podcast","instagram","2025-01-01"
"c3040","creator_40","Synthetic Item 3040",3100,"live","tiktok","2025-01-01"
"c3041","creator_41","Synthetic Item 3041",3101,"video","twitch","2025-01-01"
"c3042","creator_42","Synthetic Item 3042",3102,"article","spotify","2025-01-01"
"c3043","creator_43","Synthetic Item 3043",3103,"short","youtube","2025-01-01"
"c3044","creator_44","Synthetic Item 3044",3104,"podcast","blog","2025-01-01"
"c3045","creator_45","Synthetic Item 3045",3105,"live","instagram","2025-01-01"
"c3046","creator_46","Synthetic Item 3046",3106,"video","tiktok","2025-01-01"
"c3047","creator_47","Synthetic Item 3047",3107,"article","twitch","2025-01-01"
"c3048","creator_48","Synthetic Item 3048",3108,"short","spotify","2025-01-01"
"c3049","creator_49","Synthetic Item 3049",3109,"podcast","youtube","2025-01-01"
"c3050","creator_50","Synthetic Item 3050",3110,"live","blog","2025-01-01"
"c3051","creator_1","Synthetic Item 3051",3111,"video","instagram","2025-01-01"
"c3052","creator_2","Synthetic Item 3052",3112,"article","tiktok","2025-01-01"
"c3053","creator_3","Synthetic Item 3053",3113,"short","twitch","2025-01-01"
"c3054","creator_4","Synthetic Item 3054",3114,"podcast","spotify","2025-01-01"
"c3055","creator_5","Synthetic Item 3055",3115,"live","youtube","2025-01-01"
"c3056","creator_6","Synthetic Item 3056",3116,"video","blog","2025-01-01"
"c3057","creator_7","Synthetic Item 3057",3117,"article","instagram","2025-01-01"
"c3058","creator_8","Synthetic Item 3058",3118,"short","tiktok","2025-01-01"
"c3059","creator_9","Synthetic Item 3059",3119,"podcast","twitch","2025-01-01"
"c3060","creator_10","Synthetic Item 3060",3120,"live","spotify","2025-01-01"
"c3061","creator_11","Synthetic Item 3061",3121,"video","youtube","2025-01-01"
"c3062","creator_12","Synthetic Item 3062",3122,"article","blog","2025-01-01"
"c3063","creator_13","Synthetic Item 3063",3123,"short","instagram","2025-01-01"
"c3064","creator_14","Synthetic Item 3064",3124,"podcast","tiktok","2025-01-01"
"c3065","creator_15","Synthetic Item 3065",3125,"live","twitch","2025-01-01"
"c3066","creator_16","Synthetic Item 3066",3126,"video","spotify","2025-01-01"
"c3067","creator_17","Synthetic Item 3067",3127,"article","youtube","2025-01-01"
"c3068","creator_18","Synthetic Item 3068",3128,"short","blog","2025-01-01"
"c3069","creator_19","Synthetic Item 3069",3129,"podcast","instagram","2025-01-01"
"c3070","creator_20","Synthetic Item 3070",3130,"live","tiktok","2025-01-01"
"c3071","creator_21","Synthetic Item 3071",3131,"video","twitch","2025-01-01"
"c3072","creator_22","Synthetic Item 3072",3132,"article","spotify","2025-01-01"
"c3073","creator_23","Synthetic Item 3073",3133,"short","youtube","2025-01-01"
"c3074","creator_24","Synthetic Item 3074",3134,"podcast","blog","2025-01-01"
"c3075","creator_25","Synthetic Item 3075",3135,"live","instagram","2025-01-01"
"c3076","creator_26","Synthetic Item 3076",3136,"video","tiktok","2025-01-01"
"c3077","creator_27","Synthetic Item 3077",3137,"article","twitch","2025-01-01"
"c3078","creator_28","Synthetic Item 3078",3138,"short","spotify","2025-01-01"
"c3079","creator_29","Synthetic Item 3079",3139,"podcast","youtube","2025-01-01"
"c3080","creator_30","Synthetic Item 3080",3140,"live","blog","2025-01-01"
"c3081","creator_31","Synthetic Item 3081",3141,"video","instagram","2025-01-01"
"c3082","creator_32","Synthetic Item 3082",3142,"article","tiktok","2025-01-01"
"c3083","creator_33","Synthetic Item 3083",3143,"short","twitch","2025-01-01"
"c3084","creator_34","Synthetic Item 3084",3144,"podcast","spotify","2025-01-01"
"c3085","creator_35","Synthetic Item 3085",3145,"live","youtube","2025-01-01"
"c3086","creator_36","Synthetic Item 3086",3146,"video","blog","2025-01-01"
"c3087","creator_37","Synthetic Item 3087",3147,"article","instagram","2025-01-01"
"c3088","creator_38","Synthetic Item 3088",3148,"short","tiktok","2025-01-01"
"c3089","creator_39","Synthetic Item 3089",3149,"podcast","twitch","2025-01-01"
"c3090","creator_40","Synthetic Item 3090",3150,"live","spotify","2025-01-01"
"c3091","creator_41","Synthetic Item 3091",3151,"video","youtube","2025-01-01"
"c3092","creator_42","Synthetic Item 3092",3152,"article","blog","2025-01-01"
"c3093","creator_43","Synthetic Item 3093",3153,"short","instagram","2025-01-01"
"c3094","creator_44","Synthetic Item 3094",3154,"podcast","tiktok","2025-01-01"
"c3095","creator_45","Synthetic Item 3095",3155,"live","twitch","2025-01-01"
"c3096","creator_46","Synthetic Item 3096",3156,"video","spotify","2025-01-01"
"c3097","creator_47","Synthetic Item 3097",3157,"article","youtube","2025-01-01"
"c3098","creator_48","Synthetic Item 3098",3158,"short","blog","2025-01-01"
"c3099","creator_49","Synthetic Item 3099",3159,"podcast","instagram","2025-01-01"
"c3100","creator_50","Synthetic Item 3100",3160,"live","tiktok","2025-01-01"
"c3101","creator_1","Synthetic Item 3101",3161,"video","twitch","2025-01-01"
"c3102","creator_2","Synthetic Item 3102",3162,"article","spotify","2025-01-01"
"c3103","creator_3","Synthetic Item 3103",3163,"short","youtube","2025-01-01"
"c3104","creator_4","Synthetic Item 3104",3164,"podcast","blog","2025-01-01"
"c3105","creator_5","Synthetic Item 3105",3165,"live","instagram","2025-01-01"
"c3106","creator_6","Synthetic Item 3106",3166,"video","tiktok","2025-01-01"
"c3107","creator_7","Synthetic Item 3107",3167,"article","twitch","2025-01-01"
"c3108","creator_8","Synthetic Item 3108",3168,"short","spotify","2025-01-01"
"c3109","creator_9","Synthetic Item 3109",3169,"podcast","youtube","2025-01-01"
"c3110","creator_10","Synthetic Item 3110",3170,"live","blog","2025-01-01"
"c3111","creator_11","Synthetic Item 3111",3171,"video","instagram","2025-01-01"
"c3112","creator_12","Synthetic Item 3112",3172,"article","tiktok","2025-01-01"
"c3113","creator_13","Synthetic Item 3113",3173,"short","twitch","2025-01-01"
"c3114","creator_14","Synthetic Item 3114",3174,"podcast","spotify","2025-01-01"
"c3115","creator_15","Synthetic Item 3115",3175,"live","youtube","2025-01-01"
"c3116","creator_16","Synthetic Item 3116",3176,"video","blog","2025-01-01"
"c3117","creator_17","Synthetic Item 3117",3177,"article","instagram","2025-01-01"
"c3118","creator_18","Synthetic Item 3118",3178,"short","tiktok","2025-01-01"
"c3119","creator_19","Synthetic Item 3119",3179,"podcast","twitch","2025-01-01"
"c3120","creator_20","Synthetic Item 3120",3180,"live","spotify","2025-01-01"
"c3121","creator_21","Synthetic Item 3121",3181,"video","youtube","2025-01-01"
"c3122","creator_22","Synthetic Item 3122",3182,"article","blog","2025-01-01"
"c3123","creator_23","Synthetic Item 3123",3183,"short","instagram","2025-01-01"
"c3124","creator_24","Synthetic Item 3124",3184,"podcast","tiktok","2025-01-01"
"c3125","creator_25","Synthetic Item 3125",3185,"live","twitch","2025-01-01"
"c3126","creator_26","Synthetic Item 3126",3186,"video","spotify","2025-01-01"
"c3127","creator_27","Synthetic Item 3127",3187,"article","youtube","2025-01-01"
"c3128","creator_28","Synthetic Item 3128",3188,"short","blog","2025-01-01"
"c3129","creator_29","Synthetic Item 3129",3189,"podcast","instagram","2025-01-01"
"c3130","creator_30","Synthetic Item 3130",3190,"live","tiktok","2025-01-01"
"c3131","creator_31","Synthetic Item 3131",3191,"video","twitch","2025-01-01"
"c3132","creator_32","Synthetic Item 3132",3192,"article","spotify","2025-01-01"
"c3133","creator_33","Synthetic Item 3133",3193,"short","youtube","2025-01-01"
"c3134","creator_34","Synthetic Item 3134",3194,"podcast","blog","2025-01-01"
"c3135","creator_35","Synthetic Item 3135",3195,"live","instagram","2025-01-01"
"c3136","creator_36","Synthetic Item 3136",3196,"video","tiktok","2025-01-01"
"c3137","creator_37","Synthetic Item 3137",3197,"article","twitch","2025-01-01"
"c3138","creator_38","Synthetic Item 3138",3198,"short","spotify","2025-01-01"
"c3139","creator_39","Synthetic Item 3139",3199,"podcast","youtube","2025-01-01"
"c3140","creator_40","Synthetic Item 3140",3200,"live","blog","2025-01-01"
"c3141","creator_41","Synthetic Item 3141",3201,"video","instagram","2025-01-01"
"c3142","creator_42","Synthetic Item 3142",3202,"article","tiktok","2025-01-01"
"c3143","creator_43","Synthetic Item 3143",3203,"short","twitch","2025-01-01"
"c3144","creator_44","Synthetic Item 3144",3204,"podcast","spotify","2025-01-01"
"c3145","creator_45","Synthetic Item 3145",3205,"live","youtube","2025-01-01"
"c3146","creator_46","Synthetic Item 3146",3206,"video","blog","2025-01-01"
"c3147","creator_47","Synthetic Item 3147",3207,"article","instagram","2025-01-01"
"c3148","creator_48","Synthetic Item 3148",3208,"short","tiktok","2025-01-01"
"c3149","creator_49","Synthetic Item 3149",3209,"podcast","twitch","2025-01-01"
"c3150","creator_50","Synthetic Item 3150",3210,"live","spotify","2025-01-01"
"c3151","creator_1","Synthetic Item 3151",3211,"video","youtube","2025-01-01"
"c3152","creator_2","Synthetic Item 3152",3212,"article","blog","2025-01-01"
"c3153","creator_3","Synthetic Item 3153",3213,"short","instagram","2025-01-01"
"c3154","creator_4","Synthetic Item 3154",3214,"podcast","tiktok","2025-01-01"
"c3155","creator_5","Synthetic Item 3155",3215,"live","twitch","2025-01-01"
"c3156","creator_6","Synthetic Item 3156",3216,"video","spotify","2025-01-01"
"c3157","creator_7","Synthetic Item 3157",3217,"article","youtube","2025-01-01"
"c3158","creator_8","Synthetic Item 3158",3218,"short","blog","2025-01-01"
"c3159","creator_9","Synthetic Item 3159",3219,"podcast","instagram","2025-01-01"
"c3160","creator_10","Synthetic Item 3160",3220,"live","tiktok","2025-01-01"
"c3161","creator_11","Synthetic Item 3161",3221,"video","twitch","2025-01-01"
"c3162","creator_12","Synthetic Item 3162",3222,"article","spotify","2025-01-01"
"c3163","creator_13","Synthetic Item 3163",3223,"short","youtube","2025-01-01"
"c3164","creator_14","Synthetic Item 3164",3224,"podcast","blog","2025-01-01"
"c3165","creator_15","Synthetic Item 3165",3225,"live","instagram","2025-01-01"
"c3166","creator_16","Synthetic Item 3166",3226,"video","tiktok","2025-01-01"
"c3167","creator_17","Synthetic Item 3167",3227,"article","twitch","2025-01-01"
"c3168","creator_18","Synthetic Item 3168",3228,"short","spotify","2025-01-01"
"c3169","creator_19","Synthetic Item 3169",3229,"podcast","youtube","2025-01-01"
"c3170","creator_20","Synthetic Item 3170",3230,"live","blog","2025-01-01"
"c3171","creator_21","Synthetic Item 3171",3231,"video","instagram","2025-01-01"
"c3172","creator_22","Synthetic Item 3172",3232,"article","tiktok","2025-01-01"
"c3173","creator_23","Synthetic Item 3173",3233,"short","twitch","2025-01-01"
"c3174","creator_24","Synthetic Item 3174",3234,"podcast","spotify","2025-01-01"
"c3175","creator_25","Synthetic Item 3175",3235,"live","youtube","2025-01-01"
"c3176","creator_26","Synthetic Item 3176",3236,"video","blog","2025-01-01"
"c3177","creator_27","Synthetic Item 3177",3237,"article","instagram","2025-01-01"
"c3178","creator_28","Synthetic Item 3178",3238,"short","tiktok","2025-01-01"
"c3179","creator_29","Synthetic Item 3179",3239,"podcast","twitch","2025-01-01"
"c3180","creator_30","Synthetic Item 3180",3240,"live","spotify","2025-01-01"
"c3181","creator_31","Synthetic Item 3181",3241,"video","youtube","2025-01-01"
"c3182","creator_32","Synthetic Item 3182",3242,"article","blog","2025-01-01"
"c3183","creator_33","Synthetic Item 3183",3243,"short","instagram","2025-01-01"
"c3184","creator_34","Synthetic Item 3184",3244,"podcast","tiktok","2025-01-01"
"c3185","creator_35","Synthetic Item 3185",3245,"live","twitch","2025-01-01"
"c3186","creator_36","Synthetic Item 3186",3246,"video","spotify","2025-01-01"
"c3187","creator_37","Synthetic Item 3187",3247,"article","youtube","2025-01-01"
"c3188","creator_38","Synthetic Item 3188",3248,"short","blog","2025-01-01"
"c3189","creator_39","Synthetic Item 3189",3249,"podcast","instagram","2025-01-01"
"c3190","creator_40","Synthetic Item 3190",3250,"live","tiktok","2025-01-01"
"c3191","creator_41","Synthetic Item 3191",3251,"video","twitch","2025-01-01"
"c3192","creator_42","Synthetic Item 3192",3252,"article","spotify","2025-01-01"
"c3193","creator_43","Synthetic Item 3193",3253,"short","youtube","2025-01-01"
"c3194","creator_44","Synthetic Item 3194",3254,"podcast","blog","2025-01-01"
"c3195","creator_45","Synthetic Item 3195",3255,"live","instagram","2025-01-01"
"c3196","creator_46","Synthetic Item 3196",3256,"video","tiktok","2025-01-01"
"c3197","creator_47","Synthetic Item 3197",3257,"article","twitch","2025-01-01"
"c3198","creator_48","Synthetic Item 3198",3258,"short","spotify","2025-01-01"
"c3199","creator_49","Synthetic Item 3199",3259,"podcast","youtube","2025-01-01"
"c3200","creator_50","Synthetic Item 3200",3260,"live","blog","2025-01-01"
"c3201","creator_1","Synthetic Item 3201",3261,"video","instagram","2025-01-01"
"c3202","creator_2","Synthetic Item 3202",3262,"article","tiktok","2025-01-01"
"c3203","creator_3","Synthetic Item 3203",3263,"short","twitch","2025-01-01"
"c3204","creator_4","Synthetic Item 3204",3264,"podcast","spotify","2025-01-01"
"c3205","creator_5","Synthetic Item 3205",3265,"live","youtube","2025-01-01"
"c3206","creator_6","Synthetic Item 3206",3266,"video","blog","2025-01-01"
"c3207","creator_7","Synthetic Item 3207",3267,"article","instagram","2025-01-01"
"c3208","creator_8","Synthetic Item 3208",3268,"short","tiktok","2025-01-01"
"c3209","creator_9","Synthetic Item 3209",3269,"podcast","twitch","2025-01-01"
"c3210","creator_10","Synthetic Item 3210",3270,"live","spotify","2025-01-01"
"c3211","creator_11","Synthetic Item 3211",3271,"video","youtube","2025-01-01"
"c3212","creator_12","Synthetic Item 3212",3272,"article","blog","2025-01-01"
"c3213","creator_13","Synthetic Item 3213",3273,"short","instagram","2025-01-01"
"c3214","creator_14","Synthetic Item 3214",3274,"podcast","tiktok","2025-01-01"
"c3215","creator_15","Synthetic Item 3215",3275,"live","twitch","2025-01-01"
"c3216","creator_16","Synthetic Item 3216",3276,"video","spotify","2025-01-01"
"c3217","creator_17","Synthetic Item 3217",3277,"article","youtube","2025-01-01"
"c3218","creator_18","Synthetic Item 3218",3278,"short","blog","2025-01-01"
"c3219","creator_19","Synthetic Item 3219",3279,"podcast","instagram","2025-01-01"
"c3220","creator_20","Synthetic Item 3220",3280,"live","tiktok","2025-01-01"
"c3221","creator_21","Synthetic Item 3221",3281,"video","twitch","2025-01-01"
"c3222","creator_22","Synthetic Item 3222",3282,"article","spotify","2025-01-01"
"c3223","creator_23","Synthetic Item 3223",3283,"short","youtube","2025-01-01"
"c3224","creator_24","Synthetic Item 3224",3284,"podcast","blog","2025-01-01"
"c3225","creator_25","Synthetic Item 3225",3285,"live","instagram","2025-01-01"
"c3226","creator_26","Synthetic Item 3226",3286,"video","tiktok","2025-01-01"
"c3227","creator_27","Synthetic Item 3227",3287,"article","twitch","2025-01-01"
"c3228","creator_28","Synthetic Item 3228",3288,"short","spotify","2025-01-01"
"c3229","creator_29","Synthetic Item 3229",3289,"podcast","youtube","2025-01-01"
"c3230","creator_30","Synthetic Item 3230",3290,"live","blog","2025-01-01"
"c3231","creator_31","Synthetic Item 3231",3291,"video","instagram","2025-01-01"
"c3232","creator_32","Synthetic Item 3232",3292,"article","tiktok","2025-01-01"
"c3233","creator_33","Synthetic Item 3233",3293,"short","twitch","2025-01-01"
"c3234","creator_34","Synthetic Item 3234",3294,"podcast","spotify","2025-01-01"
"c3235","creator_35","Synthetic Item 3235",3295,"live","youtube","2025-01-01"
"c3236","creator_36","Synthetic Item 3236",3296,"video","blog","2025-01-01"
"c3237","creator_37","Synthetic Item 3237",3297,"article","instagram","2025-01-01"
"c3238","creator_38","Synthetic Item 3238",3298,"short","tiktok","2025-01-01"
"c3239","creator_39","Synthetic Item 3239",3299,"podcast","twitch","2025-01-01"
"c3240","creator_40","Synthetic Item 3240",3300,"live","spotify","2025-01-01"
"c3241","creator_41","Synthetic Item 3241",3301,"video","youtube","2025-01-01"
"c3242","creator_42","Synthetic Item 3242",3302,"article","blog","2025-01-01"
"c3243","creator_43","Synthetic Item 3243",3303,"short","instagram","2025-01-01"
"c3244","creator_44","Synthetic Item 3244",3304,"podcast","tiktok","2025-01-01"
"c3245","creator_45","Synthetic Item 3245",3305,"live","twitch","2025-01-01"
"c3246","creator_46","Synthetic Item 3246",3306,"video","spotify","2025-01-01"
"c3247","creator_47","Synthetic Item 3247",3307,"article","youtube","2025-01-01"
"c3248","creator_48","Synthetic Item 3248",3308,"short","blog","2025-01-01"
"c3249","creator_49","Synthetic Item 3249",3309,"podcast","instagram","2025-01-01"
"c3250","creator_50","Synthetic Item 3250",3310,"live","tiktok","2025-01-01"
"c3251","creator_1","Synthetic Item 3251",3311,"video","twitch","2025-01-01"
"c3252","creator_2","Synthetic Item 3252",3312,"article","spotify","2025-01-01"
"c3253","creator_3","Synthetic Item 3253",3313,"short","youtube","2025-01-01"
"c3254","creator_4","Synthetic Item 3254",3314,"podcast","blog","2025-01-01"
"c3255","creator_5","Synthetic Item 3255",3315,"live","instagram","2025-01-01"
"c3256","creator_6","Synthetic Item 3256",3316,"video","tiktok","2025-01-01"
"c3257","creator_7","Synthetic Item 3257",3317,"article","twitch","2025-01-01"
"c3258","creator_8","Synthetic Item 3258",3318,"short","spotify","2025-01-01"
"c3259","creator_9","Synthetic Item 3259",3319,"podcast","youtube","2025-01-01"
"c3260","creator_10","Synthetic Item 3260",3320,"live","blog","2025-01-01"
"c3261","creator_11","Synthetic Item 3261",3321,"video","instagram","2025-01-01"
"c3262","creator_12","Synthetic Item 3262",3322,"article","tiktok","2025-01-01"
"c3263","creator_13","Synthetic Item 3263",3323,"short","twitch","2025-01-01"
"c3264","creator_14","Synthetic Item 3264",3324,"podcast","spotify","2025-01-01"
"c3265","creator_15","Synthetic Item 3265",3325,"live","youtube","2025-01-01"
"c3266","creator_16","Synthetic Item 3266",3326,"video","blog","2025-01-01"
"c3267","creator_17","Synthetic Item 3267",3327,"article","instagram","2025-01-01"
"c3268","creator_18","Synthetic Item 3268",3328,"short","tiktok","2025-01-01"
"c3269","creator_19","Synthetic Item 3269",3329,"podcast","twitch","2025-01-01"
"c3270","creator_20","Synthetic Item 3270",3330,"live","spotify","2025-01-01"
"c3271","creator_21","Synthetic Item 3271",3331,"video","youtube","2025-01-01"
"c3272","creator_22","Synthetic Item 3272",3332,"article","blog","2025-01-01"
"c3273","creator_23","Synthetic Item 3273",3333,"short","instagram","2025-01-01"
"c3274","creator_24","Synthetic Item 3274",3334,"podcast","tiktok","2025-01-01"
"c3275","creator_25","Synthetic Item 3275",3335,"live","twitch","2025-01-01"
"c3276","creator_26","Synthetic Item 3276",3336,"video","spotify","2025-01-01"
"c3277","creator_27","Synthetic Item 3277",3337,"article","youtube","2025-01-01"
"c3278","creator_28","Synthetic Item 3278",3338,"short","blog","2025-01-01"
"c3279","creator_29","Synthetic Item 3279",3339,"podcast","instagram","2025-01-01"
"c3280","creator_30","Synthetic Item 3280",3340,"live","tiktok","2025-01-01"
"c3281","creator_31","Synthetic Item 3281",3341,"video","twitch","2025-01-01"
"c3282","creator_32","Synthetic Item 3282",3342,"article","spotify","2025-01-01"
"c3283","creator_33","Synthetic Item 3283",3343,"short","youtube","2025-01-01"
"c3284","creator_34","Synthetic Item 3284",3344,"podcast","blog","2025-01-01"
"c3285","creator_35","Synthetic Item 3285",3345,"live","instagram","2025-01-01"
"c3286","creator_36","Synthetic Item 3286",3346,"video","tiktok","2025-01-01"
"c3287","creator_37","Synthetic Item 3287",3347,"article","twitch","2025-01-01"
"c3288","creator_38","Synthetic Item 3288",3348,"short","spotify","2025-01-01"
"c3289","creator_39","Synthetic Item 3289",3349,"podcast","youtube","2025-01-01"
"c3290","creator_40","Synthetic Item 3290",3350,"live","blog","2025-01-01"
"c3291","creator_41","Synthetic Item 3291",3351,"video","instagram","2025-01-01"
"c3292","creator_42","Synthetic Item 3292",3352,"article","tiktok","2025-01-01"
"c3293","creator_43","Synthetic Item 3293",3353,"short","twitch","2025-01-01"
"c3294","creator_44","Synthetic Item 3294",3354,"podcast","spotify","2025-01-01"
"c3295","creator_45","Synthetic Item 3295",3355,"live","youtube","2025-01-01"
"c3296","creator_46","Synthetic Item 3296",3356,"video","blog","2025-01-01"
"c3297","creator_47","Synthetic Item 3297",3357,"article","instagram","2025-01-01"
"c3298","creator_48","Synthetic Item 3298",3358,"short","tiktok","2025-01-01"
"c3299","creator_49","Synthetic Item 3299",3359,"podcast","twitch","2025-01-01"
"c3300","creator_50","Synthetic Item 3300",3360,"live","spotify","2025-01-01"
"c3301","creator_1","Synthetic Item 3301",3361,"video","youtube","2025-01-01"
"c3302","creator_2","Synthetic Item 3302",3362,"article","blog","2025-01-01"
"c3303","creator_3","Synthetic Item 3303",3363,"short","instagram","2025-01-01"
"c3304","creator_4","Synthetic Item 3304",3364,"podcast","tiktok","2025-01-01"
"c3305","creator_5","Synthetic Item 3305",3365,"live","twitch","2025-01-01"
"c3306","creator_6","Synthetic Item 3306",3366,"video","spotify","2025-01-01"
"c3307","creator_7","Synthetic Item 3307",3367,"article","youtube","2025-01-01"
"c3308","creator_8","Synthetic Item 3308",3368,"short","blog","2025-01-01"
"c3309","creator_9","Synthetic Item 3309",3369,"podcast","instagram","2025-01-01"
"c3310","creator_10","Synthetic Item 3310",3370,"live","tiktok","2025-01-01"
"c3311","creator_11","Synthetic Item 3311",3371,"video","twitch","2025-01-01"
"c3312","creator_12","Synthetic Item 3312",3372,"article","spotify","2025-01-01"
"c3313","creator_13","Synthetic Item 3313",3373,"short","youtube","2025-01-01"
"c3314","creator_14","Synthetic Item 3314",3374,"podcast","blog","2025-01-01"
"c3315","creator_15","Synthetic Item 3315",3375,"live","instagram","2025-01-01"
"c3316","creator_16","Synthetic Item 3316",3376,"video","tiktok","2025-01-01"
"c3317","creator_17","Synthetic Item 3317",3377,"article","twitch","2025-01-01"
"c3318","creator_18","Synthetic Item 3318",3378,"short","spotify","2025-01-01"
"c3319","creator_19","Synthetic Item 3319",3379,"podcast","youtube","2025-01-01"
"c3320","creator_20","Synthetic Item 3320",3380,"live","blog","2025-01-01"
"c3321","creator_21","Synthetic Item 3321",3381,"video","instagram","2025-01-01"
"c3322","creator_22","Synthetic Item 3322",3382,"article","tiktok","2025-01-01"
"c3323","creator_23","Synthetic Item 3323",3383,"short","twitch","2025-01-01"
"c3324","creator_24","Synthetic Item 3324",3384,"podcast","spotify","2025-01-01"
"c3325","creator_25","Synthetic Item 3325",3385,"live","youtube","2025-01-01"
"c3326","creator_26","Synthetic Item 3326",3386,"video","blog","2025-01-01"
"c3327","creator_27","Synthetic Item 3327",3387,"article","instagram","2025-01-01"
"c3328","creator_28","Synthetic Item 3328",3388,"short","tiktok","2025-01-01"
"c3329","creator_29","Synthetic Item 3329",3389,"podcast","twitch","2025-01-01"
"c3330","creator_30","Synthetic Item 3330",3390,"live","spotify","2025-01-01"
"c3331","creator_31","Synthetic Item 3331",3391,"video","youtube","2025-01-01"
"c3332","creator_32","Synthetic Item 3332",3392,"article","blog","2025-01-01"
"c3333","creator_33","Synthetic Item 3333",3393,"short","instagram","2025-01-01"
"c3334","creator_34","Synthetic Item 3334",3394,"podcast","tiktok","2025-01-01"
"c3335","creator_35","Synthetic Item 3335",3395,"live","twitch","2025-01-01"
"c3336","creator_36","Synthetic Item 3336",3396,"video","spotify","2025-01-01"
"c3337","creator_37","Synthetic Item 3337",3397,"article","youtube","2025-01-01"
"c3338","creator_38","Synthetic Item 3338",3398,"short","blog","2025-01-01"
"c3339","creator_39","Synthetic Item 3339",3399,"podcast","instagram","2025-01-01"
"c3340","creator_40","Synthetic Item 3340",3400,"live","tiktok","2025-01-01"
"c3341","creator_41","Synthetic Item 3341",3401,"video","twitch","2025-01-01"
"c3342","creator_42","Synthetic Item 3342",3402,"article","spotify","2025-01-01"
"c3343","creator_43","Synthetic Item 3343",3403,"short","youtube","2025-01-01"
"c3344","creator_44","Synthetic Item 3344",3404,"podcast","blog","2025-01-01"
"c3345","creator_45","Synthetic Item 3345",3405,"live","instagram","2025-01-01"
"c3346","creator_46","Synthetic Item 3346",3406,"video","tiktok","2025-01-01"
"c3347","creator_47","Synthetic Item 3347",3407,"article","twitch","2025-01-01"
"c3348","creator_48","Synthetic Item 3348",3408,"short","spotify","2025-01-01"
"c3349","creator_49","Synthetic Item 3349",3409,"podcast","youtube","2025-01-01"
"c3350","creator_50","Synthetic Item 3350",3410,"live","blog","2025-01-01"
"c3351","creator_1","Synthetic Item 3351",3411,"video","instagram","2025-01-01"
"c3352","creator_2","Synthetic Item 3352",3412,"article","tiktok","2025-01-01"
"c3353","creator_3","Synthetic Item 3353",3413,"short","twitch","2025-01-01"
"c3354","creator_4","Synthetic Item 3354",3414,"podcast","spotify","2025-01-01"
"c3355","creator_5","Synthetic Item 3355",3415,"live","youtube","2025-01-01"
"c3356","creator_6","Synthetic Item 3356",3416,"video","blog","2025-01-01"
"c3357","creator_7","Synthetic Item 3357",3417,"article","instagram","2025-01-01"
"c3358","creator_8","Synthetic Item 3358",3418,"short","tiktok","2025-01-01"
"c3359","creator_9","Synthetic Item 3359",3419,"podcast","twitch","2025-01-01"
"c3360","creator_10","Synthetic Item 3360",3420,"live","spotify","2025-01-01"
"c3361","creator_11","Synthetic Item 3361",3421,"video","youtube","2025-01-01"
"c3362","creator_12","Synthetic Item 3362",3422,"article","blog","2025-01-01"
"c3363","creator_13","Synthetic Item 3363",3423,"short","instagram","2025-01-01"
"c3364","creator_14","Synthetic Item 3364",3424,"podcast","tiktok","2025-01-01"
"c3365","creator_15","Synthetic Item 3365",3425,"live","twitch","2025-01-01"
"c3366","creator_16","Synthetic Item 3366",3426,"video","spotify","2025-01-01"
"c3367","creator_17","Synthetic Item 3367",3427,"article","youtube","2025-01-01"
"c3368","creator_18","Synthetic Item 3368",3428,"short","blog","2025-01-01"
"c3369","creator_19","Synthetic Item 3369",3429,"podcast","instagram","2025-01-01"
"c3370","creator_20","Synthetic Item 3370",3430,"live","tiktok","2025-01-01"
"c3371","creator_21","Synthetic Item 3371",3431,"video","twitch","2025-01-01"
"c3372","creator_22","Synthetic Item 3372",3432,"article","spotify","2025-01-01"
"c3373","creator_23","Synthetic Item 3373",3433,"short","youtube","2025-01-01"
"c3374","creator_24","Synthetic Item 3374",3434,"podcast","blog","2025-01-01"
"c3375","creator_25","Synthetic Item 3375",3435,"live","instagram","2025-01-01"
"c3376","creator_26","Synthetic Item 3376",3436,"video","tiktok","2025-01-01"
"c3377","creator_27","Synthetic Item 3377",3437,"article","twitch","2025-01-01"
"c3378","creator_28","Synthetic Item 3378",3438,"short","spotify","2025-01-01"
"c3379","creator_29","Synthetic Item 3379",3439,"podcast","youtube","2025-01-01"
"c3380","creator_30","Synthetic Item 3380",3440,"live","blog","2025-01-01"
"c3381","creator_31","Synthetic Item 3381",3441,"video","instagram","2025-01-01"
"c3382","creator_32","Synthetic Item 3382",3442,"article","tiktok","2025-01-01"
"c3383","creator_33","Synthetic Item 3383",3443,"short","twitch","2025-01-01"
"c3384","creator_34","Synthetic Item 3384",3444,"podcast","spotify","2025-01-01"
"c3385","creator_35","Synthetic Item 3385",3445,"live","youtube","2025-01-01"
"c3386","creator_36","Synthetic Item 3386",3446,"video","blog","2025-01-01"
"c3387","creator_37","Synthetic Item 3387",3447,"article","instagram","2025-01-01"
"c3388","creator_38","Synthetic Item 3388",3448,"short","tiktok","2025-01-01"
"c3389","creator_39","Synthetic Item 3389",3449,"podcast","twitch","2025-01-01"
"c3390","creator_40","Synthetic Item 3390",3450,"live","spotify","2025-01-01"
"c3391","creator_41","Synthetic Item 3391",3451,"video","youtube","2025-01-01"
"c3392","creator_42","Synthetic Item 3392",3452,"article","blog","2025-01-01"
"c3393","creator_43","Synthetic Item 3393",3453,"short","instagram","2025-01-01"
"c3394","creator_44","Synthetic Item 3394",3454,"podcast","tiktok","2025-01-01"
"c3395","creator_45","Synthetic Item 3395",3455,"live","twitch","2025-01-01"
"c3396","creator_46","Synthetic Item 3396",3456,"video","spotify","2025-01-01"
"c3397","creator_47","Synthetic Item 3397",3457,"article","youtube","2025-01-01"
"c3398","creator_48","Synthetic Item 3398",3458,"short","blog","2025-01-01"
"c3399","creator_49","Synthetic Item 3399",3459,"podcast","instagram","2025-01-01"
"c3400","creator_50","Synthetic Item 3400",3460,"live","tiktok","2025-01-01"
"c3401","creator_1","Synthetic Item 3401",3461,"video","twitch","2025-01-01"
"c3402","creator_2","Synthetic Item 3402",3462,"article","spotify","2025-01-01"
"c3403","creator_3","Synthetic Item 3403",3463,"short","youtube","2025-01-01"
"c3404","creator_4","Synthetic Item 3404",3464,"podcast","blog","2025-01-01"
"c3405","creator_5","Synthetic Item 3405",3465,"live","instagram","2025-01-01"
"c3406","creator_6","Synthetic Item 3406",3466,"video","tiktok","2025-01-01"
"c3407","creator_7","Synthetic Item 3407",3467,"article","twitch","2025-01-01"
"c3408","creator_8","Synthetic Item 3408",3468,"short","spotify","2025-01-01"
"c3409","creator_9","Synthetic Item 3409",3469,"podcast","youtube","2025-01-01"
"c3410","creator_10","Synthetic Item 3410",3470,"live","blog","2025-01-01"
"c3411","creator_11","Synthetic Item 3411",3471,"video","instagram","2025-01-01"
"c3412","creator_12","Synthetic Item 3412",3472,"article","tiktok","2025-01-01"
"c3413","creator_13","Synthetic Item 3413",3473,"short","twitch","2025-01-01"
"c3414","creator_14","Synthetic Item 3414",3474,"podcast","spotify","2025-01-01"
"c3415","creator_15","Synthetic Item 3415",3475,"live","youtube","2025-01-01"
"c3416","creator_16","Synthetic Item 3416",3476,"video","blog","2025-01-01"
"c3417","creator_17","Synthetic Item 3417",3477,"article","instagram","2025-01-01"
"c3418","creator_18","Synthetic Item 3418",3478,"short","tiktok","2025-01-01"
"c3419","creator_19","Synthetic Item 3419",3479,"podcast","twitch","2025-01-01"
"c3420","creator_20","Synthetic Item 3420",3480,"live","spotify","2025-01-01"
"c3421","creator_21","Synthetic Item 3421",3481,"video","youtube","2025-01-01"
"c3422","creator_22","Synthetic Item 3422",3482,"article","blog","2025-01-01"
"c3423","creator_23","Synthetic Item 3423",3483,"short","instagram","2025-01-01"
"c3424","creator_24","Synthetic Item 3424",3484,"podcast","tiktok","2025-01-01"
"c3425","creator_25","Synthetic Item 3425",3485,"live","twitch","2025-01-01"
"c3426","creator_26","Synthetic Item 3426",3486,"video","spotify","2025-01-01"
"c3427","creator_27","Synthetic Item 3427",3487,"article","youtube","2025-01-01"
"c3428","creator_28","Synthetic Item 3428",3488,"short","blog","2025-01-01"
"c3429","creator_29","Synthetic Item 3429",3489,"podcast","instagram","2025-01-01"
"c3430","creator_30","Synthetic Item 3430",3490,"live","tiktok","2025-01-01"
"c3431","creator_31","Synthetic Item 3431",3491,"video","twitch","2025-01-01"
"c3432","creator_32","Synthetic Item 3432",3492,"article","spotify","2025-01-01"
"c3433","creator_33","Synthetic Item 3433",3493,"short","youtube","2025-01-01"
"c3434","creator_34","Synthetic Item 3434",3494,"podcast","blog","2025-01-01"
"c3435","creator_35","Synthetic Item 3435",3495,"live","instagram","2025-01-01"
"c3436","creator_36","Synthetic Item 3436",3496,"video","tiktok","2025-01-01"
"c3437","creator_37","Synthetic Item 3437",3497,"article","twitch","2025-01-01"
"c3438","creator_38","Synthetic Item 3438",3498,"short","spotify","2025-01-01"
"c3439","creator_39","Synthetic Item 3439",3499,"podcast","youtube","2025-01-01"
"c3440","creator_40","Synthetic Item 3440",3500,"live","blog","2025-01-01"
"c3441","creator_41","Synthetic Item 3441",3501,"video","instagram","2025-01-01"
"c3442","creator_42","Synthetic Item 3442",3502,"article","tiktok","2025-01-01"
"c3443","creator_43","Synthetic Item 3443",3503,"short","twitch","2025-01-01"
"c3444","creator_44","Synthetic Item 3444",3504,"podcast","spotify","2025-01-01"
"c3445","creator_45","Synthetic Item 3445",3505,"live","youtube","2025-01-01"
"c3446","creator_46","Synthetic Item 3446",3506,"video","blog","2025-01-01"
"c3447","creator_47","Synthetic Item 3447",3507,"article","instagram","2025-01-01"
"c3448","creator_48","Synthetic Item 3448",3508,"short","tiktok","2025-01-01"
"c3449","creator_49","Synthetic Item 3449",3509,"podcast","twitch","2025-01-01"
"c3450","creator_50","Synthetic Item 3450",3510,"live","spotify","2025-01-01"
"c3451","creator_1","Synthetic Item 3451",3511,"video","youtube","2025-01-01"
"c3452","creator_2","Synthetic Item 3452",3512,"article","blog","2025-01-01"
"c3453","creator_3","Synthetic Item 3453",3513,"short","instagram","2025-01-01"
"c3454","creator_4","Synthetic Item 3454",3514,"podcast","tiktok","2025-01-01"
"c3455","creator_5","Synthetic Item 3455",3515,"live","twitch","2025-01-01"
"c3456","creator_6","Synthetic Item 3456",3516,"video","spotify","2025-01-01"
"c3457","creator_7","Synthetic Item 3457",3517,"article","youtube","2025-01-01"
"c3458","creator_8","Synthetic Item 3458",3518,"short","blog","2025-01-01"
"c3459","creator_9","Synthetic Item 3459",3519,"podcast","instagram","2025-01-01"
"c3460","creator_10","Synthetic Item 3460",3520,"live","tiktok","2025-01-01"
"c3461","creator_11","Synthetic Item 3461",3521,"video","twitch","2025-01-01"
"c3462","creator_12","Synthetic Item 3462",3522,"article","spotify","2025-01-01"
"c3463","creator_13","Synthetic Item 3463",3523,"short","youtube","2025-01-01"
"c3464","creator_14","Synthetic Item 3464",3524,"podcast","blog","2025-01-01"
"c3465","creator_15","Synthetic Item 3465",3525,"live","instagram","2025-01-01"
"c3466","creator_16","Synthetic Item 3466",3526,"video","tiktok","2025-01-01"
"c3467","creator_17","Synthetic Item 3467",3527,"article","twitch","2025-01-01"
"c3468","creator_18","Synthetic Item 3468",3528,"short","spotify","2025-01-01"
"c3469","creator_19","Synthetic Item 3469",3529,"podcast","youtube","2025-01-01"
"c3470","creator_20","Synthetic Item 3470",3530,"live","blog","2025-01-01"
"c3471","creator_21","Synthetic Item 3471",3531,"video","instagram","2025-01-01"
"c3472","creator_22","Synthetic Item 3472",3532,"article","tiktok","2025-01-01"
"c3473","creator_23","Synthetic Item 3473",3533,"short","twitch","2025-01-01"
"c3474","creator_24","Synthetic Item 3474",3534,"podcast","spotify","2025-01-01"
"c3475","creator_25","Synthetic Item 3475",3535,"live","youtube","2025-01-01"
"c3476","creator_26","Synthetic Item 3476",3536,"video","blog","2025-01-01"
"c3477","creator_27","Synthetic Item 3477",3537,"article","instagram","2025-01-01"
"c3478","creator_28","Synthetic Item 3478",3538,"short","tiktok","2025-01-01"
"c3479","creator_29","Synthetic Item 3479",3539,"podcast","twitch","2025-01-01"
"c3480","creator_30","Synthetic Item 3480",3540,"live","spotify","2025-01-01"
"c3481","creator_31","Synthetic Item 3481",3541,"video","youtube","2025-01-01"
"c3482","creator_32","Synthetic Item 3482",3542,"article","blog","2025-01-01"
"c3483","creator_33","Synthetic Item 3483",3543,"short","instagram","2025-01-01"
"c3484","creator_34","Synthetic Item 3484",3544,"podcast","tiktok","2025-01-01"
"c3485","creator_35","Synthetic Item 3485",3545,"live","twitch","2025-01-01"
"c3486","creator_36","Synthetic Item 3486",3546,"video","spotify","2025-01-01"
"c3487","creator_37","Synthetic Item 3487",3547,"article","youtube","2025-01-01"
"c3488","creator_38","Synthetic Item 3488",3548,"short","blog","2025-01-01"
"c3489","creator_39","Synthetic Item 3489",3549,"podcast","instagram","2025-01-01"
"c3490","creator_40","Synthetic Item 3490",3550,"live","tiktok","2025-01-01"
"c3491","creator_41","Synthetic Item 3491",3551,"video","twitch","2025-01-01"
"c3492","creator_42","Synthetic Item 3492",3552,"article","spotify","2025-01-01"
"c3493","creator_43","Synthetic Item 3493",3553,"short","youtube","2025-01-01"
"c3494","creator_44","Synthetic Item 3494",3554,"podcast","blog","2025-01-01"
"c3495","creator_45","Synthetic Item 3495",3555,"live","instagram","2025-01-01"
"c3496","creator_46","Synthetic Item 3496",3556,"video","tiktok","2025-01-01"
"c3497","creator_47","Synthetic Item 3497",3557,"article","twitch","2025-01-01"
"c3498","creator_48","Synthetic Item 3498",3558,"short","spotify","2025-01-01"
"c3499","creator_49","Synthetic Item 3499",3559,"podcast","youtube","2025-01-01"
"c3500","creator_50","Synthetic Item 3500",3560,"live","blog","2025-01-01"
"c3501","creator_1","Synthetic Item 3501",3561,"video","instagram","2025-01-01"
"c3502","creator_2","Synthetic Item 3502",3562,"article","tiktok","2025-01-01"
"c3503","creator_3","Synthetic Item 3503",3563,"short","twitch","2025-01-01"
"c3504","creator_4","Synthetic Item 3504",3564,"podcast","spotify","2025-01-01"
"c3505","creator_5","Synthetic Item 3505",3565,"live","youtube","2025-01-01"
"c3506","creator_6","Synthetic Item 3506",3566,"video","blog","2025-01-01"
"c3507","creator_7","Synthetic Item 3507",3567,"article","instagram","2025-01-01"
"c3508","creator_8","Synthetic Item 3508",3568,"short","tiktok","2025-01-01"
"c3509","creator_9","Synthetic Item 3509",3569,"podcast","twitch","2025-01-01"
"c3510","creator_10","Synthetic Item 3510",3570,"live","spotify","2025-01-01"
"c3511","creator_11","Synthetic Item 3511",3571,"video","youtube","2025-01-01"
"c3512","creator_12","Synthetic Item 3512",3572,"article","blog","2025-01-01"
"c3513","creator_13","Synthetic Item 3513",3573,"short","instagram","2025-01-01"
"c3514","creator_14","Synthetic Item 3514",3574,"podcast","tiktok","2025-01-01"
"c3515","creator_15","Synthetic Item 3515",3575,"live","twitch","2025-01-01"
"c3516","creator_16","Synthetic Item 3516",3576,"video","spotify","2025-01-01"
"c3517","creator_17","Synthetic Item 3517",3577,"article","youtube","2025-01-01"
"c3518","creator_18","Synthetic Item 3518",3578,"short","blog","2025-01-01"
"c3519","creator_19","Synthetic Item 3519",3579,"podcast","instagram","2025-01-01"
"c3520","creator_20","Synthetic Item 3520",3580,"live","tiktok","2025-01-01"
"c3521","creator_21","Synthetic Item 3521",3581,"video","twitch","2025-01-01"
"c3522","creator_22","Synthetic Item 3522",3582,"article","spotify","2025-01-01"
"c3523","creator_23","Synthetic Item 3523",3583,"short","youtube","2025-01-01"
"c3524","creator_24","Synthetic Item 3524",3584,"podcast","blog","2025-01-01"
"c3525","creator_25","Synthetic Item 3525",3585,"live","instagram","2025-01-01"
"c3526","creator_26","Synthetic Item 3526",3586,"video","tiktok","2025-01-01"
"c3527","creator_27","Synthetic Item 3527",3587,"article","twitch","2025-01-01"
"c3528","creator_28","Synthetic Item 3528",3588,"short","spotify","2025-01-01"
"c3529","creator_29","Synthetic Item 3529",3589,"podcast","youtube","2025-01-01"
"c3530","creator_30","Synthetic Item 3530",3590,"live","blog","2025-01-01"
"c3531","creator_31","Synthetic Item 3531",3591,"video","instagram","2025-01-01"
"c3532","creator_32","Synthetic Item 3532",3592,"article","tiktok","2025-01-01"
"c3533","creator_33","Synthetic Item 3533",3593,"short","twitch","2025-01-01"
"c3534","creator_34","Synthetic Item 3534",3594,"podcast","spotify","2025-01-01"
"c3535","creator_35","Synthetic Item 3535",3595,"live","youtube","2025-01-01"
"c3536","creator_36","Synthetic Item 3536",3596,"video","blog","2025-01-01"
"c3537","creator_37","Synthetic Item 3537",3597,"article","instagram","2025-01-01"
"c3538","creator_38","Synthetic Item 3538",3598,"short","tiktok","2025-01-01"
"c3539","creator_39","Synthetic Item 3539",3599,"podcast","twitch","2025-01-01"
"c3540","creator_40","Synthetic Item 3540",3600,"live","spotify","2025-01-01"
"c3541","creator_41","Synthetic Item 3541",3601,"video","youtube","2025-01-01"
"c3542","creator_42","Synthetic Item 3542",3602,"article","blog","2025-01-01"
"c3543","creator_43","Synthetic Item 3543",3603,"short","instagram","2025-01-01"
"c3544","creator_44","Synthetic Item 3544",3604,"podcast","tiktok","2025-01-01"
"c3545","creator_45","Synthetic Item 3545",3605,"live","twitch","2025-01-01"
"c3546","creator_46","Synthetic Item 3546",3606,"video","spotify","2025-01-01"
"c3547","creator_47","Synthetic Item 3547",3607,"article","youtube","2025-01-01"
"c3548","creator_48","Synthetic Item 3548",3608,"short","blog","2025-01-01"
"c3549","creator_49","Synthetic Item 3549",3609,"podcast","instagram","2025-01-01"
"c3550","creator_50","Synthetic Item 3550",3610,"live","tiktok","2025-01-01"
"c3551","creator_1","Synthetic Item 3551",3611,"video","twitch","2025-01-01"
"c3552","creator_2","Synthetic Item 3552",3612,"article","spotify","2025-01-01"
"c3553","creator_3","Synthetic Item 3553",3613,"short","youtube","2025-01-01"
"c3554","creator_4","Synthetic Item 3554",3614,"podcast","blog","2025-01-01"
"c3555","creator_5","Synthetic Item 3555",3615,"live","instagram","2025-01-01"
"c3556","creator_6","Synthetic Item 3556",3616,"video","tiktok","2025-01-01"
"c3557","creator_7","Synthetic Item 3557",3617,"article","twitch","2025-01-01"
"c3558","creator_8","Synthetic Item 3558",3618,"short","spotify","2025-01-01"
"c3559","creator_9","Synthetic Item 3559",3619,"podcast","youtube","2025-01-01"
"c3560","creator_10","Synthetic Item 3560",3620,"live","blog","2025-01-01"
"c3561","creator_11","Synthetic Item 3561",3621,"video","instagram","2025-01-01"
"c3562","creator_12","Synthetic Item 3562",3622,"article","tiktok","2025-01-01"
"c3563","creator_13","Synthetic Item 3563",3623,"short","twitch","2025-01-01"
"c3564","creator_14","Synthetic Item 3564",3624,"podcast","spotify","2025-01-01"
"c3565","creator_15","Synthetic Item 3565",3625,"live","youtube","2025-01-01"
"c3566","creator_16","Synthetic Item 3566",3626,"video","blog","2025-01-01"
"c3567","creator_17","Synthetic Item 3567",3627,"article","instagram","2025-01-01"
"c3568","creator_18","Synthetic Item 3568",3628,"short","tiktok","2025-01-01"
"c3569","creator_19","Synthetic Item 3569",3629,"podcast","twitch","2025-01-01"
"c3570","creator_20","Synthetic Item 3570",3630,"live","spotify","2025-01-01"
"c3571","creator_21","Synthetic Item 3571",3631,"video","youtube","2025-01-01"
"c3572","creator_22","Synthetic Item 3572",3632,"article","blog","2025-01-01"
"c3573","creator_23","Synthetic Item 3573",3633,"short","instagram","2025-01-01"
"c3574","creator_24","Synthetic Item 3574",3634,"podcast","tiktok","2025-01-01"
"c3575","creator_25","Synthetic Item 3575",3635,"live","twitch","2025-01-01"
"c3576","creator_26","Synthetic Item 3576",3636,"video","spotify","2025-01-01"
"c3577","creator_27","Synthetic Item 3577",3637,"article","youtube","2025-01-01"
"c3578","creator_28","Synthetic Item 3578",3638,"short","blog","2025-01-01"
"c3579","creator_29","Synthetic Item 3579",3639,"podcast","instagram","2025-01-01"
"c3580","creator_30","Synthetic Item 3580",3640,"live","tiktok","2025-01-01"
"c3581","creator_31","Synthetic Item 3581",3641,"video","twitch","2025-01-01"
"c3582","creator_32","Synthetic Item 3582",3642,"article","spotify","2025-01-01"
"c3583","creator_33","Synthetic Item 3583",3643,"short","youtube","2025-01-01"
"c3584","creator_34","Synthetic Item 3584",3644,"podcast","blog","2025-01-01"
"c3585","creator_35","Synthetic Item 3585",3645,"live","instagram","2025-01-01"
"c3586","creator_36","Synthetic Item 3586",3646,"video","tiktok","2025-01-01"
"c3587","creator_37","Synthetic Item 3587",3647,"article","twitch","2025-01-01"
"c3588","creator_38","Synthetic Item 3588",3648,"short","spotify","2025-01-01"
"c3589","creator_39","Synthetic Item 3589",3649,"podcast","youtube","2025-01-01"
"c3590","creator_40","Synthetic Item 3590",3650,"live","blog","2025-01-01"
"c3591","creator_41","Synthetic Item 3591",3651,"video","instagram","2025-01-01"
"c3592","creator_42","Synthetic Item 3592",3652,"article","tiktok","2025-01-01"
"c3593","creator_43","Synthetic Item 3593",3653,"short","twitch","2025-01-01"
"c3594","creator_44","Synthetic Item 3594",3654,"podcast","spotify","2025-01-01"
"c3595","creator_45","Synthetic Item 3595",3655,"live","youtube","2025-01-01"
"c3596","creator_46","Synthetic Item 3596",3656,"video","blog","2025-01-01"
"c3597","creator_47","Synthetic Item 3597",3657,"article","instagram","2025-01-01"
"c3598","creator_48","Synthetic Item 3598",3658,"short","tiktok","2025-01-01"
"c3599","creator_49","Synthetic Item 3599",3659,"podcast","twitch","2025-01-01"
"c3600","creator_50","Synthetic Item 3600",3660,"live","spotify","2025-01-01"
"c3601","creator_1","Synthetic Item 3601",3661,"video","youtube","2025-01-01"
"c3602","creator_2","Synthetic Item 3602",3662,"article","blog","2025-01-01"
"c3603","creator_3","Synthetic Item 3603",3663,"short","instagram","2025-01-01"
"c3604","creator_4","Synthetic Item 3604",3664,"podcast","tiktok","2025-01-01"
"c3605","creator_5","Synthetic Item 3605",3665,"live","twitch","2025-01-01"
"c3606","creator_6","Synthetic Item 3606",3666,"video","spotify","2025-01-01"
"c3607","creator_7","Synthetic Item 3607",3667,"article","youtube","2025-01-01"
"c3608","creator_8","Synthetic Item 3608",3668,"short","blog","2025-01-01"
"c3609","creator_9","Synthetic Item 3609",3669,"podcast","instagram","2025-01-01"
"c3610","creator_10","Synthetic Item 3610",3670,"live","tiktok","2025-01-01"
"c3611","creator_11","Synthetic Item 3611",3671,"video","twitch","2025-01-01"
"c3612","creator_12","Synthetic Item 3612",3672,"article","spotify","2025-01-01"
"c3613","creator_13","Synthetic Item 3613",3673,"short","youtube","2025-01-01"
"c3614","creator_14","Synthetic Item 3614",3674,"podcast","blog","2025-01-01"
"c3615","creator_15","Synthetic Item 3615",3675,"live","instagram","2025-01-01"
"c3616","creator_16","Synthetic Item 3616",3676,"video","tiktok","2025-01-01"
"c3617","creator_17","Synthetic Item 3617",3677,"article","twitch","2025-01-01"
"c3618","creator_18","Synthetic Item 3618",3678,"short","spotify","2025-01-01"
"c3619","creator_19","Synthetic Item 3619",3679,"podcast","youtube","2025-01-01"
"c3620","creator_20","Synthetic Item 3620",3680,"live","blog","2025-01-01"
"c3621","creator_21","Synthetic Item 3621",3681,"video","instagram","2025-01-01"
"c3622","creator_22","Synthetic Item 3622",3682,"article","tiktok","2025-01-01"
"c3623","creator_23","Synthetic Item 3623",3683,"short","twitch","2025-01-01"
"c3624","creator_24","Synthetic Item 3624",3684,"podcast","spotify","2025-01-01"
"c3625","creator_25","Synthetic Item 3625",3685,"live","youtube","2025-01-01"
"c3626","creator_26","Synthetic Item 3626",3686,"video","blog","2025-01-01"
"c3627","creator_27","Synthetic Item 3627",3687,"article","instagram","2025-01-01"
"c3628","creator_28","Synthetic Item 3628",3688,"short","tiktok","2025-01-01"
"c3629","creator_29","Synthetic Item 3629",3689,"podcast","twitch","2025-01-01"
"c3630","creator_30","Synthetic Item 3630",3690,"live","spotify","2025-01-01"
"c3631","creator_31","Synthetic Item 3631",3691,"video","youtube","2025-01-01"
"c3632","creator_32","Synthetic Item 3632",3692,"article","blog","2025-01-01"
"c3633","creator_33","Synthetic Item 3633",3693,"short","instagram","2025-01-01"
"c3634","creator_34","Synthetic Item 3634",3694,"podcast","tiktok","2025-01-01"
"c3635","creator_35","Synthetic Item 3635",3695,"live","twitch","2025-01-01"
"c3636","creator_36","Synthetic Item 3636",3696,"video","spotify","2025-01-01"
"c3637","creator_37","Synthetic Item 3637",3697,"article","youtube","2025-01-01"
"c3638","creator_38","Synthetic Item 3638",3698,"short","blog","2025-01-01"
"c3639","creator_39","Synthetic Item 3639",3699,"podcast","instagram","2025-01-01"
"c3640","creator_40","Synthetic Item 3640",3700,"live","tiktok","2025-01-01"
"c3641","creator_41","Synthetic Item 3641",3701,"video","twitch","2025-01-01"
"c3642","creator_42","Synthetic Item 3642",3702,"article","spotify","2025-01-01"
"c3643","creator_43","Synthetic Item 3643",3703,"short","youtube","2025-01-01"
"c3644","creator_44","Synthetic Item 3644",3704,"podcast","blog","2025-01-01"
"c3645","creator_45","Synthetic Item 3645",3705,"live","instagram","2025-01-01"
"c3646","creator_46","Synthetic Item 3646",3706,"video","tiktok","2025-01-01"
"c3647","creator_47","Synthetic Item 3647",3707,"article","twitch","2025-01-01"
"c3648","creator_48","Synthetic Item 3648",3708,"short","spotify","2025-01-01"
"c3649","creator_49","Synthetic Item 3649",3709,"podcast","youtube","2025-01-01"
"c3650","creator_50","Synthetic Item 3650",3710,"live","blog","2025-01-01"
"c3651","creator_1","Synthetic Item 3651",3711,"video","instagram","2025-01-01"
"c3652","creator_2","Synthetic Item 3652",3712,"article","tiktok","2025-01-01"
"c3653","creator_3","Synthetic Item 3653",3713,"short","twitch","2025-01-01"
"c3654","creator_4","Synthetic Item 3654",3714,"podcast","spotify","2025-01-01"
"c3655","creator_5","Synthetic Item 3655",3715,"live","youtube","2025-01-01"
"c3656","creator_6","Synthetic Item 3656",3716,"video","blog","2025-01-01"
"c3657","creator_7","Synthetic Item 3657",3717,"article","instagram","2025-01-01"
"c3658","creator_8","Synthetic Item 3658",3718,"short","tiktok","2025-01-01"
"c3659","creator_9","Synthetic Item 3659",3719,"podcast","twitch","2025-01-01"
"c3660","creator_10","Synthetic Item 3660",3720,"live","spotify","2025-01-01"
"c3661","creator_11","Synthetic Item 3661",3721,"video","youtube","2025-01-01"
"c3662","creator_12","Synthetic Item 3662",3722,"article","blog","2025-01-01"
"c3663","creator_13","Synthetic Item 3663",3723,"short","instagram","2025-01-01"
"c3664","creator_14","Synthetic Item 3664",3724,"podcast","tiktok","2025-01-01"
"c3665","creator_15","Synthetic Item 3665",3725,"live","twitch","2025-01-01"
"c3666","creator_16","Synthetic Item 3666",3726,"video","spotify","2025-01-01"
"c3667","creator_17","Synthetic Item 3667",3727,"article","youtube","2025-01-01"
"c3668","creator_18","Synthetic Item 3668",3728,"short","blog","2025-01-01"
"c3669","creator_19","Synthetic Item 3669",3729,"podcast","instagram","2025-01-01"
"c3670","creator_20","Synthetic Item 3670",3730,"live","tiktok","2025-01-01"
"c3671","creator_21","Synthetic Item 3671",3731,"video","twitch","2025-01-01"
"c3672","creator_22","Synthetic Item 3672",3732,"article","spotify","2025-01-01"
"c3673","creator_23","Synthetic Item 3673",3733,"short","youtube","2025-01-01"
"c3674","creator_24","Synthetic Item 3674",3734,"podcast","blog","2025-01-01"
"c3675","creator_25","Synthetic Item 3675",3735,"live","instagram","2025-01-01"
"c3676","creator_26","Synthetic Item 3676",3736,"video","tiktok","2025-01-01"
"c3677","creator_27","Synthetic Item 3677",3737,"article","twitch","2025-01-01"
"c3678","creator_28","Synthetic Item 3678",3738,"short","spotify","2025-01-01"
"c3679","creator_29","Synthetic Item 3679",3739,"podcast","youtube","2025-01-01"
"c3680","creator_30","Synthetic Item 3680",3740,"live","blog","2025-01-01"
"c3681","creator_31","Synthetic Item 3681",3741,"video","instagram","2025-01-01"
"c3682","creator_32","Synthetic Item 3682",3742,"article","tiktok","2025-01-01"
"c3683","creator_33","Synthetic Item 3683",3743,"short","twitch","2025-01-01"
"c3684","creator_34","Synthetic Item 3684",3744,"podcast","spotify","2025-01-01"
"c3685","creator_35","Synthetic Item 3685",3745,"live","youtube","2025-01-01"
"c3686","creator_36","Synthetic Item 3686",3746,"video","blog","2025-01-01"
"c3687","creator_37","Synthetic Item 3687",3747,"article","instagram","2025-01-01"
"c3688","creator_38","Synthetic Item 3688",3748,"short","tiktok","2025-01-01"
"c3689","creator_39","Synthetic Item 3689",3749,"podcast","twitch","2025-01-01"
"c3690","creator_40","Synthetic Item 3690",3750,"live","spotify","2025-01-01"
"c3691","creator_41","Synthetic Item 3691",3751,"video","youtube","2025-01-01"
"c3692","creator_42","Synthetic Item 3692",3752,"article","blog","2025-01-01"
"c3693","creator_43","Synthetic Item 3693",3753,"short","instagram","2025-01-01"
"c3694","creator_44","Synthetic Item 3694",3754,"podcast","tiktok","2025-01-01"
"c3695","creator_45","Synthetic Item 3695",3755,"live","twitch","2025-01-01"
"c3696","creator_46","Synthetic Item 3696",3756,"video","spotify","2025-01-01"
"c3697","creator_47","Synthetic Item 3697",3757,"article","youtube","2025-01-01"
"c3698","creator_48","Synthetic Item 3698",3758,"short","blog","2025-01-01"
"c3699","creator_49","Synthetic Item 3699",3759,"podcast","instagram","2025-01-01"
"c3700","creator_50","Synthetic Item 3700",3760,"live","tiktok","2025-01-01"
"c3701","creator_1","Synthetic Item 3701",3761,"video","twitch","2025-01-01"
"c3702","creator_2","Synthetic Item 3702",3762,"article","spotify","2025-01-01"
"c3703","creator_3","Synthetic Item 3703",3763,"short","youtube","2025-01-01"
"c3704","creator_4","Synthetic Item 3704",3764,"podcast","blog","2025-01-01"
"c3705","creator_5","Synthetic Item 3705",3765,"live","instagram","2025-01-01"
"c3706","creator_6","Synthetic Item 3706",3766,"video","tiktok","2025-01-01"
"c3707","creator_7","Synthetic Item 3707",3767,"article","twitch","2025-01-01"
"c3708","creator_8","Synthetic Item 3708",3768,"short","spotify","2025-01-01"
"c3709","creator_9","Synthetic Item 3709",3769,"podcast","youtube","2025-01-01"
"c3710","creator_10","Synthetic Item 3710",3770,"live","blog","2025-01-01"
"c3711","creator_11","Synthetic Item 3711",3771,"video","instagram","2025-01-01"
"c3712","creator_12","Synthetic Item 3712",3772,"article","tiktok","2025-01-01"
"c3713","creator_13","Synthetic Item 3713",3773,"short","twitch","2025-01-01"
"c3714","creator_14","Synthetic Item 3714",3774,"podcast","spotify","2025-01-01"
"c3715","creator_15","Synthetic Item 3715",3775,"live","youtube","2025-01-01"
"c3716","creator_16","Synthetic Item 3716",3776,"video","blog","2025-01-01"
"c3717","creator_17","Synthetic Item 3717",3777,"article","instagram","2025-01-01"
"c3718","creator_18","Synthetic Item 3718",3778,"short","tiktok","2025-01-01"
"c3719","creator_19","Synthetic Item 3719",3779,"podcast","twitch","2025-01-01"
"c3720","creator_20","Synthetic Item 3720",3780,"live","spotify","2025-01-01"
"c3721","creator_21","Synthetic Item 3721",3781,"video","youtube","2025-01-01"
"c3722","creator_22","Synthetic Item 3722",3782,"article","blog","2025-01-01"
"c3723","creator_23","Synthetic Item 3723",3783,"short","instagram","2025-01-01"
"c3724","creator_24","Synthetic Item 3724",3784,"podcast","tiktok","2025-01-01"
"c3725","creator_25","Synthetic Item 3725",3785,"live","twitch","2025-01-01"
"c3726","creator_26","Synthetic Item 3726",3786,"video","spotify","2025-01-01"
"c3727","creator_27","Synthetic Item 3727",3787,"article","youtube","2025-01-01"
"c3728","creator_28","Synthetic Item 3728",3788,"short","blog","2025-01-01"
"c3729","creator_29","Synthetic Item 3729",3789,"podcast","instagram","2025-01-01"
"c3730","creator_30","Synthetic Item 3730",3790,"live","tiktok","2025-01-01"
"c3731","creator_31","Synthetic Item 3731",3791,"video","twitch","2025-01-01"
"c3732","creator_32","Synthetic Item 3732",3792,"article","spotify","2025-01-01"
"c3733","creator_33","Synthetic Item 3733",3793,"short","youtube","2025-01-01"
"c3734","creator_34","Synthetic Item 3734",3794,"podcast","blog","2025-01-01"
"c3735","creator_35","Synthetic Item 3735",3795,"live","instagram","2025-01-01"
"c3736","creator_36","Synthetic Item 3736",3796,"video","tiktok","2025-01-01"
"c3737","creator_37","Synthetic Item 3737",3797,"article","twitch","2025-01-01"
"c3738","creator_38","Synthetic Item 3738",3798,"short","spotify","2025-01-01"
"c3739","creator_39","Synthetic Item 3739",3799,"podcast","youtube","2025-01-01"
"c3740","creator_40","Synthetic Item 3740",3800,"live","blog","2025-01-01"
"c3741","creator_41","Synthetic Item 3741",3801,"video","instagram","2025-01-01"
"c3742","creator_42","Synthetic Item 3742",3802,"article","tiktok","2025-01-01"
"c3743","creator_43","Synthetic Item 3743",3803,"short","twitch","2025-01-01"
"c3744","creator_44","Synthetic Item 3744",3804,"podcast","spotify","2025-01-01"
"c3745","creator_45","Synthetic Item 3745",3805,"live","youtube","2025-01-01"
"c3746","creator_46","Synthetic Item 3746",3806,"video","blog","2025-01-01"
"c3747","creator_47","Synthetic Item 3747",3807,"article","instagram","2025-01-01"
"c3748","creator_48","Synthetic Item 3748",3808,"short","tiktok","2025-01-01"
"c3749","creator_49","Synthetic Item 3749",3809,"podcast","twitch","2025-01-01"
"c3750","creator_50","Synthetic Item 3750",3810,"live","spotify","2025-01-01"
"c3751","creator_1","Synthetic Item 3751",3811,"video","youtube","2025-01-01"
"c3752","creator_2","Synthetic Item 3752",3812,"article","blog","2025-01-01"
"c3753","creator_3","Synthetic Item 3753",3813,"short","instagram","2025-01-01"
"c3754","creator_4","Synthetic Item 3754",3814,"podcast","tiktok","2025-01-01"
"c3755","creator_5","Synthetic Item 3755",3815,"live","twitch","2025-01-01"
"c3756","creator_6","Synthetic Item 3756",3816,"video","spotify","2025-01-01"
"c3757","creator_7","Synthetic Item 3757",3817,"article","youtube","2025-01-01"
"c3758","creator_8","Synthetic Item 3758",3818,"short","blog","2025-01-01"
"c3759","creator_9","Synthetic Item 3759",3819,"podcast","instagram","2025-01-01"
"c3760","creator_10","Synthetic Item 3760",3820,"live","tiktok","2025-01-01"
"c3761","creator_11","Synthetic Item 3761",3821,"video","twitch","2025-01-01"
"c3762","creator_12","Synthetic Item 3762",3822,"article","spotify","2025-01-01"
"c3763","creator_13","Synthetic Item 3763",3823,"short","youtube","2025-01-01"
"c3764","creator_14","Synthetic Item 3764",3824,"podcast","blog","2025-01-01"
"c3765","creator_15","Synthetic Item 3765",3825,"live","instagram","2025-01-01"
"c3766","creator_16","Synthetic Item 3766",3826,"video","tiktok","2025-01-01"
"c3767","creator_17","Synthetic Item 3767",3827,"article","twitch","2025-01-01"
"c3768","creator_18","Synthetic Item 3768",3828,"short","spotify","2025-01-01"
"c3769","creator_19","Synthetic Item 3769",3829,"podcast","youtube","2025-01-01"
"c3770","creator_20","Synthetic Item 3770",3830,"live","blog","2025-01-01"
"c3771","creator_21","Synthetic Item 3771",3831,"video","instagram","2025-01-01"
"c3772","creator_22","Synthetic Item 3772",3832,"article","tiktok","2025-01-01"
"c3773","creator_23","Synthetic Item 3773",3833,"short","twitch","2025-01-01"
"c3774","creator_24","Synthetic Item 3774",3834,"podcast","spotify","2025-01-01"
"c3775","creator_25","Synthetic Item 3775",3835,"live","youtube","2025-01-01"
"c3776","creator_26","Synthetic Item 3776",3836,"video","blog","2025-01-01"
"c3777","creator_27","Synthetic Item 3777",3837,"article","instagram","2025-01-01"
"c3778","creator_28","Synthetic Item 3778",3838,"short","tiktok","2025-01-01"
"c3779","creator_29","Synthetic Item 3779",3839,"podcast","twitch","2025-01-01"
"c3780","creator_30","Synthetic Item 3780",3840,"live","spotify","2025-01-01"
"c3781","creator_31","Synthetic Item 3781",3841,"video","youtube","2025-01-01"
"c3782","creator_32","Synthetic Item 3782",3842,"article","blog","2025-01-01"
"c3783","creator_33","Synthetic Item 3783",3843,"short","instagram","2025-01-01"
"c3784","creator_34","Synthetic Item 3784",3844,"podcast","tiktok","2025-01-01"
"c3785","creator_35","Synthetic Item 3785",3845,"live","twitch","2025-01-01"
"c3786","creator_36","Synthetic Item 3786",3846,"video","spotify","2025-01-01"
"c3787","creator_37","Synthetic Item 3787",3847,"article","youtube","2025-01-01"
"c3788","creator_38","Synthetic Item 3788",3848,"short","blog","2025-01-01"
"c3789","creator_39","Synthetic Item 3789",3849,"podcast","instagram","2025-01-01"
"c3790","creator_40","Synthetic Item 3790",3850,"live","tiktok","2025-01-01"
"c3791","creator_41","Synthetic Item 3791",3851,"video","twitch","2025-01-01"
"c3792","creator_42","Synthetic Item 3792",3852,"article","spotify","2025-01-01"
"c3793","creator_43","Synthetic Item 3793",3853,"short","youtube","2025-01-01"
"c3794","creator_44","Synthetic Item 3794",3854,"podcast","blog","2025-01-01"
"c3795","creator_45","Synthetic Item 3795",3855,"live","instagram","2025-01-01"
"c3796","creator_46","Synthetic Item 3796",3856,"video","tiktok","2025-01-01"
"c3797","creator_47","Synthetic Item 3797",3857,"article","twitch","2025-01-01"
"c3798","creator_48","Synthetic Item 3798",3858,"short","spotify","2025-01-01"
"c3799","creator_49","Synthetic Item 3799",3859,"podcast","youtube","2025-01-01"
"c3800","creator_50","Synthetic Item 3800",3860,"live","blog","2025-01-01"
"c3801","creator_1","Synthetic Item 3801",3861,"video","instagram","2025-01-01"
"c3802","creator_2","Synthetic Item 3802",3862,"article","tiktok","2025-01-01"
"c3803","creator_3","Synthetic Item 3803",3863,"short","twitch","2025-01-01"
"c3804","creator_4","Synthetic Item 3804",3864,"podcast","spotify","2025-01-01"
"c3805","creator_5","Synthetic Item 3805",3865,"live","youtube","2025-01-01"
"c3806","creator_6","Synthetic Item 3806",3866,"video","blog","2025-01-01"
"c3807","creator_7","Synthetic Item 3807",3867,"article","instagram","2025-01-01"
"c3808","creator_8","Synthetic Item 3808",3868,"short","tiktok","2025-01-01"
"c3809","creator_9","Synthetic Item 3809",3869,"podcast","twitch","2025-01-01"
"c3810","creator_10","Synthetic Item 3810",3870,"live","spotify","2025-01-01"
"c3811","creator_11","Synthetic Item 3811",3871,"video","youtube","2025-01-01"
"c3812","creator_12","Synthetic Item 3812",3872,"article","blog","2025-01-01"
"c3813","creator_13","Synthetic Item 3813",3873,"short","instagram","2025-01-01"
"c3814","creator_14","Synthetic Item 3814",3874,"podcast","tiktok","2025-01-01"
"c3815","creator_15","Synthetic Item 3815",3875,"live","twitch","2025-01-01"
"c3816","creator_16","Synthetic Item 3816",3876,"video","spotify","2025-01-01"
"c3817","creator_17","Synthetic Item 3817",3877,"article","youtube","2025-01-01"
"c3818","creator_18","Synthetic Item 3818",3878,"short","blog","2025-01-01"
"c3819","creator_19","Synthetic Item 3819",3879,"podcast","instagram","2025-01-01"
"c3820","creator_20","Synthetic Item 3820",3880,"live","tiktok","2025-01-01"
"c3821","creator_21","Synthetic Item 3821",3881,"video","twitch","2025-01-01"
"c3822","creator_22","Synthetic Item 3822",3882,"article","spotify","2025-01-01"
"c3823","creator_23","Synthetic Item 3823",3883,"short","youtube","2025-01-01"
"c3824","creator_24","Synthetic Item 3824",3884,"podcast","blog","2025-01-01"
"c3825","creator_25","Synthetic Item 3825",3885,"live","instagram","2025-01-01"
"c3826","creator_26","Synthetic Item 3826",3886,"video","tiktok","2025-01-01"
"c3827","creator_27","Synthetic Item 3827",3887,"article","twitch","2025-01-01"
"c3828","creator_28","Synthetic Item 3828",3888,"short","spotify","2025-01-01"
"c3829","creator_29","Synthetic Item 3829",3889,"podcast","youtube","2025-01-01"
"c3830","creator_30","Synthetic Item 3830",3890,"live","blog","2025-01-01"
"c3831","creator_31","Synthetic Item 3831",3891,"video","instagram","2025-01-01"
"c3832","creator_32","Synthetic Item 3832",3892,"article","tiktok","2025-01-01"
"c3833","creator_33","Synthetic Item 3833",3893,"short","twitch","2025-01-01"
"c3834","creator_34","Synthetic Item 3834",3894,"podcast","spotify","2025-01-01"
"c3835","creator_35","Synthetic Item 3835",3895,"live","youtube","2025-01-01"
"c3836","creator_36","Synthetic Item 3836",3896,"video","blog","2025-01-01"
"c3837","creator_37","Synthetic Item 3837",3897,"article","instagram","2025-01-01"
"c3838","creator_38","Synthetic Item 3838",3898,"short","tiktok","2025-01-01"
"c3839","creator_39","Synthetic Item 3839",3899,"podcast","twitch","2025-01-01"
"c3840","creator_40","Synthetic Item 3840",3900,"live","spotify","2025-01-01"
"c3841","creator_41","Synthetic Item 3841",3901,"video","youtube","2025-01-01"
"c3842","creator_42","Synthetic Item 3842",3902,"article","blog","2025-01-01"
"c3843","creator_43","Synthetic Item 3843",3903,"short","instagram","2025-01-01"
"c3844","creator_44","Synthetic Item 3844",3904,"podcast","tiktok","2025-01-01"
"c3845","creator_45","Synthetic Item 3845",3905,"live","twitch","2025-01-01"
"c3846","creator_46","Synthetic Item 3846",3906,"video","spotify","2025-01-01"
"c3847","creator_47","Synthetic Item 3847",3907,"article","youtube","2025-01-01"
"c3848","creator_48","Synthetic Item 3848",3908,"short","blog","2025-01-01"
"c3849","creator_49","Synthetic Item 3849",3909,"podcast","instagram","2025-01-01"
"c3850","creator_50","Synthetic Item 3850",3910,"live","tiktok","2025-01-01"
"c3851","creator_1","Synthetic Item 3851",3911,"video","twitch","2025-01-01"
"c3852","creator_2","Synthetic Item 3852",3912,"article","spotify","2025-01-01"
"c3853","creator_3","Synthetic Item 3853",3913,"short","youtube","2025-01-01"
"c3854","creator_4","Synthetic Item 3854",3914,"podcast","blog","2025-01-01"
"c3855","creator_5","Synthetic Item 3855",3915,"live","instagram","2025-01-01"
"c3856","creator_6","Synthetic Item 3856",3916,"video","tiktok","2025-01-01"
"c3857","creator_7","Synthetic Item 3857",3917,"article","twitch","2025-01-01"
"c3858","creator_8","Synthetic Item 3858",3918,"short","spotify","2025-01-01"
"c3859","creator_9","Synthetic Item 3859",3919,"podcast","youtube","2025-01-01"
"c3860","creator_10","Synthetic Item 3860",3920,"live","blog","2025-01-01"
"c3861","creator_11","Synthetic Item 3861",3921,"video","instagram","2025-01-01"
"c3862","creator_12","Synthetic Item 3862",3922,"article","tiktok","2025-01-01"
"c3863","creator_13","Synthetic Item 3863",3923,"short","twitch","2025-01-01"
"c3864","creator_14","Synthetic Item 3864",3924,"podcast","spotify","2025-01-01"
"c3865","creator_15","Synthetic Item 3865",3925,"live","youtube","2025-01-01"
"c3866","creator_16","Synthetic Item 3866",3926,"video","blog","2025-01-01"
"c3867","creator_17","Synthetic Item 3867",3927,"article","instagram","2025-01-01"
"c3868","creator_18","Synthetic Item 3868",3928,"short","tiktok","2025-01-01"
"c3869","creator_19","Synthetic Item 3869",3929,"podcast","twitch","2025-01-01"
"c3870","creator_20","Synthetic Item 3870",3930,"live","spotify","2025-01-01"
"c3871","creator_21","Synthetic Item 3871",3931,"video","youtube","2025-01-01"
"c3872","creator_22","Synthetic Item 3872",3932,"article","blog","2025-01-01"
"c3873","creator_23","Synthetic Item 3873",3933,"short","instagram","2025-01-01"
"c3874","creator_24","Synthetic Item 3874",3934,"podcast","tiktok","2025-01-01"
"c3875","creator_25","Synthetic Item 3875",3935,"live","twitch","2025-01-01"
"c3876","creator_26","Synthetic Item 3876",3936,"video","spotify","2025-01-01"
"c3877","creator_27","Synthetic Item 3877",3937,"article","youtube","2025-01-01"
"c3878","creator_28","Synthetic Item 3878",3938,"short","blog","2025-01-01"
"c3879","creator_29","Synthetic Item 3879",3939,"podcast","instagram","2025-01-01"
"c3880","creator_30","Synthetic Item 3880",3940,"live","tiktok","2025-01-01"
"c3881","creator_31","Synthetic Item 3881",3941,"video","twitch","2025-01-01"
"c3882","creator_32","Synthetic Item 3882",3942,"article","spotify","2025-01-01"
"c3883","creator_33","Synthetic Item 3883",3943,"short","youtube","2025-01-01"
"c3884","creator_34","Synthetic Item 3884",3944,"podcast","blog","2025-01-01"
"c3885","creator_35","Synthetic Item 3885",3945,"live","instagram","2025-01-01"
"c3886","creator_36","Synthetic Item 3886",3946,"video","tiktok","2025-01-01"
"c3887","creator_37","Synthetic Item 3887",3947,"article","twitch","2025-01-01"
"c3888","creator_38","Synthetic Item 3888",3948,"short","spotify","2025-01-01"
"c3889","creator_39","Synthetic Item 3889",3949,"podcast","youtube","2025-01-01"
"c3890","creator_40","Synthetic Item 3890",3950,"live","blog","2025-01-01"
"c3891","creator_41","Synthetic Item 3891",3951,"video","instagram","2025-01-01"
"c3892","creator_42","Synthetic Item 3892",3952,"article","tiktok","2025-01-01"
"c3893","creator_43","Synthetic Item 3893",3953,"short","twitch","2025-01-01"
"c3894","creator_44","Synthetic Item 3894",3954,"podcast","spotify","2025-01-01"
"c3895","creator_45","Synthetic Item 3895",3955,"live","youtube","2025-01-01"
"c3896","creator_46","Synthetic Item 3896",3956,"video","blog","2025-01-01"
"c3897","creator_47","Synthetic Item 3897",3957,"article","instagram","2025-01-01"
"c3898","creator_48","Synthetic Item 3898",3958,"short","tiktok","2025-01-01"
"c3899","creator_49","Synthetic Item 3899",3959,"podcast","twitch","2025-01-01"
"c3900","creator_50","Synthetic Item 3900",3960,"live","spotify","2025-01-01"
"c3901","creator_1","Synthetic Item 3901",3961,"video","youtube","2025-01-01"
"c3902","creator_2","Synthetic Item 3902",3962,"article","blog","2025-01-01"
"c3903","creator_3","Synthetic Item 3903",3963,"short","instagram","2025-01-01"
"c3904","creator_4","Synthetic Item 3904",3964,"podcast","tiktok","2025-01-01"
"c3905","creator_5","Synthetic Item 3905",3965,"live","twitch","2025-01-01"
"c3906","creator_6","Synthetic Item 3906",3966,"video","spotify","2025-01-01"
"c3907","creator_7","Synthetic Item 3907",3967,"article","youtube","2025-01-01"
"c3908","creator_8","Synthetic Item 3908",3968,"short","blog","2025-01-01"
"c3909","creator_9","Synthetic Item 3909",3969,"podcast","instagram","2025-01-01"
"c3910","creator_10","Synthetic Item 3910",3970,"live","tiktok","2025-01-01"
"c3911","creator_11","Synthetic Item 3911",3971,"video","twitch","2025-01-01"
"c3912","creator_12","Synthetic Item 3912",3972,"article","spotify","2025-01-01"
"c3913","creator_13","Synthetic Item 3913",3973,"short","youtube","2025-01-01"
"c3914","creator_14","Synthetic Item 3914",3974,"podcast","blog","2025-01-01"
"c3915","creator_15","Synthetic Item 3915",3975,"live","instagram","2025-01-01"
"c3916","creator_16","Synthetic Item 3916",3976,"video","tiktok","2025-01-01"
"c3917","creator_17","Synthetic Item 3917",3977,"article","twitch","2025-01-01"
"c3918","creator_18","Synthetic Item 3918",3978,"short","spotify","2025-01-01"
"c3919","creator_19","Synthetic Item 3919",3979,"podcast","youtube","2025-01-01"
"c3920","creator_20","Synthetic Item 3920",3980,"live","blog","2025-01-01"
"c3921","creator_21","Synthetic Item 3921",3981,"video","instagram","2025-01-01"
"c3922","creator_22","Synthetic Item 3922",3982,"article","tiktok","2025-01-01"
"c3923","creator_23","Synthetic Item 3923",3983,"short","twitch","2025-01-01"
"c3924","creator_24","Synthetic Item 3924",3984,"podcast","spotify","2025-01-01"
"c3925","creator_25","Synthetic Item 3925",3985,"live","youtube","2025-01-01"
"c3926","creator_26","Synthetic Item 3926",3986,"video","blog","2025-01-01"
"c3927","creator_27","Synthetic Item 3927",3987,"article","instagram","2025-01-01"
"c3928","creator_28","Synthetic Item 3928",3988,"short","tiktok","2025-01-01"
"c3929","creator_29","Synthetic Item 3929",3989,"podcast","twitch","2025-01-01"
"c3930","creator_30","Synthetic Item 3930",3990,"live","spotify","2025-01-01"
"c3931","creator_31","Synthetic Item 3931",3991,"video","youtube","2025-01-01"
"c3932","creator_32","Synthetic Item 3932",3992,"article","blog","2025-01-01"
"c3933","creator_33","Synthetic Item 3933",3993,"short","instagram","2025-01-01"
"c3934","creator_34","Synthetic Item 3934",3994,"podcast","tiktok","2025-01-01"
"c3935","creator_35","Synthetic Item 3935",3995,"live","twitch","2025-01-01"
"c3936","creator_36","Synthetic Item 3936",3996,"video","spotify","2025-01-01"
"c3937","creator_37","Synthetic Item 3937",3997,"article","youtube","2025-01-01"
"c3938","creator_38","Synthetic Item 3938",3998,"short","blog","2025-01-01"
"c3939","creator_39","Synthetic Item 3939",3999,"podcast","instagram","2025-01-01"
"c3940","creator_40","Synthetic Item 3940",4000,"live","tiktok","2025-01-01"
"c3941","creator_41","Synthetic Item 3941",4001,"video","twitch","2025-01-01"
"c3942","creator_42","Synthetic Item 3942",4002,"article","spotify","2025-01-01"
"c3943","creator_43","Synthetic Item 3943",4003,"short","youtube","2025-01-01"
"c3944","creator_44","Synthetic Item 3944",4004,"podcast","blog","2025-01-01"
"c3945","creator_45","Synthetic Item 3945",4005,"live","instagram","2025-01-01"
"c3946","creator_46","Synthetic Item 3946",4006,"video","tiktok","2025-01-01"
"c3947","creator_47","Synthetic Item 3947",4007,"article","twitch","2025-01-01"
"c3948","creator_48","Synthetic Item 3948",4008,"short","spotify","2025-01-01"
"c3949","creator_49","Synthetic Item 3949",4009,"podcast","youtube","2025-01-01"
"c3950","creator_50","Synthetic Item 3950",4010,"live","blog","2025-01-01"
"c3951","creator_1","Synthetic Item 3951",4011,"video","instagram","2025-01-01"
"c3952","creator_2","Synthetic Item 3952",4012,"article","tiktok","2025-01-01"
"c3953","creator_3","Synthetic Item 3953",4013,"short","twitch","2025-01-01"
"c3954","creator_4","Synthetic Item 3954",4014,"podcast","spotify","2025-01-01"
"c3955","creator_5","Synthetic Item 3955",4015,"live","youtube","2025-01-01"
"c3956","creator_6","Synthetic Item 3956",4016,"video","blog","2025-01-01"
"c3957","creator_7","Synthetic Item 3957",4017,"article","instagram","2025-01-01"
"c3958","creator_8","Synthetic Item 3958",4018,"short","tiktok","2025-01-01"
"c3959","creator_9","Synthetic Item 3959",4019,"podcast","twitch","2025-01-01"
"c3960","creator_10","Synthetic Item 3960",4020,"live","spotify","2025-01-01"
"c3961","creator_11","Synthetic Item 3961",4021,"video","youtube","2025-01-01"
"c3962","creator_12","Synthetic Item 3962",4022,"article","blog","2025-01-01"
"c3963","creator_13","Synthetic Item 3963",4023,"short","instagram","2025-01-01"
"c3964","creator_14","Synthetic Item 3964",4024,"podcast","tiktok","2025-01-01"
"c3965","creator_15","Synthetic Item 3965",4025,"live","twitch","2025-01-01"
"c3966","creator_16","Synthetic Item 3966",4026,"video","spotify","2025-01-01"
"c3967","creator_17","Synthetic Item 3967",4027,"article","youtube","2025-01-01"
"c3968","creator_18","Synthetic Item 3968",4028,"short","blog","2025-01-01"
"c3969","creator_19","Synthetic Item 3969",4029,"podcast","instagram","2025-01-01"
"c3970","creator_20","Synthetic Item 3970",4030,"live","tiktok","2025-01-01"
"c3971","creator_21","Synthetic Item 3971",4031,"video","twitch","2025-01-01"
"c3972","creator_22","Synthetic Item 3972",4032,"article","spotify","2025-01-01"
"c3973","creator_23","Synthetic Item 3973",4033,"short","youtube","2025-01-01"
"c3974","creator_24","Synthetic Item 3974",4034,"podcast","blog","2025-01-01"
"c3975","creator_25","Synthetic Item 3975",4035,"live","instagram","2025-01-01"
"c3976","creator_26","Synthetic Item 3976",4036,"video","tiktok","2025-01-01"
"c3977","creator_27","Synthetic Item 3977",4037,"article","twitch","2025-01-01"
"c3978","creator_28","Synthetic Item 3978",4038,"short","spotify","2025-01-01"
"c3979","creator_29","Synthetic Item 3979",4039,"podcast","youtube","2025-01-01"
"c3980","creator_30","Synthetic Item 3980",4040,"live","blog","2025-01-01"
"c3981","creator_31","Synthetic Item 3981",4041,"video","instagram","2025-01-01"
"c3982","creator_32","Synthetic Item 3982",4042,"article","tiktok","2025-01-01"
"c3983","creator_33","Synthetic Item 3983",4043,"short","twitch","2025-01-01"
"c3984","creator_34","Synthetic Item 3984",4044,"podcast","spotify","2025-01-01"
"c3985","creator_35","Synthetic Item 3985",4045,"live","youtube","2025-01-01"
"c3986","creator_36","Synthetic Item 3986",4046,"video","blog","2025-01-01"
"c3987","creator_37","Synthetic Item 3987",4047,"article","instagram","2025-01-01"
"c3988","creator_38","Synthetic Item 3988",4048,"short","tiktok","2025-01-01"
"c3989","creator_39","Synthetic Item 3989",4049,"podcast","twitch","2025-01-01"
"c3990","creator_40","Synthetic Item 3990",4050,"live","spotify","2025-01-01"
"c3991","creator_41","Synthetic Item 3991",4051,"video","youtube","2025-01-01"
"c3992","creator_42","Synthetic Item 3992",4052,"article","blog","2025-01-01"
"c3993","creator_43","Synthetic Item 3993",4053,"short","instagram","2025-01-01"
"c3994","creator_44","Synthetic Item 3994",4054,"podcast","tiktok","2025-01-01"
"c3995","creator_45","Synthetic Item 3995",4055,"live","twitch","2025-01-01"
"c3996","creator_46","Synthetic Item 3996",4056,"video","spotify","2025-01-01"
"c3997","creator_47","Synthetic Item 3997",4057,"article","youtube","2025-01-01"
"c3998","creator_48","Synthetic Item 3998",4058,"short","blog","2025-01-01"
"c3999","creator_49","Synthetic Item 3999",4059,"podcast","instagram","2025-01-01"
"c4000","creator_50","Synthetic Item 4000",4060,"live","tiktok","2025-01-01"
"c4001","creator_1","Synthetic Item 4001",4061,"video","twitch","2025-01-01"
"c4002","creator_2","Synthetic Item 4002",4062,"article","spotify","2025-01-01"
"c4003","creator_3","Synthetic Item 4003",4063,"short","youtube","2025-01-01"
"c4004","creator_4","Synthetic Item 4004",4064,"podcast","blog","2025-01-01"
"c4005","creator_5","Synthetic Item 4005",4065,"live","instagram","2025-01-01"
"c4006","creator_6","Synthetic Item 4006",4066,"video","tiktok","2025-01-01"
"c4007","creator_7","Synthetic Item 4007",4067,"article","twitch","2025-01-01"
"c4008","creator_8","Synthetic Item 4008",4068,"short","spotify","2025-01-01"
"c4009","creator_9","Synthetic Item 4009",4069,"podcast","youtube","2025-01-01"
"c4010","creator_10","Synthetic Item 4010",4070,"live","blog","2025-01-01"
"c4011","creator_11","Synthetic Item 4011",4071,"video","instagram","2025-01-01"
"c4012","creator_12","Synthetic Item 4012",4072,"article","tiktok","2025-01-01"
"c4013","creator_13","Synthetic Item 4013",4073,"short","twitch","2025-01-01"
"c4014","creator_14","Synthetic Item 4014",4074,"podcast","spotify","2025-01-01"
"c4015","creator_15","Synthetic Item 4015",4075,"live","youtube","2025-01-01"
"c4016","creator_16","Synthetic Item 4016",4076,"video","blog","2025-01-01"
"c4017","creator_17","Synthetic Item 4017",4077,"article","instagram","2025-01-01"
"c4018","creator_18","Synthetic Item 4018",4078,"short","tiktok","2025-01-01"
"c4019","creator_19","Synthetic Item 4019",4079,"podcast","twitch","2025-01-01"
"c4020","creator_20","Synthetic Item 4020",4080,"live","spotify","2025-01-01"
"c4021","creator_21","Synthetic Item 4021",4081,"video","youtube","2025-01-01"
"c4022","creator_22","Synthetic Item 4022",4082,"article","blog","2025-01-01"
"c4023","creator_23","Synthetic Item 4023",4083,"short","instagram","2025-01-01"
"c4024","creator_24","Synthetic Item 4024",4084,"podcast","tiktok","2025-01-01"
"c4025","creator_25","Synthetic Item 4025",4085,"live","twitch","2025-01-01"
"c4026","creator_26","Synthetic Item 4026",4086,"video","spotify","2025-01-01"
"c4027","creator_27","Synthetic Item 4027",4087,"article","youtube","2025-01-01"
"c4028","creator_28","Synthetic Item 4028",4088,"short","blog","2025-01-01"
"c4029","creator_29","Synthetic Item 4029",4089,"podcast","instagram","2025-01-01"
"c4030","creator_30","Synthetic Item 4030",4090,"live","tiktok","2025-01-01"
"c4031","creator_31","Synthetic Item 4031",4091,"video","twitch","2025-01-01"
"c4032","creator_32","Synthetic Item 4032",4092,"article","spotify","2025-01-01"
"c4033","creator_33","Synthetic Item 4033",4093,"short","youtube","2025-01-01"
"c4034","creator_34","Synthetic Item 4034",4094,"podcast","blog","2025-01-01"
"c4035","creator_35","Synthetic Item 4035",4095,"live","instagram","2025-01-01"
"c4036","creator_36","Synthetic Item 4036",4096,"video","tiktok","2025-01-01"
"c4037","creator_37","Synthetic Item 4037",4097,"article","twitch","2025-01-01"
"c4038","creator_38","Synthetic Item 4038",4098,"short","spotify","2025-01-01"
"c4039","creator_39","Synthetic Item 4039",4099,"podcast","youtube","2025-01-01"
"c4040","creator_40","Synthetic Item 4040",4100,"live","blog","2025-01-01"
"c4041","creator_41","Synthetic Item 4041",4101,"video","instagram","2025-01-01"
"c4042","creator_42","Synthetic Item 4042",4102,"article","tiktok","2025-01-01"
"c4043","creator_43","Synthetic Item 4043",4103,"short","twitch","2025-01-01"
"c4044","creator_44","Synthetic Item 4044",4104,"podcast","spotify","2025-01-01"
"c4045","creator_45","Synthetic Item 4045",4105,"live","youtube","2025-01-01"
"c4046","creator_46","Synthetic Item 4046",4106,"video","blog","2025-01-01"
"c4047","creator_47","Synthetic Item 4047",4107,"article","instagram","2025-01-01"
"c4048","creator_48","Synthetic Item 4048",4108,"short","tiktok","2025-01-01"
"c4049","creator_49","Synthetic Item 4049",4109,"podcast","twitch","2025-01-01"
"c4050","creator_50","Synthetic Item 4050",4110,"live","spotify","2025-01-01"
"c4051","creator_1","Synthetic Item 4051",4111,"video","youtube","2025-01-01"
"c4052","creator_2","Synthetic Item 4052",4112,"article","blog","2025-01-01"
"c4053","creator_3","Synthetic Item 4053",4113,"short","instagram","2025-01-01"
"c4054","creator_4","Synthetic Item 4054",4114,"podcast","tiktok","2025-01-01"
"c4055","creator_5","Synthetic Item 4055",4115,"live","twitch","2025-01-01"
"c4056","creator_6","Synthetic Item 4056",4116,"video","spotify","2025-01-01"
"c4057","creator_7","Synthetic Item 4057",4117,"article","youtube","2025-01-01"
"c4058","creator_8","Synthetic Item 4058",4118,"short","blog","2025-01-01"
"c4059","creator_9","Synthetic Item 4059",4119,"podcast","instagram","2025-01-01"
"c4060","creator_10","Synthetic Item 4060",4120,"live","tiktok","2025-01-01"
"c4061","creator_11","Synthetic Item 4061",4121,"video","twitch","2025-01-01"
"c4062","creator_12","Synthetic Item 4062",4122,"article","spotify","2025-01-01"
"c4063","creator_13","Synthetic Item 4063",4123,"short","youtube","2025-01-01"
"c4064","creator_14","Synthetic Item 4064",4124,"podcast","blog","2025-01-01"
"c4065","creator_15","Synthetic Item 4065",4125,"live","instagram","2025-01-01"
"c4066","creator_16","Synthetic Item 4066",4126,"video","tiktok","2025-01-01"
"c4067","creator_17","Synthetic Item 4067",4127,"article","twitch","2025-01-01"
"c4068","creator_18","Synthetic Item 4068",4128,"short","spotify","2025-01-01"
"c4069","creator_19","Synthetic Item 4069",4129,"podcast","youtube","2025-01-01"
"c4070","creator_20","Synthetic Item 4070",4130,"live","blog","2025-01-01"
"c4071","creator_21","Synthetic Item 4071",4131,"video","instagram","2025-01-01"
"c4072","creator_22","Synthetic Item 4072",4132,"article","tiktok","2025-01-01"
"c4073","creator_23","Synthetic Item 4073",4133,"short","twitch","2025-01-01"
"c4074","creator_24","Synthetic Item 4074",4134,"podcast","spotify","2025-01-01"
"c4075","creator_25","Synthetic Item 4075",4135,"live","youtube","2025-01-01"
"c4076","creator_26","Synthetic Item 4076",4136,"video","blog","2025-01-01"
"c4077","creator_27","Synthetic Item 4077",4137,"article","instagram","2025-01-01"
"c4078","creator_28","Synthetic Item 4078",4138,"short","tiktok","2025-01-01"
"c4079","creator_29","Synthetic Item 4079",4139,"podcast","twitch","2025-01-01"
"c4080","creator_30","Synthetic Item 4080",4140,"live","spotify","2025-01-01"
"c4081","creator_31","Synthetic Item 4081",4141,"video","youtube","2025-01-01"
"c4082","creator_32","Synthetic Item 4082",4142,"article","blog","2025-01-01"
"c4083","creator_33","Synthetic Item 4083",4143,"short","instagram","2025-01-01"
"c4084","creator_34","Synthetic Item 4084",4144,"podcast","tiktok","2025-01-01"
"c4085","creator_35","Synthetic Item 4085",4145,"live","twitch","2025-01-01"
"c4086","creator_36","Synthetic Item 4086",4146,"video","spotify","2025-01-01"
"c4087","creator_37","Synthetic Item 4087",4147,"article","youtube","2025-01-01"
"c4088","creator_38","Synthetic Item 4088",4148,"short","blog","2025-01-01"
"c4089","creator_39","Synthetic Item 4089",4149,"podcast","instagram","2025-01-01"
"c4090","creator_40","Synthetic Item 4090",4150,"live","tiktok","2025-01-01"
"c4091","creator_41","Synthetic Item 4091",4151,"video","twitch","2025-01-01"
"c4092","creator_42","Synthetic Item 4092",4152,"article","spotify","2025-01-01"
"c4093","creator_43","Synthetic Item 4093",4153,"short","youtube","2025-01-01"
"c4094","creator_44","Synthetic Item 4094",4154,"podcast","blog","2025-01-01"
"c4095","creator_45","Synthetic Item 4095",4155,"live","instagram","2025-01-01"
"c4096","creator_46","Synthetic Item 4096",4156,"video","tiktok","2025-01-01"
"c4097","creator_47","Synthetic Item 4097",4157,"article","twitch","2025-01-01"
"c4098","creator_48","Synthetic Item 4098",4158,"short","spotify","2025-01-01"
"c4099","creator_49","Synthetic Item 4099",4159,"podcast","youtube","2025-01-01"
"c4100","creator_50","Synthetic Item 4100",4160,"live","blog","2025-01-01"
"c4101","creator_1","Synthetic Item 4101",4161,"video","instagram","2025-01-01"
"c4102","creator_2","Synthetic Item 4102",4162,"article","tiktok","2025-01-01"
"c4103","creator_3","Synthetic Item 4103",4163,"short","twitch","2025-01-01"
"c4104","creator_4","Synthetic Item 4104",4164,"podcast","spotify","2025-01-01"
"c4105","creator_5","Synthetic Item 4105",4165,"live","youtube","2025-01-01"
"c4106","creator_6","Synthetic Item 4106",4166,"video","blog","2025-01-01"
"c4107","creator_7","Synthetic Item 4107",4167,"article","instagram","2025-01-01"
"c4108","creator_8","Synthetic Item 4108",4168,"short","tiktok","2025-01-01"
"c4109","creator_9","Synthetic Item 4109",4169,"podcast","twitch","2025-01-01"
"c4110","creator_10","Synthetic Item 4110",4170,"live","spotify","2025-01-01"
"c4111","creator_11","Synthetic Item 4111",4171,"video","youtube","2025-01-01"
"c4112","creator_12","Synthetic Item 4112",4172,"article","blog","2025-01-01"
"c4113","creator_13","Synthetic Item 4113",4173,"short","instagram","2025-01-01"
"c4114","creator_14","Synthetic Item 4114",4174,"podcast","tiktok","2025-01-01"
"c4115","creator_15","Synthetic Item 4115",4175,"live","twitch","2025-01-01"
"c4116","creator_16","Synthetic Item 4116",4176,"video","spotify","2025-01-01"
"c4117","creator_17","Synthetic Item 4117",4177,"article","youtube","2025-01-01"
"c4118","creator_18","Synthetic Item 4118",4178,"short","blog","2025-01-01"
"c4119","creator_19","Synthetic Item 4119",4179,"podcast","instagram","2025-01-01"
"c4120","creator_20","Synthetic Item 4120",4180,"live","tiktok","2025-01-01"
"c4121","creator_21","Synthetic Item 4121",4181,"video","twitch","2025-01-01"
"c4122","creator_22","Synthetic Item 4122",4182,"article","spotify","2025-01-01"
"c4123","creator_23","Synthetic Item 4123",4183,"short","youtube","2025-01-01"
"c4124","creator_24","Synthetic Item 4124",4184,"podcast","blog","2025-01-01"
"c4125","creator_25","Synthetic Item 4125",4185,"live","instagram","2025-01-01"
"c4126","creator_26","Synthetic Item 4126",4186,"video","tiktok","2025-01-01"
"c4127","creator_27","Synthetic Item 4127",4187,"article","twitch","2025-01-01"
"c4128","creator_28","Synthetic Item 4128",4188,"short","spotify","2025-01-01"
"c4129","creator_29","Synthetic Item 4129",4189,"podcast","youtube","2025-01-01"
"c4130","creator_30","Synthetic Item 4130",4190,"live","blog","2025-01-01"
"c4131","creator_31","Synthetic Item 4131",4191,"video","instagram","2025-01-01"
"c4132","creator_32","Synthetic Item 4132",4192,"article","tiktok","2025-01-01"
"c4133","creator_33","Synthetic Item 4133",4193,"short","twitch","2025-01-01"
"c4134","creator_34","Synthetic Item 4134",4194,"podcast","spotify","2025-01-01"
"c4135","creator_35","Synthetic Item 4135",4195,"live","youtube","2025-01-01"
"c4136","creator_36","Synthetic Item 4136",4196,"video","blog","2025-01-01"
"c4137","creator_37","Synthetic Item 4137",4197,"article","instagram","2025-01-01"
"c4138","creator_38","Synthetic Item 4138",4198,"short","tiktok","2025-01-01"
"c4139","creator_39","Synthetic Item 4139",4199,"podcast","twitch","2025-01-01"
"c4140","creator_40","Synthetic Item 4140",4200,"live","spotify","2025-01-01"
"c4141","creator_41","Synthetic Item 4141",4201,"video","youtube","2025-01-01"
"c4142","creator_42","Synthetic Item 4142",4202,"article","blog","2025-01-01"
"c4143","creator_43","Synthetic Item 4143",4203,"short","instagram","2025-01-01"
"c4144","creator_44","Synthetic Item 4144",4204,"podcast","tiktok","2025-01-01"
"c4145","creator_45","Synthetic Item 4145",4205,"live","twitch","2025-01-01"
"c4146","creator_46","Synthetic Item 4146",4206,"video","spotify","2025-01-01"
"c4147","creator_47","Synthetic Item 4147",4207,"article","youtube","2025-01-01"
"c4148","creator_48","Synthetic Item 4148",4208,"short","blog","2025-01-01"
"c4149","creator_49","Synthetic Item 4149",4209,"podcast","instagram","2025-01-01"
"c4150","creator_50","Synthetic Item 4150",4210,"live","tiktok","2025-01-01"
"c4151","creator_1","Synthetic Item 4151",4211,"video","twitch","2025-01-01"
"c4152","creator_2","Synthetic Item 4152",4212,"article","spotify","2025-01-01"
"c4153","creator_3","Synthetic Item 4153",4213,"short","youtube","2025-01-01"
"c4154","creator_4","Synthetic Item 4154",4214,"podcast","blog","2025-01-01"
"c4155","creator_5","Synthetic Item 4155",4215,"live","instagram","2025-01-01"
"c4156","creator_6","Synthetic Item 4156",4216,"video","tiktok","2025-01-01"
"c4157","creator_7","Synthetic Item 4157",4217,"article","twitch","2025-01-01"
"c4158","creator_8","Synthetic Item 4158",4218,"short","spotify","2025-01-01"
"c4159","creator_9","Synthetic Item 4159",4219,"podcast","youtube","2025-01-01"
"c4160","creator_10","Synthetic Item 4160",4220,"live","blog","2025-01-01"
"c4161","creator_11","Synthetic Item 4161",4221,"video","instagram","2025-01-01"
"c4162","creator_12","Synthetic Item 4162",4222,"article","tiktok","2025-01-01"
"c4163","creator_13","Synthetic Item 4163",4223,"short","twitch","2025-01-01"
"c4164","creator_14","Synthetic Item 4164",4224,"podcast","spotify","2025-01-01"
"c4165","creator_15","Synthetic Item 4165",4225,"live","youtube","2025-01-01"
"c4166","creator_16","Synthetic Item 4166",4226,"video","blog","2025-01-01"
"c4167","creator_17","Synthetic Item 4167",4227,"article","instagram","2025-01-01"
"c4168","creator_18","Synthetic Item 4168",4228,"short","tiktok","2025-01-01"
"c4169","creator_19","Synthetic Item 4169",4229,"podcast","twitch","2025-01-01"
"c4170","creator_20","Synthetic Item 4170",4230,"live","spotify","2025-01-01"
"c4171","creator_21","Synthetic Item 4171",4231,"video","youtube","2025-01-01"
"c4172","creator_22","Synthetic Item 4172",4232,"article","blog","2025-01-01"
"c4173","creator_23","Synthetic Item 4173",4233,"short","instagram","2025-01-01"
"c4174","creator_24","Synthetic Item 4174",4234,"podcast","tiktok","2025-01-01"
"c4175","creator_25","Synthetic Item 4175",4235,"live","twitch","2025-01-01"
"c4176","creator_26","Synthetic Item 4176",4236,"video","spotify","2025-01-01"
"c4177","creator_27","Synthetic Item 4177",4237,"article","youtube","2025-01-01"
"c4178","creator_28","Synthetic Item 4178",4238,"short","blog","2025-01-01"
"c4179","creator_29","Synthetic Item 4179",4239,"podcast","instagram","2025-01-01"
"c4180","creator_30","Synthetic Item 4180",4240,"live","tiktok","2025-01-01"
"c4181","creator_31","Synthetic Item 4181",4241,"video","twitch","2025-01-01"
"c4182","creator_32","Synthetic Item 4182",4242,"article","spotify","2025-01-01"
"c4183","creator_33","Synthetic Item 4183",4243,"short","youtube","2025-01-01"
"c4184","creator_34","Synthetic Item 4184",4244,"podcast","blog","2025-01-01"
"c4185","creator_35","Synthetic Item 4185",4245,"live","instagram","2025-01-01"
"c4186","creator_36","Synthetic Item 4186",4246,"video","tiktok","2025-01-01"
"c4187","creator_37","Synthetic Item 4187",4247,"article","twitch","2025-01-01"
"c4188","creator_38","Synthetic Item 4188",4248,"short","spotify","2025-01-01"
"c4189","creator_39","Synthetic Item 4189",4249,"podcast","youtube","2025-01-01"
"c4190","creator_40","Synthetic Item 4190",4250,"live","blog","2025-01-01"
"c4191","creator_41","Synthetic Item 4191",4251,"video","instagram","2025-01-01"
"c4192","creator_42","Synthetic Item 4192",4252,"article","tiktok","2025-01-01"
"c4193","creator_43","Synthetic Item 4193",4253,"short","twitch","2025-01-01"
"c4194","creator_44","Synthetic Item 4194",4254,"podcast","spotify","2025-01-01"
"c4195","creator_45","Synthetic Item 4195",4255,"live","youtube","2025-01-01"
"c4196","creator_46","Synthetic Item 4196",4256,"video","blog","2025-01-01"
"c4197","creator_47","Synthetic Item 4197",4257,"article","instagram","2025-01-01"
"c4198","creator_48","Synthetic Item 4198",4258,"short","tiktok","2025-01-01"
"c4199","creator_49","Synthetic Item 4199",4259,"podcast","twitch","2025-01-01"
"c4200","creator_50","Synthetic Item 4200",4260,"live","spotify","2025-01-01"
"c4201","creator_1","Synthetic Item 4201",4261,"video","youtube","2025-01-01"
"c4202","creator_2","Synthetic Item 4202",4262,"article","blog","2025-01-01"
"c4203","creator_3","Synthetic Item 4203",4263,"short","instagram","2025-01-01"
"c4204","creator_4","Synthetic Item 4204",4264,"podcast","tiktok","2025-01-01"
"c4205","creator_5","Synthetic Item 4205",4265,"live","twitch","2025-01-01"
"c4206","creator_6","Synthetic Item 4206",4266,"video","spotify","2025-01-01"
"c4207","creator_7","Synthetic Item 4207",4267,"article","youtube","2025-01-01"
"c4208","creator_8","Synthetic Item 4208",4268,"short","blog","2025-01-01"
"c4209","creator_9","Synthetic Item 4209",4269,"podcast","instagram","2025-01-01"
"c4210","creator_10","Synthetic Item 4210",4270,"live","tiktok","2025-01-01"
"c4211","creator_11","Synthetic Item 4211",4271,"video","twitch","2025-01-01"
"c4212","creator_12","Synthetic Item 4212",4272,"article","spotify","2025-01-01"
"c4213","creator_13","Synthetic Item 4213",4273,"short","youtube","2025-01-01"
"c4214","creator_14","Synthetic Item 4214",4274,"podcast","blog","2025-01-01"
"c4215","creator_15","Synthetic Item 4215",4275,"live","instagram","2025-01-01"
"c4216","creator_16","Synthetic Item 4216",4276,"video","tiktok","2025-01-01"
"c4217","creator_17","Synthetic Item 4217",4277,"article","twitch","2025-01-01"
"c4218","creator_18","Synthetic Item 4218",4278,"short","spotify","2025-01-01"
"c4219","creator_19","Synthetic Item 4219",4279,"podcast","youtube","2025-01-01"
"c4220","creator_20","Synthetic Item 4220",4280,"live","blog","2025-01-01"
"c4221","creator_21","Synthetic Item 4221",4281,"video","instagram","2025-01-01"
"c4222","creator_22","Synthetic Item 4222",4282,"article","tiktok","2025-01-01"
"c4223","creator_23","Synthetic Item 4223",4283,"short","twitch","2025-01-01"
"c4224","creator_24","Synthetic Item 4224",4284,"podcast","spotify","2025-01-01"
"c4225","creator_25","Synthetic Item 4225",4285,"live","youtube","2025-01-01"
"c4226","creator_26","Synthetic Item 4226",4286,"video","blog","2025-01-01"
"c4227","creator_27","Synthetic Item 4227",4287,"article","instagram","2025-01-01"
"c4228","creator_28","Synthetic Item 4228",4288,"short","tiktok","2025-01-01"
"c4229","creator_29","Synthetic Item 4229",4289,"podcast","twitch","2025-01-01"
"c4230","creator_30","Synthetic Item 4230",4290,"live","spotify","2025-01-01"
"c4231","creator_31","Synthetic Item 4231",4291,"video","youtube","2025-01-01"
"c4232","creator_32","Synthetic Item 4232",4292,"article","blog","2025-01-01"
"c4233","creator_33","Synthetic Item 4233",4293,"short","instagram","2025-01-01"
"c4234","creator_34","Synthetic Item 4234",4294,"podcast","tiktok","2025-01-01"
"c4235","creator_35","Synthetic Item 4235",4295,"live","twitch","2025-01-01"
"c4236","creator_36","Synthetic Item 4236",4296,"video","spotify","2025-01-01"
"c4237","creator_37","Synthetic Item 4237",4297,"article","youtube","2025-01-01"
"c4238","creator_38","Synthetic Item 4238",4298,"short","blog","2025-01-01"
"c4239","creator_39","Synthetic Item 4239",4299,"podcast","instagram","2025-01-01"
"c4240","creator_40","Synthetic Item 4240",4300,"live","tiktok","2025-01-01"
"c4241","creator_41","Synthetic Item 4241",4301,"video","twitch","2025-01-01"
"c4242","creator_42","Synthetic Item 4242",4302,"article","spotify","2025-01-01"
"c4243","creator_43","Synthetic Item 4243",4303,"short","youtube","2025-01-01"
"c4244","creator_44","Synthetic Item 4244",4304,"podcast","blog","2025-01-01"
"c4245","creator_45","Synthetic Item 4245",4305,"live","instagram","2025-01-01"
"c4246","creator_46","Synthetic Item 4246",4306,"video","tiktok","2025-01-01"
"c4247","creator_47","Synthetic Item 4247",4307,"article","twitch","2025-01-01"
"c4248","creator_48","Synthetic Item 4248",4308,"short","spotify","2025-01-01"
"c4249","creator_49","Synthetic Item 4249",4309,"podcast","youtube","2025-01-01"
"c4250","creator_50","Synthetic Item 4250",4310,"live","blog","2025-01-01"
"c4251","creator_1","Synthetic Item 4251",4311,"video","instagram","2025-01-01"
"c4252","creator_2","Synthetic Item 4252",4312,"article","tiktok","2025-01-01"
"c4253","creator_3","Synthetic Item 4253",4313,"short","twitch","2025-01-01"
"c4254","creator_4","Synthetic Item 4254",4314,"podcast","spotify","2025-01-01"
"c4255","creator_5","Synthetic Item 4255",4315,"live","youtube","2025-01-01"
"c4256","creator_6","Synthetic Item 4256",4316,"video","blog","2025-01-01"
"c4257","creator_7","Synthetic Item 4257",4317,"article","instagram","2025-01-01"
"c4258","creator_8","Synthetic Item 4258",4318,"short","tiktok","2025-01-01"
"c4259","creator_9","Synthetic Item 4259",4319,"podcast","twitch","2025-01-01"
"c4260","creator_10","Synthetic Item 4260",4320,"live","spotify","2025-01-01"
"c4261","creator_11","Synthetic Item 4261",4321,"video","youtube","2025-01-01"
"c4262","creator_12","Synthetic Item 4262",4322,"article","blog","2025-01-01"
"c4263","creator_13","Synthetic Item 4263",4323,"short","instagram","2025-01-01"
"c4264","creator_14","Synthetic Item 4264",4324,"podcast","tiktok","2025-01-01"
"c4265","creator_15","Synthetic Item 4265",4325,"live","twitch","2025-01-01"
"c4266","creator_16","Synthetic Item 4266",4326,"video","spotify","2025-01-01"
"c4267","creator_17","Synthetic Item 4267",4327,"article","youtube","2025-01-01"
"c4268","creator_18","Synthetic Item 4268",4328,"short","blog","2025-01-01"
"c4269","creator_19","Synthetic Item 4269",4329,"podcast","instagram","2025-01-01"
"c4270","creator_20","Synthetic Item 4270",4330,"live","tiktok","2025-01-01"
"c4271","creator_21","Synthetic Item 4271",4331,"video","twitch","2025-01-01"
"c4272","creator_22","Synthetic Item 4272",4332,"article","spotify","2025-01-01"
"c4273","creator_23","Synthetic Item 4273",4333,"short","youtube","2025-01-01"
"c4274","creator_24","Synthetic Item 4274",4334,"podcast","blog","2025-01-01"
"c4275","creator_25","Synthetic Item 4275",4335,"live","instagram","2025-01-01"
"c4276","creator_26","Synthetic Item 4276",4336,"video","tiktok","2025-01-01"
"c4277","creator_27","Synthetic Item 4277",4337,"article","twitch","2025-01-01"
"c4278","creator_28","Synthetic Item 4278",4338,"short","spotify","2025-01-01"
"c4279","creator_29","Synthetic Item 4279",4339,"podcast","youtube","2025-01-01"
"c4280","creator_30","Synthetic Item 4280",4340,"live","blog","2025-01-01"
"c4281","creator_31","Synthetic Item 4281",4341,"video","instagram","2025-01-01"
"c4282","creator_32","Synthetic Item 4282",4342,"article","tiktok","2025-01-01"
"c4283","creator_33","Synthetic Item 4283",4343,"short","twitch","2025-01-01"
"c4284","creator_34","Synthetic Item 4284",4344,"podcast","spotify","2025-01-01"
"c4285","creator_35","Synthetic Item 4285",4345,"live","youtube","2025-01-01"
"c4286","creator_36","Synthetic Item 4286",4346,"video","blog","2025-01-01"
"c4287","creator_37","Synthetic Item 4287",4347,"article","instagram","2025-01-01"
"c4288","creator_38","Synthetic Item 4288",4348,"short","tiktok","2025-01-01"
"c4289","creator_39","Synthetic Item 4289",4349,"podcast","twitch","2025-01-01"
"c4290","creator_40","Synthetic Item 4290",4350,"live","spotify","2025-01-01"
"c4291","creator_41","Synthetic Item 4291",4351,"video","youtube","2025-01-01"
"c4292","creator_42","Synthetic Item 4292",4352,"article","blog","2025-01-01"
"c4293","creator_43","Synthetic Item 4293",4353,"short","instagram","2025-01-01"
"c4294","creator_44","Synthetic Item 4294",4354,"podcast","tiktok","2025-01-01"
"c4295","creator_45","Synthetic Item 4295",4355,"live","twitch","2025-01-01"
"c4296","creator_46","Synthetic Item 4296",4356,"video","spotify","2025-01-01"
"c4297","creator_47","Synthetic Item 4297",4357,"article","youtube","2025-01-01"
"c4298","creator_48","Synthetic Item 4298",4358,"short","blog","2025-01-01"
"c4299","creator_49","Synthetic Item 4299",4359,"podcast","instagram","2025-01-01"
"c4300","creator_50","Synthetic Item 4300",4360,"live","tiktok","2025-01-01"
"c4301","creator_1","Synthetic Item 4301",4361,"video","twitch","2025-01-01"
"c4302","creator_2","Synthetic Item 4302",4362,"article","spotify","2025-01-01"
"c4303","creator_3","Synthetic Item 4303",4363,"short","youtube","2025-01-01"
"c4304","creator_4","Synthetic Item 4304",4364,"podcast","blog","2025-01-01"
"c4305","creator_5","Synthetic Item 4305",4365,"live","instagram","2025-01-01"
"c4306","creator_6","Synthetic Item 4306",4366,"video","tiktok","2025-01-01"
"c4307","creator_7","Synthetic Item 4307",4367,"article","twitch","2025-01-01"
"c4308","creator_8","Synthetic Item 4308",4368,"short","spotify","2025-01-01"
"c4309","creator_9","Synthetic Item 4309",4369,"podcast","youtube","2025-01-01"
"c4310","creator_10","Synthetic Item 4310",4370,"live","blog","2025-01-01"
"c4311","creator_11","Synthetic Item 4311",4371,"video","instagram","2025-01-01"
"c4312","creator_12","Synthetic Item 4312",4372,"article","tiktok","2025-01-01"
"c4313","creator_13","Synthetic Item 4313",4373,"short","twitch","2025-01-01"
"c4314","creator_14","Synthetic Item 4314",4374,"podcast","spotify","2025-01-01"
"c4315","creator_15","Synthetic Item 4315",4375,"live","youtube","2025-01-01"
"c4316","creator_16","Synthetic Item 4316",4376,"video","blog","2025-01-01"
"c4317","creator_17","Synthetic Item 4317",4377,"article","instagram","2025-01-01"
"c4318","creator_18","Synthetic Item 4318",4378,"short","tiktok","2025-01-01"
"c4319","creator_19","Synthetic Item 4319",4379,"podcast","twitch","2025-01-01"
"c4320","creator_20","Synthetic Item 4320",4380,"live","spotify","2025-01-01"
"c4321","creator_21","Synthetic Item 4321",4381,"video","youtube","2025-01-01"
"c4322","creator_22","Synthetic Item 4322",4382,"article","blog","2025-01-01"
"c4323","creator_23","Synthetic Item 4323",4383,"short","instagram","2025-01-01"
"c4324","creator_24","Synthetic Item 4324",4384,"podcast","tiktok","2025-01-01"
"c4325","creator_25","Synthetic Item 4325",4385,"live","twitch","2025-01-01"
"c4326","creator_26","Synthetic Item 4326",4386,"video","spotify","2025-01-01"
"c4327","creator_27","Synthetic Item 4327",4387,"article","youtube","2025-01-01"
"c4328","creator_28","Synthetic Item 4328",4388,"short","blog","2025-01-01"
"c4329","creator_29","Synthetic Item 4329",4389,"podcast","instagram","2025-01-01"
"c4330","creator_30","Synthetic Item 4330",4390,"live","tiktok","2025-01-01"
"c4331","creator_31","Synthetic Item 4331",4391,"video","twitch","2025-01-01"
"c4332","creator_32","Synthetic Item 4332",4392,"article","spotify","2025-01-01"
"c4333","creator_33","Synthetic Item 4333",4393,"short","youtube","2025-01-01"
"c4334","creator_34","Synthetic Item 4334",4394,"podcast","blog","2025-01-01"
"c4335","creator_35","Synthetic Item 4335",4395,"live","instagram","2025-01-01"
"c4336","creator_36","Synthetic Item 4336",4396,"video","tiktok","2025-01-01"
"c4337","creator_37","Synthetic Item 4337",4397,"article","twitch","2025-01-01"
"c4338","creator_38","Synthetic Item 4338",4398,"short","spotify","2025-01-01"
"c4339","creator_39","Synthetic Item 4339",4399,"podcast","youtube","2025-01-01"
"c4340","creator_40","Synthetic Item 4340",4400,"live","blog","2025-01-01"
"c4341","creator_41","Synthetic Item 4341",4401,"video","instagram","2025-01-01"
"c4342","creator_42","Synthetic Item 4342",4402,"article","tiktok","2025-01-01"
"c4343","creator_43","Synthetic Item 4343",4403,"short","twitch","2025-01-01"
"c4344","creator_44","Synthetic Item 4344",4404,"podcast","spotify","2025-01-01"
"c4345","creator_45","Synthetic Item 4345",4405,"live","youtube","2025-01-01"
"c4346","creator_46","Synthetic Item 4346",4406,"video","blog","2025-01-01"
"c4347","creator_47","Synthetic Item 4347",4407,"article","instagram","2025-01-01"
"c4348","creator_48","Synthetic Item 4348",4408,"short","tiktok","2025-01-01"
"c4349","creator_49","Synthetic Item 4349",4409,"podcast","twitch","2025-01-01"
"c4350","creator_50","Synthetic Item 4350",4410,"live","spotify","2025-01-01"
"c4351","creator_1","Synthetic Item 4351",4411,"video","youtube","2025-01-01"
"c4352","creator_2","Synthetic Item 4352",4412,"article","blog","2025-01-01"
"c4353","creator_3","Synthetic Item 4353",4413,"short","instagram","2025-01-01"
"c4354","creator_4","Synthetic Item 4354",4414,"podcast","tiktok","2025-01-01"
"c4355","creator_5","Synthetic Item 4355",4415,"live","twitch","2025-01-01"
"c4356","creator_6","Synthetic Item 4356",4416,"video","spotify","2025-01-01"
"c4357","creator_7","Synthetic Item 4357",4417,"article","youtube","2025-01-01"
"c4358","creator_8","Synthetic Item 4358",4418,"short","blog","2025-01-01"
"c4359","creator_9","Synthetic Item 4359",4419,"podcast","instagram","2025-01-01"
"c4360","creator_10","Synthetic Item 4360",4420,"live","tiktok","2025-01-01"
"c4361","creator_11","Synthetic Item 4361",4421,"video","twitch","2025-01-01"
"c4362","creator_12","Synthetic Item 4362",4422,"article","spotify","2025-01-01"
"c4363","creator_13","Synthetic Item 4363",4423,"short","youtube","2025-01-01"
"c4364","creator_14","Synthetic Item 4364",4424,"podcast","blog","2025-01-01"
"c4365","creator_15","Synthetic Item 4365",4425,"live","instagram","2025-01-01"
"c4366","creator_16","Synthetic Item 4366",4426,"video","tiktok","2025-01-01"
"c4367","creator_17","Synthetic Item 4367",4427,"article","twitch","2025-01-01"
"c4368","creator_18","Synthetic Item 4368",4428,"short","spotify","2025-01-01"
"c4369","creator_19","Synthetic Item 4369",4429,"podcast","youtube","2025-01-01"
"c4370","creator_20","Synthetic Item 4370",4430,"live","blog","2025-01-01"
"c4371","creator_21","Synthetic Item 4371",4431,"video","instagram","2025-01-01"
"c4372","creator_22","Synthetic Item 4372",4432,"article","tiktok","2025-01-01"
"c4373","creator_23","Synthetic Item 4373",4433,"short","twitch","2025-01-01"
"c4374","creator_24","Synthetic Item 4374",4434,"podcast","spotify","2025-01-01"
"c4375","creator_25","Synthetic Item 4375",4435,"live","youtube","2025-01-01"
"c4376","creator_26","Synthetic Item 4376",4436,"video","blog","2025-01-01"
"c4377","creator_27","Synthetic Item 4377",4437,"article","instagram","2025-01-01"
"c4378","creator_28","Synthetic Item 4378",4438,"short","tiktok","2025-01-01"
"c4379","creator_29","Synthetic Item 4379",4439,"podcast","twitch","2025-01-01"
"c4380","creator_30","Synthetic Item 4380",4440,"live","spotify","2025-01-01"
"c4381","creator_31","Synthetic Item 4381",4441,"video","youtube","2025-01-01"
"c4382","creator_32","Synthetic Item 4382",4442,"article","blog","2025-01-01"
"c4383","creator_33","Synthetic Item 4383",4443,"short","instagram","2025-01-01"
"c4384","creator_34","Synthetic Item 4384",4444,"podcast","tiktok","2025-01-01"
"c4385","creator_35","Synthetic Item 4385",4445,"live","twitch","2025-01-01"
"c4386","creator_36","Synthetic Item 4386",4446,"video","spotify","2025-01-01"
"c4387","creator_37","Synthetic Item 4387",4447,"article","youtube","2025-01-01"
"c4388","creator_38","Synthetic Item 4388",4448,"short","blog","2025-01-01"
"c4389","creator_39","Synthetic Item 4389",4449,"podcast","instagram","2025-01-01"
"c4390","creator_40","Synthetic Item 4390",4450,"live","tiktok","2025-01-01"
"c4391","creator_41","Synthetic Item 4391",4451,"video","twitch","2025-01-01"
"c4392","creator_42","Synthetic Item 4392",4452,"article","spotify","2025-01-01"
"c4393","creator_43","Synthetic Item 4393",4453,"short","youtube","2025-01-01"
"c4394","creator_44","Synthetic Item 4394",4454,"podcast","blog","2025-01-01"
"c4395","creator_45","Synthetic Item 4395",4455,"live","instagram","2025-01-01"
"c4396","creator_46","Synthetic Item 4396",4456,"video","tiktok","2025-01-01"
"c4397","creator_47","Synthetic Item 4397",4457,"article","twitch","2025-01-01"
"c4398","creator_48","Synthetic Item 4398",4458,"short","spotify","2025-01-01"
"c4399","creator_49","Synthetic Item 4399",4459,"podcast","youtube","2025-01-01"
"c4400","creator_50","Synthetic Item 4400",4460,"live","blog","2025-01-01"
"c4401","creator_1","Synthetic Item 4401",4461,"video","instagram","2025-01-01"
"c4402","creator_2","Synthetic Item 4402",4462,"article","tiktok","2025-01-01"
"c4403","creator_3","Synthetic Item 4403",4463,"short","twitch","2025-01-01"
"c4404","creator_4","Synthetic Item 4404",4464,"podcast","spotify","2025-01-01"
"c4405","creator_5","Synthetic Item 4405",4465,"live","youtube","2025-01-01"
"c4406","creator_6","Synthetic Item 4406",4466,"video","blog","2025-01-01"
"c4407","creator_7","Synthetic Item 4407",4467,"article","instagram","2025-01-01"
"c4408","creator_8","Synthetic Item 4408",4468,"short","tiktok","2025-01-01"
"c4409","creator_9","Synthetic Item 4409",4469,"podcast","twitch","2025-01-01"
"c4410","creator_10","Synthetic Item 4410",4470,"live","spotify","2025-01-01"
"c4411","creator_11","Synthetic Item 4411",4471,"video","youtube","2025-01-01"
"c4412","creator_12","Synthetic Item 4412",4472,"article","blog","2025-01-01"
"c4413","creator_13","Synthetic Item 4413",4473,"short","instagram","2025-01-01"
"c4414","creator_14","Synthetic Item 4414",4474,"podcast","tiktok","2025-01-01"
"c4415","creator_15","Synthetic Item 4415",4475,"live","twitch","2025-01-01"
"c4416","creator_16","Synthetic Item 4416",4476,"video","spotify","2025-01-01"
"c4417","creator_17","Synthetic Item 4417",4477,"article","youtube","2025-01-01"
"c4418","creator_18","Synthetic Item 4418",4478,"short","blog","2025-01-01"
"c4419","creator_19","Synthetic Item 4419",4479,"podcast","instagram","2025-01-01"
"c4420","creator_20","Synthetic Item 4420",4480,"live","tiktok","2025-01-01"
"c4421","creator_21","Synthetic Item 4421",4481,"video","twitch","2025-01-01"
"c4422","creator_22","Synthetic Item 4422",4482,"article","spotify","2025-01-01"
"c4423","creator_23","Synthetic Item 4423",4483,"short","youtube","2025-01-01"
"c4424","creator_24","Synthetic Item 4424",4484,"podcast","blog","2025-01-01"
"c4425","creator_25","Synthetic Item 4425",4485,"live","instagram","2025-01-01"
"c4426","creator_26","Synthetic Item 4426",4486,"video","tiktok","2025-01-01"
"c4427","creator_27","Synthetic Item 4427",4487,"article","twitch","2025-01-01"
"c4428","creator_28","Synthetic Item 4428",4488,"short","spotify","2025-01-01"
"c4429","creator_29","Synthetic Item 4429",4489,"podcast","youtube","2025-01-01"
"c4430","creator_30","Synthetic Item 4430",4490,"live","blog","2025-01-01"
"c4431","creator_31","Synthetic Item 4431",4491,"video","instagram","2025-01-01"
"c4432","creator_32","Synthetic Item 4432",4492,"article","tiktok","2025-01-01"
"c4433","creator_33","Synthetic Item 4433",4493,"short","twitch","2025-01-01"
"c4434","creator_34","Synthetic Item 4434",4494,"podcast","spotify","2025-01-01"
"c4435","creator_35","Synthetic Item 4435",4495,"live","youtube","2025-01-01"
"c4436","creator_36","Synthetic Item 4436",4496,"video","blog","2025-01-01"
"c4437","creator_37","Synthetic Item 4437",4497,"article","instagram","2025-01-01"
"c4438","creator_38","Synthetic Item 4438",4498,"short","tiktok","2025-01-01"
"c4439","creator_39","Synthetic Item 4439",4499,"podcast","twitch","2025-01-01"
"c4440","creator_40","Synthetic Item 4440",4500,"live","spotify","2025-01-01"
"c4441","creator_41","Synthetic Item 4441",4501,"video","youtube","2025-01-01"
"c4442","creator_42","Synthetic Item 4442",4502,"article","blog","2025-01-01"
"c4443","creator_43","Synthetic Item 4443",4503,"short","instagram","2025-01-01"
"c4444","creator_44","Synthetic Item 4444",4504,"podcast","tiktok","2025-01-01"
"c4445","creator_45","Synthetic Item 4445",4505,"live","twitch","2025-01-01"
"c4446","creator_46","Synthetic Item 4446",4506,"video","spotify","2025-01-01"
"c4447","creator_47","Synthetic Item 4447",4507,"article","youtube","2025-01-01"
"c4448","creator_48","Synthetic Item 4448",4508,"short","blog","2025-01-01"
"c4449","creator_49","Synthetic Item 4449",4509,"podcast","instagram","2025-01-01"
"c4450","creator_50","Synthetic Item 4450",4510,"live","tiktok","2025-01-01"
"c4451","creator_1","Synthetic Item 4451",4511,"video","twitch","2025-01-01"
"c4452","creator_2","Synthetic Item 4452",4512,"article","spotify","2025-01-01"
"c4453","creator_3","Synthetic Item 4453",4513,"short","youtube","2025-01-01"
"c4454","creator_4","Synthetic Item 4454",4514,"podcast","blog","2025-01-01"
"c4455","creator_5","Synthetic Item 4455",4515,"live","instagram","2025-01-01"
"c4456","creator_6","Synthetic Item 4456",4516,"video","tiktok","2025-01-01"
"c4457","creator_7","Synthetic Item 4457",4517,"article","twitch","2025-01-01"
"c4458","creator_8","Synthetic Item 4458",4518,"short","spotify","2025-01-01"
"c4459","creator_9","Synthetic Item 4459",4519,"podcast","youtube","2025-01-01"
"c4460","creator_10","Synthetic Item 4460",4520,"live","blog","2025-01-01"
"c4461","creator_11","Synthetic Item 4461",4521,"video","instagram","2025-01-01"
"c4462","creator_12","Synthetic Item 4462",4522,"article","tiktok","2025-01-01"
"c4463","creator_13","Synthetic Item 4463",4523,"short","twitch","2025-01-01"
"c4464","creator_14","Synthetic Item 4464",4524,"podcast","spotify","2025-01-01"
"c4465","creator_15","Synthetic Item 4465",4525,"live","youtube","2025-01-01"
"c4466","creator_16","Synthetic Item 4466",4526,"video","blog","2025-01-01"
"c4467","creator_17","Synthetic Item 4467",4527,"article","instagram","2025-01-01"
"c4468","creator_18","Synthetic Item 4468",4528,"short","tiktok","2025-01-01"
"c4469","creator_19","Synthetic Item 4469",4529,"podcast","twitch","2025-01-01"
"c4470","creator_20","Synthetic Item 4470",4530,"live","spotify","2025-01-01"
"c4471","creator_21","Synthetic Item 4471",4531,"video","youtube","2025-01-01"
"c4472","creator_22","Synthetic Item 4472",4532,"article","blog","2025-01-01"
"c4473","creator_23","Synthetic Item 4473",4533,"short","instagram","2025-01-01"
"c4474","creator_24","Synthetic Item 4474",4534,"podcast","tiktok","2025-01-01"
"c4475","creator_25","Synthetic Item 4475",4535,"live","twitch","2025-01-01"
"c4476","creator_26","Synthetic Item 4476",4536,"video","spotify","2025-01-01"
"c4477","creator_27","Synthetic Item 4477",4537,"article","youtube","2025-01-01"
"c4478","creator_28","Synthetic Item 4478",4538,"short","blog","2025-01-01"
"c4479","creator_29","Synthetic Item 4479",4539,"podcast","instagram","2025-01-01"
"c4480","creator_30","Synthetic Item 4480",4540,"live","tiktok","2025-01-01"
"c4481","creator_31","Synthetic Item 4481",4541,"video","twitch","2025-01-01"
"c4482","creator_32","Synthetic Item 4482",4542,"article","spotify","2025-01-01"
"c4483","creator_33","Synthetic Item 4483",4543,"short","youtube","2025-01-01"
"c4484","creator_34","Synthetic Item 4484",4544,"podcast","blog","2025-01-01"
"c4485","creator_35","Synthetic Item 4485",4545,"live","instagram","2025-01-01"
"c4486","creator_36","Synthetic Item 4486",4546,"video","tiktok","2025-01-01"
"c4487","creator_37","Synthetic Item 4487",4547,"article","twitch","2025-01-01"
"c4488","creator_38","Synthetic Item 4488",4548,"short","spotify","2025-01-01"
"c4489","creator_39","Synthetic Item 4489",4549,"podcast","youtube","2025-01-01"
"c4490","creator_40","Synthetic Item 4490",4550,"live","blog","2025-01-01"
"c4491","creator_41","Synthetic Item 4491",4551,"video","instagram","2025-01-01"
"c4492","creator_42","Synthetic Item 4492",4552,"article","tiktok","2025-01-01"
"c4493","creator_43","Synthetic Item 4493",4553,"short","twitch","2025-01-01"
"c4494","creator_44","Synthetic Item 4494",4554,"podcast","spotify","2025-01-01"
"c4495","creator_45","Synthetic Item 4495",4555,"live","youtube","2025-01-01"
"c4496","creator_46","Synthetic Item 4496",4556,"video","blog","2025-01-01"
"c4497","creator_47","Synthetic Item 4497",4557,"article","instagram","2025-01-01"
"c4498","creator_48","Synthetic Item 4498",4558,"short","tiktok","2025-01-01"
"c4499","creator_49","Synthetic Item 4499",4559,"podcast","twitch","2025-01-01"
"c4500","creator_50","Synthetic Item 4500",4560,"live","spotify","2025-01-01"
"c4501","creator_1","Synthetic Item 4501",4561,"video","youtube","2025-01-01"
"c4502","creator_2","Synthetic Item 4502",4562,"article","blog","2025-01-01"
"c4503","creator_3","Synthetic Item 4503",4563,"short","instagram","2025-01-01"
"c4504","creator_4","Synthetic Item 4504",4564,"podcast","tiktok","2025-01-01"
"c4505","creator_5","Synthetic Item 4505",4565,"live","twitch","2025-01-01"
"c4506","creator_6","Synthetic Item 4506",4566,"video","spotify","2025-01-01"
"c4507","creator_7","Synthetic Item 4507",4567,"article","youtube","2025-01-01"
"c4508","creator_8","Synthetic Item 4508",4568,"short","blog","2025-01-01"
"c4509","creator_9","Synthetic Item 4509",4569,"podcast","instagram","2025-01-01"
"c4510","creator_10","Synthetic Item 4510",4570,"live","tiktok","2025-01-01"
"c4511","creator_11","Synthetic Item 4511",4571,"video","twitch","2025-01-01"
"c4512","creator_12","Synthetic Item 4512",4572,"article","spotify","2025-01-01"
"c4513","creator_13","Synthetic Item 4513",4573,"short","youtube","2025-01-01"
"c4514","creator_14","Synthetic Item 4514",4574,"podcast","blog","2025-01-01"
"c4515","creator_15","Synthetic Item 4515",4575,"live","instagram","2025-01-01"
"c4516","creator_16","Synthetic Item 4516",4576,"video","tiktok","2025-01-01"
"c4517","creator_17","Synthetic Item 4517",4577,"article","twitch","2025-01-01"
"c4518","creator_18","Synthetic Item 4518",4578,"short","spotify","2025-01-01"
"c4519","creator_19","Synthetic Item 4519",4579,"podcast","youtube","2025-01-01"
"c4520","creator_20","Synthetic Item 4520",4580,"live","blog","2025-01-01"
"c4521","creator_21","Synthetic Item 4521",4581,"video","instagram","2025-01-01"
"c4522","creator_22","Synthetic Item 4522",4582,"article","tiktok","2025-01-01"
"c4523","creator_23","Synthetic Item 4523",4583,"short","twitch","2025-01-01"
"c4524","creator_24","Synthetic Item 4524",4584,"podcast","spotify","2025-01-01"
"c4525","creator_25","Synthetic Item 4525",4585,"live","youtube","2025-01-01"
"c4526","creator_26","Synthetic Item 4526",4586,"video","blog","2025-01-01"
"c4527","creator_27","Synthetic Item 4527",4587,"article","instagram","2025-01-01"
"c4528","creator_28","Synthetic Item 4528",4588,"short","tiktok","2025-01-01"
"c4529","creator_29","Synthetic Item 4529",4589,"podcast","twitch","2025-01-01"
"c4530","creator_30","Synthetic Item 4530",4590,"live","spotify","2025-01-01"
"c4531","creator_31","Synthetic Item 4531",4591,"video","youtube","2025-01-01"
"c4532","creator_32","Synthetic Item 4532",4592,"article","blog","2025-01-01"
"c4533","creator_33","Synthetic Item 4533",4593,"short","instagram","2025-01-01"
"c4534","creator_34","Synthetic Item 4534",4594,"podcast","tiktok","2025-01-01"
"c4535","creator_35","Synthetic Item 4535",4595,"live","twitch","2025-01-01"
"c4536","creator_36","Synthetic Item 4536",4596,"video","spotify","2025-01-01"
"c4537","creator_37","Synthetic Item 4537",4597,"article","youtube","2025-01-01"
"c4538","creator_38","Synthetic Item 4538",4598,"short","blog","2025-01-01"
"c4539","creator_39","Synthetic Item 4539",4599,"podcast","instagram","2025-01-01"
"c4540","creator_40","Synthetic Item 4540",4600,"live","tiktok","2025-01-01"
"c4541","creator_41","Synthetic Item 4541",4601,"video","twitch","2025-01-01"
"c4542","creator_42","Synthetic Item 4542",4602,"article","spotify","2025-01-01"
"c4543","creator_43","Synthetic Item 4543",4603,"short","youtube","2025-01-01"
"c4544","creator_44","Synthetic Item 4544",4604,"podcast","blog","2025-01-01"
"c4545","creator_45","Synthetic Item 4545",4605,"live","instagram","2025-01-01"
"c4546","creator_46","Synthetic Item 4546",4606,"video","tiktok","2025-01-01"
"c4547","creator_47","Synthetic Item 4547",4607,"article","twitch","2025-01-01"
"c4548","creator_48","Synthetic Item 4548",4608,"short","spotify","2025-01-01"
"c4549","creator_49","Synthetic Item 4549",4609,"podcast","youtube","2025-01-01"
"c4550","creator_50","Synthetic Item 4550",4610,"live","blog","2025-01-01"
"c4551","creator_1","Synthetic Item 4551",4611,"video","instagram","2025-01-01"
"c4552","creator_2","Synthetic Item 4552",4612,"article","tiktok","2025-01-01"
"c4553","creator_3","Synthetic Item 4553",4613,"short","twitch","2025-01-01"
"c4554","creator_4","Synthetic Item 4554",4614,"podcast","spotify","2025-01-01"
"c4555","creator_5","Synthetic Item 4555",4615,"live","youtube","2025-01-01"
"c4556","creator_6","Synthetic Item 4556",4616,"video","blog","2025-01-01"
"c4557","creator_7","Synthetic Item 4557",4617,"article","instagram","2025-01-01"
"c4558","creator_8","Synthetic Item 4558",4618,"short","tiktok","2025-01-01"
"c4559","creator_9","Synthetic Item 4559",4619,"podcast","twitch","2025-01-01"
"c4560","creator_10","Synthetic Item 4560",4620,"live","spotify","2025-01-01"
"c4561","creator_11","Synthetic Item 4561",4621,"video","youtube","2025-01-01"
"c4562","creator_12","Synthetic Item 4562",4622,"article","blog","2025-01-01"
"c4563","creator_13","Synthetic Item 4563",4623,"short","instagram","2025-01-01"
"c4564","creator_14","Synthetic Item 4564",4624,"podcast","tiktok","2025-01-01"
"c4565","creator_15","Synthetic Item 4565",4625,"live","twitch","2025-01-01"
"c4566","creator_16","Synthetic Item 4566",4626,"video","spotify","2025-01-01"
"c4567","creator_17","Synthetic Item 4567",4627,"article","youtube","2025-01-01"
"c4568","creator_18","Synthetic Item 4568",4628,"short","blog","2025-01-01"
"c4569","creator_19","Synthetic Item 4569",4629,"podcast","instagram","2025-01-01"
"c4570","creator_20","Synthetic Item 4570",4630,"live","tiktok","2025-01-01"
"c4571","creator_21","Synthetic Item 4571",4631,"video","twitch","2025-01-01"
"c4572","creator_22","Synthetic Item 4572",4632,"article","spotify","2025-01-01"
"c4573","creator_23","Synthetic Item 4573",4633,"short","youtube","2025-01-01"
"c4574","creator_24","Synthetic Item 4574",4634,"podcast","blog","2025-01-01"
"c4575","creator_25","Synthetic Item 4575",4635,"live","instagram","2025-01-01"
"c4576","creator_26","Synthetic Item 4576",4636,"video","tiktok","2025-01-01"
"c4577","creator_27","Synthetic Item 4577",4637,"article","twitch","2025-01-01"
"c4578","creator_28","Synthetic Item 4578",4638,"short","spotify","2025-01-01"
"c4579","creator_29","Synthetic Item 4579",4639,"podcast","youtube","2025-01-01"
"c4580","creator_30","Synthetic Item 4580",4640,"live","blog","2025-01-01"
"c4581","creator_31","Synthetic Item 4581",4641,"video","instagram","2025-01-01"
"c4582","creator_32","Synthetic Item 4582",4642,"article","tiktok","2025-01-01"
"c4583","creator_33","Synthetic Item 4583",4643,"short","twitch","2025-01-01"
"c4584","creator_34","Synthetic Item 4584",4644,"podcast","spotify","2025-01-01"
"c4585","creator_35","Synthetic Item 4585",4645,"live","youtube","2025-01-01"
"c4586","creator_36","Synthetic Item 4586",4646,"video","blog","2025-01-01"
"c4587","creator_37","Synthetic Item 4587",4647,"article","instagram","2025-01-01"
"c4588","creator_38","Synthetic Item 4588",4648,"short","tiktok","2025-01-01"
"c4589","creator_39","Synthetic Item 4589",4649,"podcast","twitch","2025-01-01"
"c4590","creator_40","Synthetic Item 4590",4650,"live","spotify","2025-01-01"
"c4591","creator_41","Synthetic Item 4591",4651,"video","youtube","2025-01-01"
"c4592","creator_42","Synthetic Item 4592",4652,"article","blog","2025-01-01"
"c4593","creator_43","Synthetic Item 4593",4653,"short","instagram","2025-01-01"
"c4594","creator_44","Synthetic Item 4594",4654,"podcast","tiktok","2025-01-01"
"c4595","creator_45","Synthetic Item 4595",4655,"live","twitch","2025-01-01"
"c4596","creator_46","Synthetic Item 4596",4656,"video","spotify","2025-01-01"
"c4597","creator_47","Synthetic Item 4597",4657,"article","youtube","2025-01-01"
"c4598","creator_48","Synthetic Item 4598",4658,"short","blog","2025-01-01"
"c4599","creator_49","Synthetic Item 4599",4659,"podcast","instagram","2025-01-01"
"c4600","creator_50","Synthetic Item 4600",4660,"live","tiktok","2025-01-01"
"c4601","creator_1","Synthetic Item 4601",4661,"video","twitch","2025-01-01"
"c4602","creator_2","Synthetic Item 4602",4662,"article","spotify","2025-01-01"
"c4603","creator_3","Synthetic Item 4603",4663,"short","youtube","2025-01-01"
"c4604","creator_4","Synthetic Item 4604",4664,"podcast","blog","2025-01-01"
"c4605","creator_5","Synthetic Item 4605",4665,"live","instagram","2025-01-01"
"c4606","creator_6","Synthetic Item 4606",4666,"video","tiktok","2025-01-01"
"c4607","creator_7","Synthetic Item 4607",4667,"article","twitch","2025-01-01"
"c4608","creator_8","Synthetic Item 4608",4668,"short","spotify","2025-01-01"
"c4609","creator_9","Synthetic Item 4609",4669,"podcast","youtube","2025-01-01"
"c4610","creator_10","Synthetic Item 4610",4670,"live","blog","2025-01-01"
"c4611","creator_11","Synthetic Item 4611",4671,"video","instagram","2025-01-01"
"c4612","creator_12","Synthetic Item 4612",4672,"article","tiktok","2025-01-01"
"c4613","creator_13","Synthetic Item 4613",4673,"short","twitch","2025-01-01"
"c4614","creator_14","Synthetic Item 4614",4674,"podcast","spotify","2025-01-01"
"c4615","creator_15","Synthetic Item 4615",4675,"live","youtube","2025-01-01"
"c4616","creator_16","Synthetic Item 4616",4676,"video","blog","2025-01-01"
"c4617","creator_17","Synthetic Item 4617",4677,"article","instagram","2025-01-01"
"c4618","creator_18","Synthetic Item 4618",4678,"short","tiktok","2025-01-01"
"c4619","creator_19","Synthetic Item 4619",4679,"podcast","twitch","2025-01-01"
"c4620","creator_20","Synthetic Item 4620",4680,"live","spotify","2025-01-01"
"c4621","creator_21","Synthetic Item 4621",4681,"video","youtube","2025-01-01"
"c4622","creator_22","Synthetic Item 4622",4682,"article","blog","2025-01-01"
"c4623","creator_23","Synthetic Item 4623",4683,"short","instagram","2025-01-01"
"c4624","creator_24","Synthetic Item 4624",4684,"podcast","tiktok","2025-01-01"
"c4625","creator_25","Synthetic Item 4625",4685,"live","twitch","2025-01-01"
"c4626","creator_26","Synthetic Item 4626",4686,"video","spotify","2025-01-01"
"c4627","creator_27","Synthetic Item 4627",4687,"article","youtube","2025-01-01"
"c4628","creator_28","Synthetic Item 4628",4688,"short","blog","2025-01-01"
"c4629","creator_29","Synthetic Item 4629",4689,"podcast","instagram","2025-01-01"
"c4630","creator_30","Synthetic Item 4630",4690,"live","tiktok","2025-01-01"
"c4631","creator_31","Synthetic Item 4631",4691,"video","twitch","2025-01-01"
"c4632","creator_32","Synthetic Item 4632",4692,"article","spotify","2025-01-01"
"c4633","creator_33","Synthetic Item 4633",4693,"short","youtube","2025-01-01"
"c4634","creator_34","Synthetic Item 4634",4694,"podcast","blog","2025-01-01"
"c4635","creator_35","Synthetic Item 4635",4695,"live","instagram","2025-01-01"
"c4636","creator_36","Synthetic Item 4636",4696,"video","tiktok","2025-01-01"
"c4637","creator_37","Synthetic Item 4637",4697,"article","twitch","2025-01-01"
"c4638","creator_38","Synthetic Item 4638",4698,"short","spotify","2025-01-01"
"c4639","creator_39","Synthetic Item 4639",4699,"podcast","youtube","2025-01-01"
"c4640","creator_40","Synthetic Item 4640",4700,"live","blog","2025-01-01"
"c4641","creator_41","Synthetic Item 4641",4701,"video","instagram","2025-01-01"
"c4642","creator_42","Synthetic Item 4642",4702,"article","tiktok","2025-01-01"
"c4643","creator_43","Synthetic Item 4643",4703,"short","twitch","2025-01-01"
"c4644","creator_44","Synthetic Item 4644",4704,"podcast","spotify","2025-01-01"
"c4645","creator_45","Synthetic Item 4645",4705,"live","youtube","2025-01-01"
"c4646","creator_46","Synthetic Item 4646",4706,"video","blog","2025-01-01"
"c4647","creator_47","Synthetic Item 4647",4707,"article","instagram","2025-01-01"
"c4648","creator_48","Synthetic Item 4648",4708,"short","tiktok","2025-01-01"
"c4649","creator_49","Synthetic Item 4649",4709,"podcast","twitch","2025-01-01"
"c4650","creator_50","Synthetic Item 4650",4710,"live","spotify","2025-01-01"
"c4651","creator_1","Synthetic Item 4651",4711,"video","youtube","2025-01-01"
"c4652","creator_2","Synthetic Item 4652",4712,"article","blog","2025-01-01"
"c4653","creator_3","Synthetic Item 4653",4713,"short","instagram","2025-01-01"
"c4654","creator_4","Synthetic Item 4654",4714,"podcast","tiktok","2025-01-01"
"c4655","creator_5","Synthetic Item 4655",4715,"live","twitch","2025-01-01"
"c4656","creator_6","Synthetic Item 4656",4716,"video","spotify","2025-01-01"
"c4657","creator_7","Synthetic Item 4657",4717,"article","youtube","2025-01-01"
"c4658","creator_8","Synthetic Item 4658",4718,"short","blog","2025-01-01"
"c4659","creator_9","Synthetic Item 4659",4719,"podcast","instagram","2025-01-01"
"c4660","creator_10","Synthetic Item 4660",4720,"live","tiktok","2025-01-01"
"c4661","creator_11","Synthetic Item 4661",4721,"video","twitch","2025-01-01"
"c4662","creator_12","Synthetic Item 4662",4722,"article","spotify","2025-01-01"
"c4663","creator_13","Synthetic Item 4663",4723,"short","youtube","2025-01-01"
"c4664","creator_14","Synthetic Item 4664",4724,"podcast","blog","2025-01-01"
"c4665","creator_15","Synthetic Item 4665",4725,"live","instagram","2025-01-01"
"c4666","creator_16","Synthetic Item 4666",4726,"video","tiktok","2025-01-01"
"c4667","creator_17","Synthetic Item 4667",4727,"article","twitch","2025-01-01"
"c4668","creator_18","Synthetic Item 4668",4728,"short","spotify","2025-01-01"
"c4669","creator_19","Synthetic Item 4669",4729,"podcast","youtube","2025-01-01"
"c4670","creator_20","Synthetic Item 4670",4730,"live","blog","2025-01-01"
"c4671","creator_21","Synthetic Item 4671",4731,"video","instagram","2025-01-01"
"c4672","creator_22","Synthetic Item 4672",4732,"article","tiktok","2025-01-01"
"c4673","creator_23","Synthetic Item 4673",4733,"short","twitch","2025-01-01"
"c4674","creator_24","Synthetic Item 4674",4734,"podcast","spotify","2025-01-01"
"c4675","creator_25","Synthetic Item 4675",4735,"live","youtube","2025-01-01"
"c4676","creator_26","Synthetic Item 4676",4736,"video","blog","2025-01-01"
"c4677","creator_27","Synthetic Item 4677",4737,"article","instagram","2025-01-01"
"c4678","creator_28","Synthetic Item 4678",4738,"short","tiktok","2025-01-01"
"c4679","creator_29","Synthetic Item 4679",4739,"podcast","twitch","2025-01-01"
"c4680","creator_30","Synthetic Item 4680",4740,"live","spotify","2025-01-01"
"c4681","creator_31","Synthetic Item 4681",4741,"video","youtube","2025-01-01"
"c4682","creator_32","Synthetic Item 4682",4742,"article","blog","2025-01-01"
"c4683","creator_33","Synthetic Item 4683",4743,"short","instagram","2025-01-01"
"c4684","creator_34","Synthetic Item 4684",4744,"podcast","tiktok","2025-01-01"
"c4685","creator_35","Synthetic Item 4685",4745,"live","twitch","2025-01-01"
"c4686","creator_36","Synthetic Item 4686",4746,"video","spotify","2025-01-01"
"c4687","creator_37","Synthetic Item 4687",4747,"article","youtube","2025-01-01"
"c4688","creator_38","Synthetic Item 4688",4748,"short","blog","2025-01-01"
"c4689","creator_39","Synthetic Item 4689",4749,"podcast","instagram","2025-01-01"
"c4690","creator_40","Synthetic Item 4690",4750,"live","tiktok","2025-01-01"
"c4691","creator_41","Synthetic Item 4691",4751,"video","twitch","2025-01-01"
"c4692","creator_42","Synthetic Item 4692",4752,"article","spotify","2025-01-01"
"c4693","creator_43","Synthetic Item 4693",4753,"short","youtube","2025-01-01"
"c4694","creator_44","Synthetic Item 4694",4754,"podcast","blog","2025-01-01"
"c4695","creator_45","Synthetic Item 4695",4755,"live","instagram","2025-01-01"
"c4696","creator_46","Synthetic Item 4696",4756,"video","tiktok","2025-01-01"
"c4697","creator_47","Synthetic Item 4697",4757,"article","twitch","2025-01-01"
"c4698","creator_48","Synthetic Item 4698",4758,"short","spotify","2025-01-01"
"c4699","creator_49","Synthetic Item 4699",4759,"podcast","youtube","2025-01-01"
"c4700","creator_50","Synthetic Item 4700",4760,"live","blog","2025-01-01"
"c4701","creator_1","Synthetic Item 4701",4761,"video","instagram","2025-01-01"
"c4702","creator_2","Synthetic Item 4702",4762,"article","tiktok","2025-01-01"
"c4703","creator_3","Synthetic Item 4703",4763,"short","twitch","2025-01-01"
"c4704","creator_4","Synthetic Item 4704",4764,"podcast","spotify","2025-01-01"
"c4705","creator_5","Synthetic Item 4705",4765,"live","youtube","2025-01-01"
"c4706","creator_6","Synthetic Item 4706",4766,"video","blog","2025-01-01"
"c4707","creator_7","Synthetic Item 4707",4767,"article","instagram","2025-01-01"
"c4708","creator_8","Synthetic Item 4708",4768,"short","tiktok","2025-01-01"
"c4709","creator_9","Synthetic Item 4709",4769,"podcast","twitch","2025-01-01"
"c4710","creator_10","Synthetic Item 4710",4770,"live","spotify","2025-01-01"
"c4711","creator_11","Synthetic Item 4711",4771,"video","youtube","2025-01-01"
"c4712","creator_12","Synthetic Item 4712",4772,"article","blog","2025-01-01"
"c4713","creator_13","Synthetic Item 4713",4773,"short","instagram","2025-01-01"
"c4714","creator_14","Synthetic Item 4714",4774,"podcast","tiktok","2025-01-01"
"c4715","creator_15","Synthetic Item 4715",4775,"live","twitch","2025-01-01"
"c4716","creator_16","Synthetic Item 4716",4776,"video","spotify","2025-01-01"
"c4717","creator_17","Synthetic Item 4717",4777,"article","youtube","2025-01-01"
"c4718","creator_18","Synthetic Item 4718",4778,"short","blog","2025-01-01"
"c4719","creator_19","Synthetic Item 4719",4779,"podcast","instagram","2025-01-01"
"c4720","creator_20","Synthetic Item 4720",4780,"live","tiktok","2025-01-01"
"c4721","creator_21","Synthetic Item 4721",4781,"video","twitch","2025-01-01"
"c4722","creator_22","Synthetic Item 4722",4782,"article","spotify","2025-01-01"
"c4723","creator_23","Synthetic Item 4723",4783,"short","youtube","2025-01-01"
"c4724","creator_24","Synthetic Item 4724",4784,"podcast","blog","2025-01-01"
"c4725","creator_25","Synthetic Item 4725",4785,"live","instagram","2025-01-01"
"c4726","creator_26","Synthetic Item 4726",4786,"video","tiktok","2025-01-01"
"c4727","creator_27","Synthetic Item 4727",4787,"article","twitch","2025-01-01"
"c4728","creator_28","Synthetic Item 4728",4788,"short","spotify","2025-01-01"
"c4729","creator_29","Synthetic Item 4729",4789,"podcast","youtube","2025-01-01"
"c4730","creator_30","Synthetic Item 4730",4790,"live","blog","2025-01-01"
"c4731","creator_31","Synthetic Item 4731",4791,"video","instagram","2025-01-01"
"c4732","creator_32","Synthetic Item 4732",4792,"article","tiktok","2025-01-01"
"c4733","creator_33","Synthetic Item 4733",4793,"short","twitch","2025-01-01"
"c4734","creator_34","Synthetic Item 4734",4794,"podcast","spotify","2025-01-01"
"c4735","creator_35","Synthetic Item 4735",4795,"live","youtube","2025-01-01"
"c4736","creator_36","Synthetic Item 4736",4796,"video","blog","2025-01-01"
"c4737","creator_37","Synthetic Item 4737",4797,"article","instagram","2025-01-01"
"c4738","creator_38","Synthetic Item 4738",4798,"short","tiktok","2025-01-01"
"c4739","creator_39","Synthetic Item 4739",4799,"podcast","twitch","2025-01-01"
"c4740","creator_40","Synthetic Item 4740",4800,"live","spotify","2025-01-01"
"c4741","creator_41","Synthetic Item 4741",4801,"video","youtube","2025-01-01"
"c4742","creator_42","Synthetic Item 4742",4802,"article","blog","2025-01-01"
"c4743","creator_43","Synthetic Item 4743",4803,"short","instagram","2025-01-01"
"c4744","creator_44","Synthetic Item 4744",4804,"podcast","tiktok","2025-01-01"
"c4745","creator_45","Synthetic Item 4745",4805,"live","twitch","2025-01-01"
"c4746","creator_46","Synthetic Item 4746",4806,"video","spotify","2025-01-01"
"c4747","creator_47","Synthetic Item 4747",4807,"article","youtube","2025-01-01"
"c4748","creator_48","Synthetic Item 4748",4808,"short","blog","2025-01-01"
"c4749","creator_49","Synthetic Item 4749",4809,"podcast","instagram","2025-01-01"
"c4750","creator_50","Synthetic Item 4750",4810,"live","tiktok","2025-01-01"
"c4751","creator_1","Synthetic Item 4751",4811,"video","twitch","2025-01-01"
"c4752","creator_2","Synthetic Item 4752",4812,"article","spotify","2025-01-01"
"c4753","creator_3","Synthetic Item 4753",4813,"short","youtube","2025-01-01"
"c4754","creator_4","Synthetic Item 4754",4814,"podcast","blog","2025-01-01"
"c4755","creator_5","Synthetic Item 4755",4815,"live","instagram","2025-01-01"
"c4756","creator_6","Synthetic Item 4756",4816,"video","tiktok","2025-01-01"
"c4757","creator_7","Synthetic Item 4757",4817,"article","twitch","2025-01-01"
"c4758","creator_8","Synthetic Item 4758",4818,"short","spotify","2025-01-01"
"c4759","creator_9","Synthetic Item 4759",4819,"podcast","youtube","2025-01-01"
"c4760","creator_10","Synthetic Item 4760",4820,"live","blog","2025-01-01"
"c4761","creator_11","Synthetic Item 4761",4821,"video","instagram","2025-01-01"
"c4762","creator_12","Synthetic Item 4762",4822,"article","tiktok","2025-01-01"
"c4763","creator_13","Synthetic Item 4763",4823,"short","twitch","2025-01-01"
"c4764","creator_14","Synthetic Item 4764",4824,"podcast","spotify","2025-01-01"
"c4765","creator_15","Synthetic Item 4765",4825,"live","youtube","2025-01-01"
"c4766","creator_16","Synthetic Item 4766",4826,"video","blog","2025-01-01"
"c4767","creator_17","Synthetic Item 4767",4827,"article","instagram","2025-01-01"
"c4768","creator_18","Synthetic Item 4768",4828,"short","tiktok","2025-01-01"
"c4769","creator_19","Synthetic Item 4769",4829,"podcast","twitch","2025-01-01"
"c4770","creator_20","Synthetic Item 4770",4830,"live","spotify","2025-01-01"
"c4771","creator_21","Synthetic Item 4771",4831,"video","youtube","2025-01-01"
"c4772","creator_22","Synthetic Item 4772",4832,"article","blog","2025-01-01"
"c4773","creator_23","Synthetic Item 4773",4833,"short","instagram","2025-01-01"
"c4774","creator_24","Synthetic Item 4774",4834,"podcast","tiktok","2025-01-01"
"c4775","creator_25","Synthetic Item 4775",4835,"live","twitch","2025-01-01"
"c4776","creator_26","Synthetic Item 4776",4836,"video","spotify","2025-01-01"
"c4777","creator_27","Synthetic Item 4777",4837,"article","youtube","2025-01-01"
"c4778","creator_28","Synthetic Item 4778",4838,"short","blog","2025-01-01"
"c4779","creator_29","Synthetic Item 4779",4839,"podcast","instagram","2025-01-01"
"c4780","creator_30","Synthetic Item 4780",4840,"live","tiktok","2025-01-01"
"c4781","creator_31","Synthetic Item 4781",4841,"video","twitch","2025-01-01"
"c4782","creator_32","Synthetic Item 4782",4842,"article","spotify","2025-01-01"
"c4783","creator_33","Synthetic Item 4783",4843,"short","youtube","2025-01-01"
"c4784","creator_34","Synthetic Item 4784",4844,"podcast","blog","2025-01-01"
"c4785","creator_35","Synthetic Item 4785",4845,"live","instagram","2025-01-01"
"c4786","creator_36","Synthetic Item 4786",4846,"video","tiktok","2025-01-01"
"c4787","creator_37","Synthetic Item 4787",4847,"article","twitch","2025-01-01"
"c4788","creator_38","Synthetic Item 4788",4848,"short","spotify","2025-01-01"
"c4789","creator_39","Synthetic Item 4789",4849,"podcast","youtube","2025-01-01"
"c4790","creator_40","Synthetic Item 4790",4850,"live","blog","2025-01-01"
"c4791","creator_41","Synthetic Item 4791",4851,"video","instagram","2025-01-01"
"c4792","creator_42","Synthetic Item 4792",4852,"article","tiktok","2025-01-01"
"c4793","creator_43","Synthetic Item 4793",4853,"short","twitch","2025-01-01"
"c4794","creator_44","Synthetic Item 4794",4854,"podcast","spotify","2025-01-01"
"c4795","creator_45","Synthetic Item 4795",4855,"live","youtube","2025-01-01"
"c4796","creator_46","Synthetic Item 4796",4856,"video","blog","2025-01-01"
"c4797","creator_47","Synthetic Item 4797",4857,"article","instagram","2025-01-01"
"c4798","creator_48","Synthetic Item 4798",4858,"short","tiktok","2025-01-01"
"c4799","creator_49","Synthetic Item 4799",4859,"podcast","twitch","2025-01-01"
"c4800","creator_50","Synthetic Item 4800",4860,"live","spotify","2025-01-01"
"c4801","creator_1","Synthetic Item 4801",4861,"video","youtube","2025-01-01"
"c4802","creator_2","Synthetic Item 4802",4862,"article","blog","2025-01-01"
"c4803","creator_3","Synthetic Item 4803",4863,"short","instagram","2025-01-01"
"c4804","creator_4","Synthetic Item 4804",4864,"podcast","tiktok","2025-01-01"
"c4805","creator_5","Synthetic Item 4805",4865,"live","twitch","2025-01-01"
"c4806","creator_6","Synthetic Item 4806",4866,"video","spotify","2025-01-01"
"c4807","creator_7","Synthetic Item 4807",4867,"article","youtube","2025-01-01"
"c4808","creator_8","Synthetic Item 4808",4868,"short","blog","2025-01-01"
"c4809","creator_9","Synthetic Item 4809",4869,"podcast","instagram","2025-01-01"
"c4810","creator_10","Synthetic Item 4810",4870,"live","tiktok","2025-01-01"
"c4811","creator_11","Synthetic Item 4811",4871,"video","twitch","2025-01-01"
"c4812","creator_12","Synthetic Item 4812",4872,"article","spotify","2025-01-01"
"c4813","creator_13","Synthetic Item 4813",4873,"short","youtube","2025-01-01"
"c4814","creator_14","Synthetic Item 4814",4874,"podcast","blog","2025-01-01"
"c4815","creator_15","Synthetic Item 4815",4875,"live","instagram","2025-01-01"
"c4816","creator_16","Synthetic Item 4816",4876,"video","tiktok","2025-01-01"
"c4817","creator_17","Synthetic Item 4817",4877,"article","twitch","2025-01-01"
"c4818","creator_18","Synthetic Item 4818",4878,"short","spotify","2025-01-01"
"c4819","creator_19","Synthetic Item 4819",4879,"podcast","youtube","2025-01-01"
"c4820","creator_20","Synthetic Item 4820",4880,"live","blog","2025-01-01"
"c4821","creator_21","Synthetic Item 4821",4881,"video","instagram","2025-01-01"
"c4822","creator_22","Synthetic Item 4822",4882,"article","tiktok","2025-01-01"
"c4823","creator_23","Synthetic Item 4823",4883,"short","twitch","2025-01-01"
"c4824","creator_24","Synthetic Item 4824",4884,"podcast","spotify","2025-01-01"
"c4825","creator_25","Synthetic Item 4825",4885,"live","youtube","2025-01-01"
"c4826","creator_26","Synthetic Item 4826",4886,"video","blog","2025-01-01"
"c4827","creator_27","Synthetic Item 4827",4887,"article","instagram","2025-01-01"
"c4828","creator_28","Synthetic Item 4828",4888,"short","tiktok","2025-01-01"
"c4829","creator_29","Synthetic Item 4829",4889,"podcast","twitch","2025-01-01"
"c4830","creator_30","Synthetic Item 4830",4890,"live","spotify","2025-01-01"
"c4831","creator_31","Synthetic Item 4831",4891,"video","youtube","2025-01-01"
"c4832","creator_32","Synthetic Item 4832",4892,"article","blog","2025-01-01"
"c4833","creator_33","Synthetic Item 4833",4893,"short","instagram","2025-01-01"
"c4834","creator_34","Synthetic Item 4834",4894,"podcast","tiktok","2025-01-01"
"c4835","creator_35","Synthetic Item 4835",4895,"live","twitch","2025-01-01"
"c4836","creator_36","Synthetic Item 4836",4896,"video","spotify","2025-01-01"
"c4837","creator_37","Synthetic Item 4837",4897,"article","youtube","2025-01-01"
"c4838","creator_38","Synthetic Item 4838",4898,"short","blog","2025-01-01"
"c4839","creator_39","Synthetic Item 4839",4899,"podcast","instagram","2025-01-01"
"c4840","creator_40","Synthetic Item 4840",4900,"live","tiktok","2025-01-01"
"c4841","creator_41","Synthetic Item 4841",4901,"video","twitch","2025-01-01"
"c4842","creator_42","Synthetic Item 4842",4902,"article","spotify","2025-01-01"
"c4843","creator_43","Synthetic Item 4843",4903,"short","youtube","2025-01-01"
"c4844","creator_44","Synthetic Item 4844",4904,"podcast","blog","2025-01-01"
"c4845","creator_45","Synthetic Item 4845",4905,"live","instagram","2025-01-01"
"c4846","creator_46","Synthetic Item 4846",4906,"video","tiktok","2025-01-01"
"c4847","creator_47","Synthetic Item 4847",4907,"article","twitch","2025-01-01"
"c4848","creator_48","Synthetic Item 4848",4908,"short","spotify","2025-01-01"
"c4849","creator_49","Synthetic Item 4849",4909,"podcast","youtube","2025-01-01"
"c4850","creator_50","Synthetic Item 4850",4910,"live","blog","2025-01-01"
"c4851","creator_1","Synthetic Item 4851",4911,"video","instagram","2025-01-01"
"c4852","creator_2","Synthetic Item 4852",4912,"article","tiktok","2025-01-01"
"c4853","creator_3","Synthetic Item 4853",4913,"short","twitch","2025-01-01"
"c4854","creator_4","Synthetic Item 4854",4914,"podcast","spotify","2025-01-01"
"c4855","creator_5","Synthetic Item 4855",4915,"live","youtube","2025-01-01"
"c4856","creator_6","Synthetic Item 4856",4916,"video","blog","2025-01-01"
"c4857","creator_7","Synthetic Item 4857",4917,"article","instagram","2025-01-01"
"c4858","creator_8","Synthetic Item 4858",4918,"short","tiktok","2025-01-01"
"c4859","creator_9","Synthetic Item 4859",4919,"podcast","twitch","2025-01-01"
"c4860","creator_10","Synthetic Item 4860",4920,"live","spotify","2025-01-01"
"c4861","creator_11","Synthetic Item 4861",4921,"video","youtube","2025-01-01"
"c4862","creator_12","Synthetic Item 4862",4922,"article","blog","2025-01-01"
"c4863","creator_13","Synthetic Item 4863",4923,"short","instagram","2025-01-01"
"c4864","creator_14","Synthetic Item 4864",4924,"podcast","tiktok","2025-01-01"
"c4865","creator_15","Synthetic Item 4865",4925,"live","twitch","2025-01-01"
"c4866","creator_16","Synthetic Item 4866",4926,"video","spotify","2025-01-01"
"c4867","creator_17","Synthetic Item 4867",4927,"article","youtube","2025-01-01"
"c4868","creator_18","Synthetic Item 4868",4928,"short","blog","2025-01-01"
"c4869","creator_19","Synthetic Item 4869",4929,"podcast","instagram","2025-01-01"
"c4870","creator_20","Synthetic Item 4870",4930,"live","tiktok","2025-01-01"
"c4871","creator_21","Synthetic Item 4871",4931,"video","twitch","2025-01-01"
"c4872","creator_22","Synthetic Item 4872",4932,"article","spotify","2025-01-01"
"c4873","creator_23","Synthetic Item 4873",4933,"short","youtube","2025-01-01"
"c4874","creator_24","Synthetic Item 4874",4934,"podcast","blog","2025-01-01"
"c4875","creator_25","Synthetic Item 4875",4935,"live","instagram","2025-01-01"
"c4876","creator_26","Synthetic Item 4876",4936,"video","tiktok","2025-01-01"
"c4877","creator_27","Synthetic Item 4877",4937,"article","twitch","2025-01-01"
"c4878","creator_28","Synthetic Item 4878",4938,"short","spotify","2025-01-01"
"c4879","creator_29","Synthetic Item 4879",4939,"podcast","youtube","2025-01-01"
"c4880","creator_30","Synthetic Item 4880",4940,"live","blog","2025-01-01"
"c4881","creator_31","Synthetic Item 4881",4941,"video","instagram","2025-01-01"
"c4882","creator_32","Synthetic Item 4882",4942,"article","tiktok","2025-01-01"
"c4883","creator_33","Synthetic Item 4883",4943,"short","twitch","2025-01-01"
"c4884","creator_34","Synthetic Item 4884",4944,"podcast","spotify","2025-01-01"
"c4885","creator_35","Synthetic Item 4885",4945,"live","youtube","2025-01-01"
"c4886","creator_36","Synthetic Item 4886",4946,"video","blog","2025-01-01"
"c4887","creator_37","Synthetic Item 4887",4947,"article","instagram","2025-01-01"
"c4888","creator_38","Synthetic Item 4888",4948,"short","tiktok","2025-01-01"
"c4889","creator_39","Synthetic Item 4889",4949,"podcast","twitch","2025-01-01"
"c4890","creator_40","Synthetic Item 4890",4950,"live","spotify","2025-01-01"
"c4891","creator_41","Synthetic Item 4891",4951,"video","youtube","2025-01-01"
"c4892","creator_42","Synthetic Item 4892",4952,"article","blog","2025-01-01"
"c4893","creator_43","Synthetic Item 4893",4953,"short","instagram","2025-01-01"
"c4894","creator_44","Synthetic Item 4894",4954,"podcast","tiktok","2025-01-01"
"c4895","creator_45","Synthetic Item 4895",4955,"live","twitch","2025-01-01"
"c4896","creator_46","Synthetic Item 4896",4956,"video","spotify","2025-01-01"
"c4897","creator_47","Synthetic Item 4897",4957,"article","youtube","2025-01-01"
"c4898","creator_48","Synthetic Item 4898",4958,"short","blog","2025-01-01"
"c4899","creator_49","Synthetic Item 4899",4959,"podcast","instagram","2025-01-01"
"c4900","creator_50","Synthetic Item 4900",4960,"live","tiktok","2025-01-01"
"c4901","creator_1","Synthetic Item 4901",4961,"video","twitch","2025-01-01"
"c4902","creator_2","Synthetic Item 4902",4962,"article","spotify","2025-01-01"
"c4903","creator_3","Synthetic Item 4903",4963,"short","youtube","2025-01-01"
"c4904","creator_4","Synthetic Item 4904",4964,"podcast","blog","2025-01-01"
"c4905","creator_5","Synthetic Item 4905",4965,"live","instagram","2025-01-01"
"c4906","creator_6","Synthetic Item 4906",4966,"video","tiktok","2025-01-01"
"c4907","creator_7","Synthetic Item 4907",4967,"article","twitch","2025-01-01"
"c4908","creator_8","Synthetic Item 4908",4968,"short","spotify","2025-01-01"
"c4909","creator_9","Synthetic Item 4909",4969,"podcast","youtube","2025-01-01"
"c4910","creator_10","Synthetic Item 4910",4970,"live","blog","2025-01-01"
"c4911","creator_11","Synthetic Item 4911",4971,"video","instagram","2025-01-01"
"c4912","creator_12","Synthetic Item 4912",4972,"article","tiktok","2025-01-01"
"c4913","creator_13","Synthetic Item 4913",4973,"short","twitch","2025-01-01"
"c4914","creator_14","Synthetic Item 4914",4974,"podcast","spotify","2025-01-01"
"c4915","creator_15","Synthetic Item 4915",4975,"live","youtube","2025-01-01"
"c4916","creator_16","Synthetic Item 4916",4976,"video","blog","2025-01-01"
"c4917","creator_17","Synthetic Item 4917",4977,"article","instagram","2025-01-01"
"c4918","creator_18","Synthetic Item 4918",4978,"short","tiktok","2025-01-01"
"c4919","creator_19","Synthetic Item 4919",4979,"podcast","twitch","2025-01-01"
"c4920","creator_20","Synthetic Item 4920",4980,"live","spotify","2025-01-01"
"c4921","creator_21","Synthetic Item 4921",4981,"video","youtube","2025-01-01"
"c4922","creator_22","Synthetic Item 4922",4982,"article","blog","2025-01-01"
"c4923","creator_23","Synthetic Item 4923",4983,"short","instagram","2025-01-01"
"c4924","creator_24","Synthetic Item 4924",4984,"podcast","tiktok","2025-01-01"
"c4925","creator_25","Synthetic Item 4925",4985,"live","twitch","2025-01-01"
"c4926","creator_26","Synthetic Item 4926",4986,"video","spotify","2025-01-01"
"c4927","creator_27","Synthetic Item 4927",4987,"article","youtube","2025-01-01"
"c4928","creator_28","Synthetic Item 4928",4988,"short","blog","2025-01-01"
"c4929","creator_29","Synthetic Item 4929",4989,"podcast","instagram","2025-01-01"
"c4930","creator_30","Synthetic Item 4930",4990,"live","tiktok","2025-01-01"
"c4931","creator_31","Synthetic Item 4931",4991,"video","twitch","2025-01-01"
"c4932","creator_32","Synthetic Item 4932",4992,"article","spotify","2025-01-01"
"c4933","creator_33","Synthetic Item 4933",4993,"short","youtube","2025-01-01"
"c4934","creator_34","Synthetic Item 4934",4994,"podcast","blog","2025-01-01"
"c4935","creator_35","Synthetic Item 4935",4995,"live","instagram","2025-01-01"
"c4936","creator_36","Synthetic Item 4936",4996,"video","tiktok","2025-01-01"
"c4937","creator_37","Synthetic Item 4937",4997,"article","twitch","2025-01-01"
"c4938","creator_38","Synthetic Item 4938",4998,"short","spotify","2025-01-01"
"c4939","creator_39","Synthetic Item 4939",4999,"podcast","youtube","2025-01-01"
"c4940","creator_40","Synthetic Item 4940",5000,"live","blog","2025-01-01"
"c4941","creator_41","Synthetic Item 4941",5001,"video","instagram","2025-01-01"
"c4942","creator_42","Synthetic Item 4942",5002,"article","tiktok","2025-01-01"
"c4943","creator_43","Synthetic Item 4943",5003,"short","twitch","2025-01-01"
"c4944","creator_44","Synthetic Item 4944",5004,"podcast","spotify","2025-01-01"
"c4945","creator_45","Synthetic Item 4945",5005,"live","youtube","2025-01-01"
"c4946","creator_46","Synthetic Item 4946",5006,"video","blog","2025-01-01"
"c4947","creator_47","Synthetic Item 4947",5007,"article","instagram","2025-01-01"
"c4948","creator_48","Synthetic Item 4948",5008,"short","tiktok","2025-01-01"
"c4949","creator_49","Synthetic Item 4949",5009,"podcast","twitch","2025-01-01"
"c4950","creator_50","Synthetic Item 4950",5010,"live","spotify","2025-01-01"
"c4951","creator_1","Synthetic Item 4951",5011,"video","youtube","2025-01-01"
"c4952","creator_2","Synthetic Item 4952",5012,"article","blog","2025-01-01"
"c4953","creator_3","Synthetic Item 4953",5013,"short","instagram","2025-01-01"
"c4954","creator_4","Synthetic Item 4954",5014,"podcast","tiktok","2025-01-01"
"c4955","creator_5","Synthetic Item 4955",5015,"live","twitch","2025-01-01"
"c4956","creator_6","Synthetic Item 4956",5016,"video","spotify","2025-01-01"
"c4957","creator_7","Synthetic Item 4957",5017,"article","youtube","2025-01-01"
"c4958","creator_8","Synthetic Item 4958",5018,"short","blog","2025-01-01"
"c4959","creator_9","Synthetic Item 4959",5019,"podcast","instagram","2025-01-01"
"c4960","creator_10","Synthetic Item 4960",5020,"live","tiktok","2025-01-01"
"c4961","creator_11","Synthetic Item 4961",5021,"video","twitch","2025-01-01"
"c4962","creator_12","Synthetic Item 4962",5022,"article","spotify","2025-01-01"
"c4963","creator_13","Synthetic Item 4963",5023,"short","youtube","2025-01-01"
"c4964","creator_14","Synthetic Item 4964",5024,"podcast","blog","2025-01-01"
"c4965","creator_15","Synthetic Item 4965",5025,"live","instagram","2025-01-01"
"c4966","creator_16","Synthetic Item 4966",5026,"video","tiktok","2025-01-01"
"c4967","creator_17","Synthetic Item 4967",5027,"article","twitch","2025-01-01"
"c4968","creator_18","Synthetic Item 4968",5028,"short","spotify","2025-01-01"
"c4969","creator_19","Synthetic Item 4969",5029,"podcast","youtube","2025-01-01"
"c4970","creator_20","Synthetic Item 4970",5030,"live","blog","2025-01-01"
"c4971","creator_21","Synthetic Item 4971",5031,"video","instagram","2025-01-01"
"c4972","creator_22","Synthetic Item 4972",5032,"article","tiktok","2025-01-01"
"c4973","creator_23","Synthetic Item 4973",5033,"short","twitch","2025-01-01"
"c4974","creator_24","Synthetic Item 4974",5034,"podcast","spotify","2025-01-01"
"c4975","creator_25","Synthetic Item 4975",5035,"live","youtube","2025-01-01"
"c4976","creator_26","Synthetic Item 4976",5036,"video","blog","2025-01-01"
"c4977","creator_27","Synthetic Item 4977",5037,"article","instagram","2025-01-01"
"c4978","creator_28","Synthetic Item 4978",5038,"short","tiktok","2025-01-01"
"c4979","creator_29","Synthetic Item 4979",5039,"podcast","twitch","2025-01-01"
"c4980","creator_30","Synthetic Item 4980",5040,"live","spotify","2025-01-01"
"c4981","creator_31","Synthetic Item 4981",5041,"video","youtube","2025-01-01"
"c4982","creator_32","Synthetic Item 4982",5042,"article","blog","2025-01-01"
"c4983","creator_33","Synthetic Item 4983",5043,"short","instagram","2025-01-01"
"c4984","creator_34","Synthetic Item 4984",5044,"podcast","tiktok","2025-01-01"
"c4985","creator_35","Synthetic Item 4985",5045,"live","twitch","2025-01-01"
"c4986","creator_36","Synthetic Item 4986",5046,"video","spotify","2025-01-01"
"c4987","creator_37","Synthetic Item 4987",5047,"article","youtube","2025-01-01"
"c4988","creator_38","Synthetic Item 4988",5048,"short","blog","2025-01-01"
"c4989","creator_39","Synthetic Item 4989",5049,"podcast","instagram","2025-01-01"
"c4990","creator_40","Synthetic Item 4990",5050,"live","tiktok","2025-01-01"
"c4991","creator_41","Synthetic Item 4991",5051,"video","twitch","2025-01-01"
"c4992","creator_42","Synthetic Item 4992",5052,"article","spotify","2025-01-01"
"c4993","creator_43","Synthetic Item 4993",5053,"short","youtube","2025-01-01"
"c4994","creator_44","Synthetic Item 4994",5054,"podcast","blog","2025-01-01"
"c4995","creator_45","Synthetic Item 4995",5055,"live","instagram","2025-01-01"
"c4996","creator_46","Synthetic Item 4996",5056,"video","tiktok","2025-01-01"
"c4997","creator_47","Synthetic Item 4997",5057,"article","twitch","2025-01-01"
"c4998","creator_48","Synthetic Item 4998",5058,"short","spotify","2025-01-01"
"c4999","creator_49","Synthetic Item 4999",5059,"podcast","youtube","2025-01-01"
"c5000","creator_50","Synthetic Item 5000",5060,"live","blog","2025-01-01"
